TradDt,BizDt,Sgmt,Src,FinInstrmTp,FinInstrmId,ISIN,TckrSymb,SctySrs,XpryDt,FininstrmActlXpryDt,StrkPric,OptnTp,FinInstrmNm,OpnPric,HghPric,LwPric,ClsPric,LastPric,PrvsClsgPric,UndrlygPric,SttlmPric,OpnIntrst,ChngInOpnIntrst,TtlTradgVol,TtlTrfVal,TtlNbOfTxsExctd,SsnId,NewBrdLotQty,Rmks,Rsvd1,Rsvd2,Rsvd3,Rsvd4
10-07-2026,10-07-2026,CM,BSE,STK,500002,INE117A01022,ABB,A,,,,,ABB INDIA LIMITED,6821.2,6910.55,6813.25,6833.55,6833.55,6820.25,,6836,,,5129,35197425,1099,F1,1,,,,,
10-07-2026,10-07-2026,CM,BSE,STK,500003,INE208C01025,AEGISLOG,A,,,,,AEGIS LOGISTICS LTD.,1295.95,1296,1225.5,1252.35,1252.35,1265.7,,1246.7,,,195167,247418699,12552,F1,1,,,,,
10-07-2026,10-07-2026,CM,BSE,STK,500008,INE885A01032,ARE&M,A,,,,,Amara Raja Energy & Mobility L,882.3,896.9,867.9,887.7,888.5,869.45,,889.9,,,94631,83570783,2744,F1,1,,,,,
10-07-2026,10-07-2026,CM,BSE,STK,500009,INE432A01017,AMBALALSA,B,,,,,AMBALAL SARABHAI ENTERPRISES L,31.72,31.73,30,30.82,30.88,31.1,,30.93,,,61967,1914765,494,F1,1,,,,,
10-07-2026,10-07-2026,CM,BSE,STK,500012,INE714B01016,ANDHRAPET,X,,,,,ANDHRA PETROCHEMICALS LTD.,49.88,50.69,47.26,49.17,49.03,48.89,,49.17,,,137106,6743698,1030,F1,1,,,,,
10-07-2026,10-07-2026,CM,BSE,STK,500014,INE096A01010,UTIQUE,X,,,,,UTIQUE ENTERPRISES LIMITED,3.8,4.08,3.8,3.92,3.92,3.82,,3.92,,,2817,10996,50,F1,1,,,,,
10-07-2026,10-07-2026,CM,BSE,STK,500016,INE957C01019,ARUNAHTEL,X,,,,,ARUNA HOTELS LTD.,7.64,7.64,7.28,7.59,7.29,7.49,,7.59,,,2587,19484,31,F1,1,,,,,
10-07-2026,10-07-2026,CM,BSE,STK,500020,INE032A01023,BOMDYEING,A,,,,,BOMBAY DYEING & MFG.CO.LTD.,125.7,129,125.7,127.8,127.8,126.15,,127.76,,,42064,5382561,489,F1,1,,,,,
10-07-2026,10-07-2026,CM,BSE,STK,500023,INE363A01022,ASIANHOTNR,B,,,,,ASIAN HOTELS (NORTH) LIMITED,322.7,323.5,314.65,315.75,315.75,320.75,,316.25,,,201,64702,20,F1,1,,,,,
10-07-2026,10-07-2026,CM,BSE,STK,500027,INE100A01010,ATUL,A,,,,,ATUL LTD.,6234,6325,6170.75,6237.25,6325,6184.1,,6236,,,2352,14677749,625,F1,1,,,,,
10-07-2026,10-07-2026,CM,BSE,STK,500028,INE447A01015,ATVPR,X,,,,,ATV PROJECTS INDIA LTD.,26,27.2,25.4,25.69,25.69,25.81,,25.69,,,24141,623978,202,F1,1,,,,,
10-07-2026,10-07-2026,CM,BSE,STK,500031,INE193E01025,BAJAJELEC,A,,,,,BAJAJ ELECTRICALS LTD.,327.45,332.8,327.15,331.45,332,326.45,,331.1,,,5742,1889099,191,F1,1,,,,,
10-07-2026,10-07-2026,CM,BSE,STK,500032,INE306A01021,BAJAJHIND,A,,,,,BAJAJ HINDUSTHAN SUGAR LIMITED,17.27,17.55,17.27,17.35,17.34,17.26,,17.35,,,298535,5199934,1012,F1,1,,,,,
10-07-2026,10-07-2026,CM,BSE,STK,500033,INE451A01017,FORCEMOT,A,,,,,FORCE MOTORS LTD.,18443.75,18443.75,18110,18151.4,18151.4,18165.8,,18169,,,3387,61795097,836,F1,1,,,,,
10-07-2026,10-07-2026,CM,BSE,STK,500034,INE296A01032,BAJFINANCE,A,,,,,BAJAJ FINANCE LIMITED,1013.95,1023.6,1004.3,1020.45,1020.3,1003.3,,1020.5,,,809472,821115860,21852,F1,1,,,,,
10-07-2026,10-07-2026,CM,BSE,STK,500038,INE119A01028,BALRAMCHIN,A,,,,,BALRAMPUR CHINI MILLS LTD.,567.35,569.7,560.1,566.35,565.2,567.95,,566.85,,,24645,13914418,728,F1,1,,,,,
10-07-2026,10-07-2026,CM,BSE,STK,500039,INE213C01025,BANCOINDIA,A,,,,,BANCO PRODUCTS (INDIA) LTD.,673.1,691.85,673.1,681.95,681,672.75,,681.85,,,7075,4827099,358,F1,1,,,,,
10-07-2026,10-07-2026,CM,BSE,STK,500040,INE055A01016,ABREL,A,,,,,ADITYA BIRLA REAL ESTATE LIMIT,1415,1451,1404.95,1443.55,1445,1404.75,,1446.7,,,17593,25248256,1262,F1,1,,,,,
10-07-2026,10-07-2026,CM,BSE,STK,500042,INE373A01013,BASF,A,,,,,BASF INDIA LTD.,3494.95,3558,3494.95,3545.4,3548,3479.8,,3543.9,,,768,2708756,194,F1,1,,,,,
10-07-2026,10-07-2026,CM,BSE,STK,500043,INE176A01028,BATAINDIA,A,,,,,BATA INDIA LTD.,683.05,710,678.1,691.55,693,672.8,,690.75,,,61991,43151905,2397,F1,1,,,,,
10-07-2026,10-07-2026,CM,BSE,STK,500048,INE258A01024,BEML,A,,,,,BEML LTD.,1825,1866,1823.2,1861.35,1864,1813.6,,1862.6,,,17585,32344000,925,F1,1,,,,,
10-07-2026,10-07-2026,CM,BSE,STK,500049,INE263A01024,BEL,A,,,,,BHARAT ELECTRONICS LTD.,408,415.45,408,414.9,414.85,406.05,,414.85,,,515730,212956618,5218,F1,1,,,,,
10-07-2026,10-07-2026,CM,BSE,STK,500051,INE099C01010,BHAGGAS,XT,,,,,BHAGAWATI GAS LIMITED,10.23,10.23,10.23,10.23,10.23,10.03,,10.23,,,5178,52970,22,F1,1,,,,,
10-07-2026,10-07-2026,CM,BSE,STK,500052,INE922A01025,BEPL,B,,,,,BHANSALI ENGINEERING POLYMERS,102.47,106,102.36,103.09,103,101.04,,103.14,,,42061,4374861,735,F1,1,,,,,
10-07-2026,10-07-2026,CM,BSE,STK,500058,INE819C01011,BIHSPONG,X,,,,,BIHAR SPONGE IRON LTD.,12.9,12.9,12.11,12.67,12.78,12.39,,12.67,,,8879,110417,88,F1,1,,,,,
10-07-2026,10-07-2026,CM,BSE,STK,500059,INE071A01013,BILVYAPAR,T,,,,,BIL VYAPAR LIMITED,4.38,4.4,4.22,4.24,4.24,4.2,,4.19,,,5695,24916,19,F1,1,,,,,
10-07-2026,10-07-2026,CM,BSE,STK,500060,INE800A01015,BIRLACABLE,T,,,,,Birla Cable Limited,193,194.8,185.8,190.2,190.2,185.55,,189.5,,,7998,1542030,131,F1,1,,,,,
10-07-2026,10-07-2026,CM,BSE,STK,500067,INE472A01039,BLUESTARCO,A,,,,,BLUE STAR LTD.,1624.35,1666,1619.1,1661.3,1666,1614.4,,1662,,,12613,20697636,1446,F1,1,,,,,
10-07-2026,10-07-2026,CM,BSE,STK,500068,INE131C01011,DISAQ,B,,,,,DISA INDIA LTD.,12200,12281.55,12200,12281,12281,11839.1,,12327,,,11,134462,11,F1,1,,,,,
10-07-2026,10-07-2026,CM,BSE,STK,500069,INE418C01012,QUESTCAP,X,,,,,QUEST CAPITAL MARKETS LIMITED,277.5,284.5,276,276,276,276.4,,276,,,704,194912,59,F1,1,,,,,
10-07-2026,10-07-2026,CM,BSE,STK,500074,INE110A01019,BPL,B,,,,,BPL LTD.,59.9,59.9,57.48,58.13,58,59.23,,58.1,,,13613,792690,410,F1,1,,,,,
10-07-2026,10-07-2026,CM,BSE,STK,500078,INE959C01023,OAL,B,,,,,ORIENTAL AROMATICS LIMITED,347,349.95,339.15,346.5,346.6,348.15,,345.2,,,778,269654,49,F1,1,,,,,
10-07-2026,10-07-2026,CM,BSE,STK,500083,INE281A01026,CENTEXT,B,,,,,CENTURY EXTRUSIONS LTD.,18.82,19.13,18.8,18.92,18.9,18.82,,18.89,,,2193,41398,52,F1,1,,,,,
10-07-2026,10-07-2026,CM,BSE,STK,500084,INE486A01021,CESC,A,,,,,CESC LTD.,164.35,166.8,163.7,164,164,162.8,,163.93,,,68291,11246435,1363,F1,1,,,,,
10-07-2026,10-07-2026,CM,BSE,STK,500085,INE085A01013,CHAMBLFERT,A,,,,,CHAMBAL FERTILISERS & CHEMICAL,458.9,459,453,453.55,454,453.95,,453.75,,,40713,18512491,2080,F1,1,,,,,
10-07-2026,10-07-2026,CM,BSE,STK,500086,INE302A01020,EXIDEIND,A,,,,,EXIDE INDUSTRIES LTD.,429.8,431,422.1,424.5,424.5,424.95,,424.4,,,193328,82448225,3859,F1,1,,,,,
10-07-2026,10-07-2026,CM,BSE,STK,500087,INE059A01026,CIPLA,A,,,,,CIPLA LTD.,1432.25,1454.6,1432.25,1438.75,1438.75,1441.7,,1439.4,,,27014,39006254,3118,F1,1,,,,,
10-07-2026,10-07-2026,CM,BSE,STK,500089,INE303A01010,DICIND,B,,,,,DIC INDIA LTD.,522.85,581,522.85,547.7,547.7,511,,522.6,,,210,121468,6,F1,1,,,,,
10-07-2026,10-07-2026,CM,BSE,STK,500092,INE007A01025,CRISIL,A,,,,,CRISIL LTD.,4124.9,4209.85,4051.75,4093.85,4083,4053.85,,4097.4,,,4330,17953734,890,F1,1,,,,,
10-07-2026,10-07-2026,CM,BSE,STK,500093,INE067A01029,CGPOWER,A,,,,,CG Power and Industrial Soluti,918.8,923.5,913.8,916.6,916,910.5,,916.6,,,134314,123376695,6085,F1,1,,,,,
10-07-2026,10-07-2026,CM,BSE,STK,500096,INE016A01026,DABUR,A,,,,,DABUR INDIA LTD.,444,447,441,443.45,443.45,443.25,,443.5,,,65410,29019154,1806,F1,1,,,,,
10-07-2026,10-07-2026,CM,BSE,STK,500097,INE495A01022,DALMIASUG,B,,,,,DALMIA BHARAT SUGAR AND INDUST,362.05,362.5,355.85,356.45,358,359.75,,356.95,,,6588,2371557,173,F1,1,,,,,
10-07-2026,10-07-2026,CM,BSE,STK,500101,INE034A01011,ARVIND,A,,,,,ARVIND LTD.,542.65,542.65,525,526.1,526.1,532.15,,526.7,,,17769,9440993,763,F1,1,,,,,
10-07-2026,10-07-2026,CM,BSE,STK,500103,INE257A01026,BHEL,A,,,,,BHARAT HEAVY ELECTRICALS LTD.,389.25,395.8,386.75,395.3,395.3,381.55,,395.25,,,498912,195769543,6018,F1,1,,,,,
10-07-2026,10-07-2026,CM,BSE,STK,500104,INE094A01015,HINDPETRO,A,,,,,HINDUSTAN PETROLEUM CORPORATIO,395.45,398.8,394.5,395.35,395.35,392.2,,395.3,,,236035,93635527,3128,F1,1,,,,,
10-07-2026,10-07-2026,CM,BSE,STK,500106,INE039A01010,IFCI,A,,,,,IFCI LTD.,78.33,79.64,77.2,77.44,77.44,76.73,,77.46,,,3088378,241513009,10148,F1,1,,,,,
10-07-2026,10-07-2026,CM,BSE,STK,500108,INE153A01019,MTNL,B,,,,,MAHANAGAR TELEPHONE NIGAM LTD.,28.94,29.67,28.94,29.29,29.27,28.91,,29.27,,,42716,1251081,322,F1,1,,,,,
10-07-2026,10-07-2026,CM,BSE,STK,500109,INE103A01014,MRPL,A,,,,,MANGALORE REFINERY & PETROCHEM,150.05,163.1,150.05,162.45,162.45,149.65,,162.49,,,1689770,269242569,10926,F1,1,,,,,
10-07-2026,10-07-2026,CM,BSE,STK,500110,INE178A01016,CHENNPETRO,A,,,,,CHENNAI PETROLEUM CORPORATION,1134.15,1187,1134,1181.8,1181.8,1121.95,,1180.8,,,178362,208505492,6877,F1,1,,,,,
10-07-2026,10-07-2026,CM,BSE,STK,500112,INE062A01020,SBIN,A,,,,,STATE BANK OF INDIA,1028.95,1047.85,1023.85,1036.15,1036.15,1021.65,,1036,,,401237,415002704,10140,F1,1,,,,,
10-07-2026,10-07-2026,CM,BSE,STK,500113,INE114A01011,SAIL,A,,,,,STEEL AUTHORITY OF INDIA LTD.,168.3,172.35,167.15,168.05,168.05,165.85,,167.95,,,482573,81861682,3507,F1,1,,,,,
10-07-2026,10-07-2026,CM,BSE,STK,500114,INE280A01028,TITAN,A,,,,,TITAN COMPANY LIMITED,4588,4602,4564.85,4586.1,4574.5,4555.45,,4584.4,,,15078,69143340,2102,F1,1,,,,,
10-07-2026,10-07-2026,CM,BSE,STK,500116,INE008A01015,IDBI,A,,,,,IDBI BANK LTD.,82.96,84,82.21,82.9,82.94,82.36,,82.89,,,758541,62997882,2689,F1,1,,,,,
10-07-2026,10-07-2026,CM,BSE,STK,500117,INE500A01029,DCW,B,,,,,DCW LTD.,48.93,49.72,48.85,49.02,49.13,48.35,,49,,,50360,2480364,210,F1,1,,,,,
10-07-2026,10-07-2026,CM,BSE,STK,500119,INE041A01016,DHAMPURSUG,B,,,,,DHAMPUR SUGAR MILLS LTD.,143.75,143.95,142.8,143.35,143.5,142.15,,143.3,,,7226,1035792,205,F1,1,,,,,
10-07-2026,10-07-2026,CM,BSE,STK,500120,INE591D01014,DIAMINESQ,B,,,,,DIAMINES & CHEMICALS LTD.,268,270.95,266.4,269.5,269.5,267.05,,269.75,,,389,104179,84,F1,1,,,,,
10-07-2026,10-07-2026,CM,BSE,STK,500123,INE280B01018,ELANTAS,B,,,,,ELANTAS BECK INDIA LTD.,9875,9875,9502.4,9549.05,9621.7,9778.2,,9604,,,90,866818,45,F1,1,,,,,
10-07-2026,10-07-2026,CM,BSE,STK,500124,INE089A01031,DRREDDY,A,,,,,DR.REDDYS LABORATORIES LTD.,1254.95,1254.95,1222,1245.5,1245.5,1269.8,,1244.3,,,399100,495537587,15723,F1,1,,,,,
10-07-2026,10-07-2026,CM,BSE,STK,500125,INE126A01031,EIDPARRY,A,,,,,E.I.D.-PARRY (INDIA) LTD.,751.6,760.6,749.45,758.15,758.15,748.45,,758.65,,,15596,11772590,910,F1,1,,,,,
10-07-2026,10-07-2026,CM,BSE,STK,500126,INE199A01012,PGHL,A,,,,,PROCTER & GAMBLE HEALTH LIMITE,6610,6940,6585.65,6831.95,6810,6622,,6839,,,1915,13014772,595,F1,1,,,,,
10-07-2026,10-07-2026,CM,BSE,STK,500128,INE086A01029,ELECTCAST,A,,,,,ELECTROSTEEL CASTINGS LTD.,76.63,77.64,76.29,77.38,77.54,75.4,,77.27,,,65918,5071690,524,F1,1,,,,,
10-07-2026,10-07-2026,CM,BSE,STK,500133,INE284A01012,ESABINDIA,A,,,,,ESAB INDIA LTD.,5668,5793.9,5668,5761.45,5729,5660.4,,5746.5,,,287,1642962,53,F1,1,,,,,
10-07-2026,10-07-2026,CM,BSE,STK,500135,INE255A01020,EPL,A,,,,,EPL LIMITED,242.05,242.05,236.8,237.5,237.45,239.45,,237.56,,,9602,2292861,224,F1,1,,,,,
10-07-2026,10-07-2026,CM,BSE,STK,500136,INE778B01029,ESTER,B,,,,,ESTER INDUSTRIES LTD.,88.25,91.74,88.25,90.75,90.75,89.58,,90.55,,,4502,409203,92,F1,1,,,,,
10-07-2026,10-07-2026,CM,BSE,STK,500142,INE512A01016,FGP,X,,,,,FGP LTD.,11.35,11.9,11.01,11.69,11.9,11.36,,11.69,,,2652,30261,31,F1,1,,,,,
10-07-2026,10-07-2026,CM,BSE,STK,500143,INE160F01013,PHCAP,XT,,,,,PH CAPITAL LTD.,969.95,989.95,966,970,970,957.05,,970,,,2364,2295135,34,F1,1,,,,,
10-07-2026,10-07-2026,CM,BSE,STK,500144,INE235A01022,FINCABLES,A,,,,,FINOLEX CABLES LTD.,1047.2,1063.2,1046.3,1054.75,1058,1046.9,,1054.5,,,13056,13756726,833,F1,1,,,,,
10-07-2026,10-07-2026,CM,BSE,STK,500147,INE515A01019,COCKERILL,B,,,,,JOHN COCKERILL INDIA LIMITED,9544,9842.5,9457.1,9518.4,9518.4,9337.2,,9545,,,3379,32655549,1062,F1,1,,,,,
10-07-2026,10-07-2026,CM,BSE,STK,500148,INE516A01017,UFLEX,B,,,,,UFLEX LTD.,433.35,458,433.35,450.3,450.1,434.55,,451.1,,,11126,4992214,481,F1,1,,,,,
10-07-2026,10-07-2026,CM,BSE,STK,500150,INE519A01011,FOSECOIND,B,,,,,FOSECO INDIA LTD.,5169,5239.9,5169,5220.75,5234,5200,,5230.5,,,39,203597,25,F1,1,,,,,
10-07-2026,10-07-2026,CM,BSE,STK,500151,INE973A01010,GOLDENTOBC,Z,,,,,GOLDEN TOBACCO LTD.,24.5,26.74,24.5,26.74,26.74,25.5,,25.97,,,595,14873,8,F1,1,,,,,
10-07-2026,10-07-2026,CM,BSE,STK,500153,INE388A01029,GANESHBE,B,,,,,GANESH BENZOPLAST LTD.,98.3,98.75,96.55,97.15,97.25,96.5,,96.95,,,8309,811176,203,F1,1,,,,,
10-07-2026,10-07-2026,CM,BSE,STK,500159,INE085D01033,METROGLOBL,B,,,,,METROGLOBAL LIMITED,138.8,138.8,134,134.1,134.1,132.65,,133.9,,,1363,185174,29,F1,1,,,,,
10-07-2026,10-07-2026,CM,BSE,STK,500160,INE043A01012,GTL,B,,,,,GTL LTD.,7.44,7.6,7.31,7.36,7.39,7.29,,7.36,,,58324,433313,201,F1,1,,,,,
10-07-2026,10-07-2026,CM,BSE,STK,500163,INE260B01028,GODFRYPHLP,A,,,,,GODFREY PHILLIPS INDIA LTD.,2108.3,2130,2100,2113.6,2113.6,2103.65,,2115.2,,,20201,42786212,1408,F1,1,,,,,
10-07-2026,10-07-2026,CM,BSE,STK,500164,INE233A01035,GODREJIND,A,,,,,GODREJ INDUSTRIES LTD.,1219,1443.65,1219,1418.7,1418.7,1216.75,,1417.7,,,126184,173708149,5068,F1,1,,,,,
10-07-2026,10-07-2026,CM,BSE,STK,500165,INE531A01024,KANSAINER,A,,,,,KANSAI NEROLAC PAINTS LTD.,201,204.85,201,202.55,202.25,200.7,,202.64,,,11563,2354582,380,F1,1,,,,,
10-07-2026,10-07-2026,CM,BSE,STK,500166,INE300A01016,GOODRICKE,X,,,,,GOODRICKE GROUP LTD.,185,185,180.4,180.8,180.8,182,,180.8,,,4623,841947,67,F1,1,,,,,
10-07-2026,10-07-2026,CM,BSE,STK,500168,INE533A01012,GOODYEAR,B,,,,,GOODYEAR INDIA LTD.,755.2,789,755.2,787.5,787.5,770.8,,780.5,,,1419,1110648,170,F1,1,,,,,
10-07-2026,10-07-2026,CM,BSE,STK,500170,INE537A01013,GTNINDS,X,,,,,GTN INDUSTRIES LTD.,22.21,22.73,21.06,21.94,21.94,22,,21.94,,,1835,40177,25,F1,1,,,,,
10-07-2026,10-07-2026,CM,BSE,STK,500171,INE539A01019,GHCL,A,,,,,GHCL LTD.,430.3,438.2,430.1,436.25,436,428.05,,436.05,,,3757,1629364,140,F1,1,,,,,
10-07-2026,10-07-2026,CM,BSE,STK,500173,INE538A01037,GFLLIMITED,B,,,,,GFL LIMITED,46.73,46.75,45.02,46.16,46.16,45.39,,45.8,,,1882,86354,34,F1,1,,,,,
10-07-2026,10-07-2026,CM,BSE,STK,500179,INE236A01020,HCL-INSYS,B,,,,,HCL INFOSYSTEMS LTD.,11.84,12.17,11.83,11.87,11.87,11.83,,11.89,,,26204,312326,195,F1,1,,,,,
10-07-2026,10-07-2026,CM,BSE,STK,500180,INE040A01034,HDFCBANK,A,,,,,HDFC BANK LTD.,822.1,827.6,820.4,824.25,824.25,817.7,,824.95,,,856373,705990457,17424,F1,1,,,,,
10-07-2026,10-07-2026,CM,BSE,STK,500182,INE158A01026,HEROMOTOCO,A,,,,,HERO MOTOCORP LTD.,4920,4969.15,4890,4948.35,4941,4898.3,,4949.1,,,19268,95024815,2393,F1,1,,,,,
10-07-2026,10-07-2026,CM,BSE,STK,500183,INE548A01028,HFCL,A,,,,,HFCL LIMITED,219.05,222.75,214.65,217.4,217.4,215.2,,217.26,,,988154,215804423,8447,F1,1,,,,,
10-07-2026,10-07-2026,CM,BSE,STK,500184,INE019C01026,HSCL,A,,,,,Himadri Speciality Chemical Lt,657.35,665.1,655,660.2,660.2,649.9,,660.45,,,100646,66531310,1655,F1,1,,,,,
10-07-2026,10-07-2026,CM,BSE,STK,500185,INE549A01026,HCC,A,,,,,HINDUSTAN CONSTRUCTION CO.LTD.,23.59,24.32,23.54,23.9,23.9,23.41,,23.89,,,891254,21323019,1760,F1,1,,,,,
10-07-2026,10-07-2026,CM,BSE,STK,500186,INE345A01011,HINDOILEXP,B,,,,,HINDUSTAN OIL EXPLORATION CO.L,154.15,155.05,152.6,153.8,153.45,153.65,,153.7,,,36898,5661379,498,F1,1,,,,,
10-07-2026,10-07-2026,CM,BSE,STK,500187,INE415A01038,AGI,A,,,,,AGI GREENPAC LIMITED,710,721.3,705.05,712.8,713.45,710.25,,713.5,,,6444,4592278,358,F1,1,,,,,
10-07-2026,10-07-2026,CM,BSE,STK,500188,INE267A01025,HINDZINC,A,,,,,HINDUSTAN ZINC LTD.,538.15,544,535.2,536.7,536.7,528.4,,536.95,,,131035,70621553,3651,F1,1,,,,,
10-07-2026,10-07-2026,CM,BSE,STK,500189,INE353A01023,NDLVENTURE,B,,,,,NDL Ventures Limited,130.6,134,130.6,134,134,130,,132.02,,,60,7929,6,F1,1,,,,,
10-07-2026,10-07-2026,CM,BSE,STK,500191,INE262A01018,HMT,Z,,,,,HMT LTD.,65.27,66,65.01,65.01,65.01,64.37,,64.62,,,296,19432,12,F1,1,,,,,
10-07-2026,10-07-2026,CM,BSE,STK,500192,INE962B01011,PRAGBOS,X,,,,,PRAG BOSIMI SYNTHETICS LTD.,1.7,1.9,1.67,1.83,1.9,1.72,,1.83,,,8299,14639,49,F1,1,,,,,
10-07-2026,10-07-2026,CM,BSE,STK,500193,INE102A01024,HLVLTD,B,,,,,HLV LIMITED,7.5,7.78,7.5,7.57,7.57,7.7,,7.58,,,20707,157296,134,F1,1,,,,,
10-07-2026,10-07-2026,CM,BSE,STK,500199,INE204A01010,IGPL,B,,,,,I G PETROCHEMICALS LTD.,423.2,434,423.2,432,431.5,423.9,,432.15,,,589,253989,94,F1,1,,,,,
10-07-2026,10-07-2026,CM,BSE,STK,500201,INE560A01023,INDIAGLYCO,B,,,,,INDIA GLYCOLS LTD.,1042.9,1076.05,1041.25,1067.25,1069.35,1045.4,,1067.75,,,7886,8359989,586,F1,1,,,,,
10-07-2026,10-07-2026,CM,BSE,STK,500202,INE333C01013,INDLEASE,X,,,,,INDIA LEASE DEVELOPMENT LTD.,8.5,8.5,8.13,8.15,8.13,8.55,,8.15,,,521,4273,7,F1,1,,,,,
10-07-2026,10-07-2026,CM,BSE,STK,500206,INE680B01019,MARGOFIN,X,,,,,MARGO FINANCE LIMITED,65,69,62,63.51,64.99,64.78,,63.51,,,2959,188542,33,F1,1,,,,,
10-07-2026,10-07-2026,CM,BSE,STK,500207,INE156A01020,INDORAMA,B,,,,,INDO RAMA SYNTHETICS (INDIA) L,46.2,48.91,46.2,48.11,47.76,46.1,,48.07,,,25955,1248123,473,F1,1,,,,,
10-07-2026,10-07-2026,CM,BSE,STK,500209,INE009A01021,INFY,A,,,,,INFOSYS LTD.,1083.3,1091,1065,1068.05,1068.05,1050.05,,1068,,,513240,550677801,20151,F1,1,,,,,
10-07-2026,10-07-2026,CM,BSE,STK,500210,INE177A01018,INGERRAND,A,,,,,INGERSOLL-RAND (INDIA) LTD.,4390.2,4504,4387,4455.5,4448,4363.55,,4452.1,,,478,2125763,105,F1,1,,,,,
10-07-2026,10-07-2026,CM,BSE,STK,500213,INE262B01016,ITHL,X,,,,,INTERNATIONAL TRAVEL HOUSE LTD,321.25,345,321.25,330.9,330.9,319.7,,330.9,,,9025,2985763,347,F1,1,,,,,
10-07-2026,10-07-2026,CM,BSE,STK,500214,INE570A01022,IONEXCHANG,A,,,,,ION EXCHANGE (INDIA) LTD.,410.2,479,405,469,469,402.15,,468.35,,,923120,423307934,12637,F1,1,,,,,
10-07-2026,10-07-2026,CM,BSE,STK,500215,INE209A01019,SUNDROP,B,,,,,SUNDROP BRANDS LIMITED,639.95,642,623.25,627.4,625.1,647.85,,626.35,,,1273,798736,91,F1,1,,,,,
10-07-2026,10-07-2026,CM,BSE,STK,500219,INE175A01038,JISLJALEQS,A,,,,,JAIN IRRIGATION SYSTEMS LTD.,32.45,32.66,31.9,32.05,32.05,31.95,,32.03,,,145148,4679658,420,F1,1,,,,,
10-07-2026,10-07-2026,CM,BSE,STK,500220,INE711C01028,JASCH,XT,,,,,JASCH INDUSTRIES LTD.,270,280,270,278.35,275,270,,278.35,,,6299,1754870,56,F1,1,,,,,
10-07-2026,10-07-2026,CM,BSE,STK,500227,INE197D01010,JINDALPOLY,B,,,,,JINDAL POLY FILMS LTD.,712.05,718.1,700,718.1,718.1,683.95,,718.3,,,757,540012,27,F1,1,,,,,
10-07-2026,10-07-2026,CM,BSE,STK,500228,INE019A01038,JSWSTEEL,A,,,,,JSW STEEL LTD.,1232.9,1259.1,1232.85,1245.55,1245.3,1224.4,,1245.4,,,36661,45853379,2003,F1,1,,,,,
10-07-2026,10-07-2026,CM,BSE,STK,500233,INE217B01036,KAJARIACER,A,,,,,KAJARIA CERAMICS LTD.,1211.25,1222.45,1211.25,1218.6,1218,1214.6,,1218,,,66576,81092229,289,F1,1,,,,,
10-07-2026,10-07-2026,CM,BSE,STK,500235,INE907A01026,KSL,B,,,,,KALYANI STEELS LTD.,950,965,933.15,957.3,957.3,931.85,,959.15,,,8733,8278187,483,F1,1,,,,,
10-07-2026,10-07-2026,CM,BSE,STK,500238,INE716A01013,WHIRLPOOL,A,,,,,WHIRLPOOL OF INDIA LTD.,796,802.8,794,795.15,795.95,792.5,,795.15,,,17240,13781642,1103,F1,1,,,,,
10-07-2026,10-07-2026,CM,BSE,STK,500239,INE104A01012,KGDENIM,X,,,,,KG DENIM LTD.,15.87,15.87,14.75,15.16,15.16,15.11,,15.16,,,8635,129438,49,F1,1,,,,,
10-07-2026,10-07-2026,CM,BSE,STK,500240,INE266B01017,KINETICENG,XT,,,,,KINETIC ENGINEERING LTD.,293.35,307,291.9,303.2,303,293.35,,303.2,,,18754,5666358,163,F1,1,,,,,
10-07-2026,10-07-2026,CM,BSE,STK,500241,INE732A01036,KIRLOSBROS,A,,,,,KIRLOSKAR BROTHERS LTD.,1935.95,1935.95,1896.2,1918.8,1919.8,1909.55,,1920.4,,,11097,21273673,844,F1,1,,,,,
10-07-2026,10-07-2026,CM,BSE,STK,500243,INE250A01039,KIRLOSIND,B,,,,,KIRLOSKAR INDUSTRIES LTD,4151,4221,4130,4133.5,4152.25,4151.1,,4134.3,,,598,2499814,145,F1,1,,,,,
10-07-2026,10-07-2026,CM,BSE,STK,500245,INE884B01025,KIRLFER,B,,,,,KIRLOSKAR FERROUS INDUSTRIES L,456.65,471.4,456.65,468.1,469.55,456.05,,468.1,,,11457,5335000,559,F1,1,,,,,
10-07-2026,10-07-2026,CM,BSE,STK,500246,INE601C01013,ENVAIREL,XT,,,,,ENVAIR ELECTRODYNE LTD.,77,77,70.5,76.78,76.78,73.34,,76.78,,,7010,503386,36,F1,1,,,,,
10-07-2026,10-07-2026,CM,BSE,STK,500247,INE237A01036,KOTAKBANK,A,,,,,KOTAK MAHINDRA BANK LTD.,378.2,381.1,377.15,377.8,377.8,377.05,,377.6,,,3124199,1186895696,3487,F1,1,,,,,
10-07-2026,10-07-2026,CM,BSE,STK,500248,INE073A01019,KRIFILIND,XT,,,,,KRISHNA FILAMENT INDUSTRIES LI,5.68,5.68,5.42,5.45,5.42,5.7,,5.45,,,935,5242,6,F1,1,,,,,
10-07-2026,10-07-2026,CM,BSE,STK,500249,INE999A01023,KSB,A,,,,,KSB LIMITED,932,946.85,929.45,941.45,943.95,932.65,,940.3,,,2612,2452315,217,F1,1,,,,,
10-07-2026,10-07-2026,CM,BSE,STK,500250,INE337A01034,LGBBROSLTD,B,,,,,L.G.BALAKRISHNAN & BROS.LTD.,1569.85,1588.65,1567.55,1587.55,1588.5,1557.55,,1585.3,,,299,472974,59,F1,1,,,,,
10-07-2026,10-07-2026,CM,BSE,STK,500251,INE849A01020,TRENT,A,,,,,TRENT LTD.,2943.4,2943.4,2897.5,2902.75,2902.75,2903.8,,2902.8,,,49309,143657719,3783,F1,1,,,,,
10-07-2026,10-07-2026,CM,BSE,STK,500252,INE269B01029,LMW,A,,,,,LMW Limited,15836.1,16199.95,15836.1,16162.4,16199,15723.45,,16136,,,157,2525538,77,F1,1,,,,,
10-07-2026,10-07-2026,CM,BSE,STK,500253,INE115A01026,LICHSGFIN,A,,,,,LIC HOUSING FINANCE LTD.,540.35,553.4,540.35,549.9,549.9,539.8,,549.4,,,501987,276034992,1775,F1,1,,,,,
10-07-2026,10-07-2026,CM,BSE,STK,500257,INE326A01037,LUPIN,A,,,,,LUPIN LTD.,2481.25,2520,2481.25,2496.05,2496.9,2502.9,,2496.3,,,12118,30294664,2056,F1,1,,,,,
10-07-2026,10-07-2026,CM,BSE,STK,500259,INE933A01014,LYKALABS,T,,,,,LYKA LABS LTD.,71.75,75,69.65,72.36,72.36,71.8,,71.65,,,841,61480,23,F1,1,,,,,
10-07-2026,10-07-2026,CM,BSE,STK,500260,INE331A01037,RAMCOCEM,A,,,,,THE RAMCO CEMENTS LIMITED,920.05,945.2,920.05,940.7,938.9,923.2,,941.95,,,8902,8352121,449,F1,1,,,,,
10-07-2026,10-07-2026,CM,BSE,STK,500262,INE965B01022,HYBRIDFIN,T,,,,,HYBRID FINANCIAL SERVICES LIMI,20.97,20.97,18.99,19.98,19.98,19.98,,18.86,,,1330,25515,7,F1,1,,,,,
10-07-2026,10-07-2026,CM,BSE,STK,500264,INE270B01035,MAFATIND,B,,,,,MAFATLAL INDUSTRIES LTD.,144,144,137.05,138.15,138.35,138.85,,137.76,,,18619,2605078,452,F1,1,,,,,
10-07-2026,10-07-2026,CM,BSE,STK,500265,INE271B01025,MAHSEAMLES,A,,,,,MAHARASHTRA SEAMLESS LTD.,593.2,603.55,593.2,596.75,600.05,591,,598.3,,,2498,1495515,182,F1,1,,,,,
10-07-2026,10-07-2026,CM,BSE,STK,500266,INE288A01013,MAHSCOOTER,A,,,,,MAHARASHTRA SCOOTERS LTD.,13183,13299,13089.35,13127.7,13089.35,13016.75,,13138,,,141,1865215,85,F1,1,,,,,
10-07-2026,10-07-2026,CM,BSE,STK,500267,INE201B01022,MAJESAUT,B,,,,,MAJESTIC AUTO LTD.,347.85,350,342.3,350,350,345.25,,349,,,1271,440410,47,F1,1,,,,,
10-07-2026,10-07-2026,CM,BSE,STK,500268,INE201A01024,MANALIPETC,B,,,,,MANALI PETROCHEMICAL LTD.,60.9,63.33,60.9,62.66,62.66,60.97,,62.5,,,25987,1618478,289,F1,1,,,,,
10-07-2026,10-07-2026,CM,BSE,STK,500270,INE461A01024,BARODARY,X,,,,,BARODA RAYON CORPORATION LTD.,132.9,132.9,126.65,129.25,129.7,128.05,,129.25,,,704,91314,49,F1,1,,,,,
10-07-2026,10-07-2026,CM,BSE,STK,500271,INE180A01020,MFSL,A,,,,,Max Financial Services Limited,1601,1637.95,1586.9,1632.2,1632.05,1576.75,,1633.1,,,5661,9105305,1266,F1,1,,,,,
10-07-2026,10-07-2026,CM,BSE,STK,500277,INE401C01018,MIDINDIA,X,,,,,MID INDIA INDUSTRIES LTD.,6.17,7.26,6.17,6.25,6.25,6.7,,6.25,,,966,6053,17,F1,1,,,,,
10-07-2026,10-07-2026,CM,BSE,STK,500279,INE831A01028,ONIDA,T,,,,,ONIDA ELECTRONICS LIMITED,41.94,42.9,41.94,42.06,42.06,42.8,,42.15,,,24352,1032583,112,F1,1,,,,,
10-07-2026,10-07-2026,CM,BSE,STK,500280,INE485A01015,CENTENKA,B,,,,,CENTURY ENKA LTD.,521.25,528.05,521,523,523,516.05,,523.2,,,1098,575341,135,F1,1,,,,,
10-07-2026,10-07-2026,CM,BSE,STK,500282,INE794W01014,MODTHREAD,B,,,,,MODERN THREADS (INDIA) LTD.,50,50,47.41,47.97,48.6,50,,47.83,,,44,2161,6,F1,1,,,,,
10-07-2026,10-07-2026,CM,BSE,STK,500284,INE846D01012,LORDSCHLO,B,,,,,LORDS CHLORO ALKALI LTD.,139,139.25,135.8,139.1,139.25,136.8,,138.24,,,961,131647,30,F1,1,,,,,
10-07-2026,10-07-2026,CM,BSE,STK,500285,INE285B01017,SPICEJET,A,,,,,SPICEJET LTD.,11.45,11.49,11.34,11.39,11.39,11.3,,11.39,,,1998576,22791600,2919,F1,1,,,,,
10-07-2026,10-07-2026,CM,BSE,STK,500288,INE083A01026,MOREPENLAB,A,,,,,MOREPEN LABORATORIES LTD.,61.7,62.85,60.62,61.2,61.2,60.97,,61.22,,,758896,46736294,2021,F1,1,,,,,
10-07-2026,10-07-2026,CM,BSE,STK,500290,INE883A01011,MRF,A,,,,,MRF LTD.,134450,135490,134050,134392.8,134392.8,133919.9,,134425,,,391,52614013,337,F1,1,,,,,
10-07-2026,10-07-2026,CM,BSE,STK,500292,INE578A01017,HEIDELBERG,B,,,,,HEIDELBERGCEMENT INDIA LTD.,158,158.25,156.3,157.35,157.8,157,,157.55,,,1780,280370,84,F1,1,,,,,
10-07-2026,10-07-2026,CM,BSE,STK,500294,INE868B01028,NCC,A,,,,,NCC LIMITED,144.95,147.4,143.65,146.2,146.2,143.05,,145.81,,,147365,21428550,1397,F1,1,,,,,
10-07-2026,10-07-2026,CM,BSE,STK,500295,INE205A01025,VEDL,A,,,,,VEDANTA LIMITED,274.5,276.7,272.2,272.6,272.6,271.4,,272.55,,,940204,257446112,11279,F1,1,,,,,
10-07-2026,10-07-2026,CM,BSE,STK,500296,INE290A01027,NAHARSPING,T,,,,,NAHAR SPINNING MILLS LTD.,269,269,263.3,265.75,268,264.85,,269.05,,,178,47267,10,F1,1,,,,,
10-07-2026,10-07-2026,CM,BSE,STK,500298,INE585A01020,NAPEROL,X,,,,,Naperol Investments Limited,662.65,671.85,652.5,657.9,657.9,662.7,,657.9,,,1032,681650,125,F1,1,,,,,
10-07-2026,10-07-2026,CM,BSE,STK,500300,INE047A01021,GRASIM,A,,,,,GRASIM INDUSTRIES LTD.,3236.9,3245,3208,3212.05,3214.6,3191.75,,3213.6,,,7966,25721767,1653,F1,1,,,,,
10-07-2026,10-07-2026,CM,BSE,STK,500304,INE161A01038,NIITLTD,B,,,,,NIIT LTD.,101,102.45,100.05,100.85,101,99.75,,100.82,,,79463,8028015,437,F1,1,,,,,
10-07-2026,10-07-2026,CM,BSE,STK,500306,INE903A01025,JAYKAY,B,,,,,Jaykay Enterprises Limited,182,188.8,182,184.85,184.85,180.75,,185.13,,,67627,12543420,986,F1,1,,,,,
10-07-2026,10-07-2026,CM,BSE,STK,500307,INE910A01012,NIRLON,B,,,,,NIRLON LTD.,623,623,611.8,614.45,623,623,,618.75,,,234,145274,20,F1,1,,,,,
10-07-2026,10-07-2026,CM,BSE,STK,500312,INE213A01029,ONGC,A,,,,,OIL AND NATURAL GAS CORPORATIO,243.55,245.4,243.35,245,245,243.7,,244.96,,,554014,135488105,7785,F1,1,,,,,
10-07-2026,10-07-2026,CM,BSE,STK,500313,INE591A01010,OILCOUNTUB,T,,,,,OIL COUNTRY TUBULAR LTD.,57.46,57.46,55,55.83,56,54.83,,55.38,,,1650,94641,6,F1,1,,,,,
10-07-2026,10-07-2026,CM,BSE,STK,500314,INE750A01020,ORIENTHOT,B,,,,,ORIENTAL HOTELS LTD.,134.15,137,132.2,133.65,132.95,135.45,,133.55,,,36589,4929073,309,F1,1,,,,,
10-07-2026,10-07-2026,CM,BSE,STK,500317,INE142A01012,OSWALAGRO,T,,,,,OSWAL AGRO MILLS LTD.,41,42,40.5,41.01,41.01,41.99,,41.4,,,32190,1308298,67,F1,1,,,,,
10-07-2026,10-07-2026,CM,BSE,STK,500319,INE557C01017,INDSUCR,X,,,,,INDIAN SUCROSE LTD.,75.4,75.4,74.2,75.01,74.99,73.54,,75.01,,,3316,248186,37,F1,1,,,,,
10-07-2026,10-07-2026,CM,BSE,STK,500322,INE167E01037,PANCM,XT,,,,,PANYAM CEMENTS & MINERAL INDUS,90,93.02,90,93.02,93.02,88.6,,93.02,,,110,9909,4,F1,1,,,,,
10-07-2026,10-07-2026,CM,BSE,STK,500325,INE002A01018,RELIANCE,A,,,,,RELIANCE INDUSTRIES LTD.,1294.75,1311,1288.85,1308.85,1308.85,1279.7,,1307.8,,,434235,565048991,10881,F1,1,,,,,
10-07-2026,10-07-2026,CM,BSE,STK,500327,INE600A01035,PILITA,T,,,,,Pil Italica Lifestyle Limited,8.79,9.13,8.7,8.99,8.99,8.76,,8.98,,,4339,38031,20,F1,1,,,,,
10-07-2026,10-07-2026,CM,BSE,STK,500330,INE301A01014,RAYMOND,A,,,,,RAYMOND LTD.,623.3,638,623.3,631.75,631.7,621,,631.7,,,43642,27638866,1223,F1,1,,,,,
10-07-2026,10-07-2026,CM,BSE,STK,500331,INE318A01026,PIDILITIND,A,,,,,PIDILITE INDUSTRIES LTD.,1593.55,1613.05,1585.75,1598.15,1602.35,1591.45,,1598.5,,,18559,29645153,1983,F1,1,,,,,
10-07-2026,10-07-2026,CM,BSE,STK,500333,INE751B01018,PIXTRANS,B,,,,,PIX TRANSMISSIONS LTD.,1791.1,1825.2,1779.65,1818.45,1823.9,1782.3,,1819.9,,,696,1253981,160,F1,1,,,,,
10-07-2026,10-07-2026,CM,BSE,STK,500335,INE340A01012,BIRLACORPN,A,,,,,BIRLA CORPORATION LTD.,941,979.75,941,965.4,967.1,941.5,,965.3,,,7808,7504732,769,F1,1,,,,,
10-07-2026,10-07-2026,CM,BSE,STK,500336,INE335A01020,SURYAROSNI,A,,,,,SURYA ROSHNI LTD.,257.25,262.05,255.3,257.55,257.8,255.2,,257.2,,,19329,4997139,496,F1,1,,,,,
10-07-2026,10-07-2026,CM,BSE,STK,500337,INE032B01021,PRIMESECU,B,,,,,PRIME SECURITIES LTD.,280.75,282.2,279.1,282.2,282.2,280.75,,280.05,,,326,91507,19,F1,1,,,,,
10-07-2026,10-07-2026,CM,BSE,STK,500338,INE010A01011,PRSMJOHNSN,B,,,,,PRISM JOHNSON LIMITED.,111.9,113.55,111.8,112.2,112.95,111.95,,112.69,,,14007,1574242,166,F1,1,,,,,
10-07-2026,10-07-2026,CM,BSE,STK,500339,INE855B01025,RAIN,A,,,,,RAIN INDUSTRIES LIMITED,206,208.4,202.5,206.95,207,204.1,,207.05,,,211922,43576487,2139,F1,1,,,,,
10-07-2026,10-07-2026,CM,BSE,STK,500342,INE024D01016,PRUDMOULI,T,,,,,PRUDENTIAL SUGAR CORPORATION L,14.83,14.83,14.82,14.83,14.82,14.82,,14.83,,,26,385,2,F1,1,,,,,
10-07-2026,10-07-2026,CM,BSE,STK,500343,INE606A01024,AMJLAND,B,,,,,AMJ LAND HOLDINGS LIMITED,38.9,38.9,37.7,38,38,37.77,,38.17,,,309,11690,20,F1,1,,,,,
10-07-2026,10-07-2026,CM,BSE,STK,500346,INE609A01010,PUNJCOMMU,B,,,,,PUNJAB COMMUNICATIONS LTD.,48.16,48.98,47.1,48.95,48.95,48.13,,48.95,,,926,44205,36,F1,1,,,,,
10-07-2026,10-07-2026,CM,BSE,STK,500350,INE611A01016,RSWM,T,,,,,RSWM LTD.,195,202.85,195,199.65,200,193.7,,199.3,,,744,148363,12,F1,1,,,,,
10-07-2026,10-07-2026,CM,BSE,STK,500354,INE562B01019,RAJSREESUG,B,,,,,RAJSHREE SUGARS & CHEMICALS LT,30.06,31.8,30.06,31.48,31.8,31.25,,31.39,,,1752,54956,46,F1,1,,,,,
10-07-2026,10-07-2026,CM,BSE,STK,500355,INE613A01020,RALLIS,A,,,,,RALLIS INDIA LTD.,223.35,231.7,223.35,229.4,230.2,223.55,,229.08,,,205391,47388598,1003,F1,1,,,,,
10-07-2026,10-07-2026,CM,BSE,STK,500356,INE278B01020,RAMANEWS,B,,,,,SHREE RAMA NEWSPRINT LTD.,29.13,29.15,29,29,29.01,29.13,,29.04,,,289,8411,13,F1,1,,,,,
10-07-2026,10-07-2026,CM,BSE,STK,500357,INE425E01013,RAMAPPR-B,Z,,,,,RAMA PAPER MILLS LTD.,12.45,13.7,12.45,13.5,13.5,13.1,,13.5,,,4548,56827,11,F1,1,,,,,
10-07-2026,10-07-2026,CM,BSE,STK,500360,INE350D01015,RAPICUT,XT,,,,,RAPICUT CARBIDES LTD.,244,252.9,236.05,248.9,242.15,241.15,,248.9,,,5471,1343992,74,F1,1,,,,,
10-07-2026,10-07-2026,CM,BSE,STK,500365,INE731F01037,WELSPLSOL,B,,,,,WELSPUN SPECIALTY SOLUTIONS LI,53.38,53.39,51.9,52.73,52.35,52.35,,52.65,,,56135,2950253,300,F1,1,,,,,
10-07-2026,10-07-2026,CM,BSE,STK,500367,INE642C01025,RUBFILA,B,,,,,RUBFILA INTERNATIONAL LTD.,77.95,78.44,74.93,75.43,74.93,77.86,,75.69,,,2387,181642,93,F1,1,,,,,
10-07-2026,10-07-2026,CM,BSE,STK,500368,INE619A01035,PATANJALI,A,,,,,Patanjali Foods Limited,413.75,415.15,411.3,413.9,413.05,412.3,,413.8,,,405187,167439206,267789,F1,1,,,,,
10-07-2026,10-07-2026,CM,BSE,STK,500371,INE538C01017,SAMTELIN,XT,,,,,SAMTEL INDIA LTD.,56.34,57.46,56.34,57.46,57.46,56.34,,57.46,,,16796,951997,19,F1,1,,,,,
10-07-2026,10-07-2026,CM,BSE,STK,500378,INE324A01032,JINDALSAW,A,,,,,JINDAL SAW LTD.,277.6,278.8,267.7,275.9,275.9,272.6,,275.8,,,254362,69367239,4106,F1,1,,,,,
10-07-2026,10-07-2026,CM,BSE,STK,500380,INE786A01032,JKLAKSHMI,A,,,,,JK LAKSHMI CEMENT LTD.,567.5,576.8,559.2,561.75,561.75,568.1,,561.25,,,11207,6374480,387,F1,1,,,,,
10-07-2026,10-07-2026,CM,BSE,STK,500387,INE070A01015,SHREECEM,A,,,,,SHREE CEMENT LTD.,26706.65,26800,26440.9,26575.15,26675,26304.65,,26615,,,505,13452337,239,F1,1,,,,,
10-07-2026,10-07-2026,CM,BSE,STK,500388,INE970C01012,SKPMIL,XT,,,,,SHREE KRISHNA PAPER MILLS & IN,102,102,99.75,99.75,99.75,105,,99.75,,,22,2240,3,F1,1,,,,,
10-07-2026,10-07-2026,CM,BSE,STK,500400,INE245A01021,TATAPOWER,A,,,,,TATA POWER CO.LTD.,377.55,382.65,376.5,381.25,381.25,375.4,,381.3,,,158969,60550753,3104,F1,1,,,,,
10-07-2026,10-07-2026,CM,BSE,STK,500402,INE937A01023,SPMLINFRA,B,,,,,SPML INFRA LIMITED,194.5,194.9,191.45,193.05,192.9,189.85,,193.14,,,18520,3572562,395,F1,1,,,,,
10-07-2026,10-07-2026,CM,BSE,STK,500403,INE387A01021,SUNDRMFAST,A,,,,,SUNDRAM FASTENERS LTD.,936,948,933.7,939.9,942,936.75,,940.75,,,3334,3132364,188,F1,1,,,,,
10-07-2026,10-07-2026,CM,BSE,STK,500404,INE947A01014,SUNFLAG,B,,,,,SUNFLAG IRON & STEEL CO.LTD.,335.5,346.2,335.5,342.65,343.25,334.6,,342.7,,,6968,2380520,222,F1,1,,,,,
10-07-2026,10-07-2026,CM,BSE,STK,500405,INE663A01033,SPLPETRO,A,,,,,SUPREME PETROCHEM LTD.,725.5,736,724.55,734.25,730,722.2,,733.6,,,1553,1135007,117,F1,1,,,,,
10-07-2026,10-07-2026,CM,BSE,STK,500407,INE277A01016,SWARAJENG,B,,,,,SWARAJ ENGINES LTD.,3765,3798.9,3757.75,3780.75,3776.3,3726.75,,3779.4,,,543,2053145,81,F1,1,,,,,
10-07-2026,10-07-2026,CM,BSE,STK,500408,INE670A01012,TATAELXSI,A,,,,,TATA ELXSI LTD.,3652.4,3734.7,3651.9,3691.55,3691.55,3622.05,,3690.4,,,32871,121492607,5454,F1,1,,,,,
10-07-2026,10-07-2026,CM,BSE,STK,500410,INE012A01025,ACC,A,,,,,ACC LTD.,1377.8,1395.3,1373,1384.75,1386,1361.15,,1384.5,,,7886,10933328,649,F1,1,,,,,
10-07-2026,10-07-2026,CM,BSE,STK,500411,INE152A01029,THERMAX,A,,,,,THERMAX LTD.,4882.75,5000,4747.05,4805.2,4805.2,4786.75,,4809,,,12542,60112541,1476,F1,1,,,,,
10-07-2026,10-07-2026,CM,BSE,STK,500412,INE338A01024,TIRUMALCHM,B,,,,,THIRUMALAI CHEMICALS LTD.,169.05,172.8,167.25,167.6,167.9,165.65,,167.48,,,25144,4250982,500,F1,1,,,,,
10-07-2026,10-07-2026,CM,BSE,STK,500413,INE332A01027,THOMASCOOK,A,,,,,THOMAS COOK (INDIA) LTD.,102.5,103.5,102.35,102.95,103.35,102.4,,102.98,,,25845,2657941,268,F1,1,,,,,
10-07-2026,10-07-2026,CM,BSE,STK,500414,INE064A01026,TIMEX,B,,,,,TIMEX GROUP INDIA LTD.,548.6,575.95,548.6,568.95,575,546.55,,569.5,,,92167,51940471,2945,F1,1,,,,,
10-07-2026,10-07-2026,CM,BSE,STK,500418,INE932C01012,TOKYOPLAST,T,,,,,TOKYO PLAST INTERNATIONAL LTD.,88.7,88.7,88.7,88.7,88.7,88.77,,85,,,50,4435,1,F1,1,,,,,
10-07-2026,10-07-2026,CM,BSE,STK,500420,INE685A01028,TORNTPHARM,A,,,,,TORRENT PHARMACEUTICALS LTD.,4884.9,4909.95,4781.4,4903.35,4895.2,4896.65,,4901.5,,,40721,197560186,3765,F1,1,,,,,
10-07-2026,10-07-2026,CM,BSE,STK,500421,INE578C01021,TPINDIA,X,,,,,TPI INDIA LTD.,15.31,15.89,15.11,15.3,15.13,15.32,,15.3,,,267492,4176314,55,F1,1,,,,,
10-07-2026,10-07-2026,CM,BSE,STK,500422,INE019B01010,TRANSCHEM,XT,,,,,TRANSCHEM LTD.,315.35,327.85,315.35,327.85,327.85,321.75,,327.85,,,5213,1704820,19,F1,1,,,,,
10-07-2026,10-07-2026,CM,BSE,STK,500425,INE079A01024,AMBUJACEM,A,,,,,AMBUJA CEMENTS LTD.,431.05,440.95,431.05,436.25,436.25,428.65,,436.45,,,158352,69168775,3592,F1,1,,,,,
10-07-2026,10-07-2026,CM,BSE,STK,500426,INE184E01024,UTLINDS,X,,,,,UTL INDUSTRIES LIMITED,1.7,1.7,1.67,1.69,1.69,1.67,,1.69,,,14091,23599,20,F1,1,,,,,
10-07-2026,10-07-2026,CM,BSE,STK,500429,INE037A01022,UNIENTER,B,,,,,UNIPHOS ENTERPRISES LTD.,107.8,109.05,106.2,108.1,108.1,106.65,,107.98,,,907,97248,15,F1,1,,,,,
10-07-2026,10-07-2026,CM,BSE,STK,500440,INE038A01020,HINDALCO,A,,,,,HINDALCO INDUSTRIES LTD.,976.95,985.3,965,967.1,969.2,963.65,,967.45,,,140518,137036888,5157,F1,1,,,,,
10-07-2026,10-07-2026,CM,BSE,STK,500444,INE976A01021,WSTCSTPAPR,B,,,,,West Coast Paper Mills Limited,551.4,553,536.5,539.1,539.4,547.45,,538.25,,,5490,2981159,309,F1,1,,,,,
10-07-2026,10-07-2026,CM,BSE,STK,500449,INE048A01011,HOCL,T,,,,,HINDUSTAN ORGANIC CHEMICALS LT,36.15,37.55,36.15,37.07,37.07,36.64,,37.07,,,18270,677121,109,F1,1,,,,,
10-07-2026,10-07-2026,CM,BSE,STK,500450,INE844C01027,MPILCORPL,XT,,,,,MPIL CORPORATION LTD.,537.2,537.2,537.2,537.2,537.2,548.15,,537.2,,,10,5372,3,F1,1,,,,,
10-07-2026,10-07-2026,CM,BSE,STK,500456,INE818B01023,PASUPTAC,T,,,,,PASUPATI ACRYLON LTD.,58.86,60.39,58.3,59.83,59.83,58.45,,60.16,,,4630,273280,88,F1,1,,,,,
10-07-2026,10-07-2026,CM,BSE,STK,500458,INE601A01017,TEAM24,X,,,,,TEAM24 CONSUMER PRODUCTS LIMIT,28.05,32.99,28.05,28.6,28.6,30,,28.6,,,6830,200442,49,F1,1,,,,,
10-07-2026,10-07-2026,CM,BSE,STK,500459,INE179A01014,PGHH,A,,,,,PROCTER & GAMBLE HYGIENE & HEA,8925.95,8972.85,8895.05,8938.3,8951.15,8885.2,,8940,,,294,2625714,107,F1,1,,,,,
10-07-2026,10-07-2026,CM,BSE,STK,500460,INE304A01026,MUKANDLTD,B,,,,,MUKAND LTD.,132,134.5,131.55,133.05,133.05,130.15,,132.88,,,4125,548873,113,F1,1,,,,,
10-07-2026,10-07-2026,CM,BSE,STK,500463,INE676A01027,BBOX,A,,,,,BLACK BOX LIMITED,946.5,950.95,919,921.85,921.85,935.9,,922.35,,,12956,12062437,774,F1,1,,,,,
10-07-2026,10-07-2026,CM,BSE,STK,500464,INE139B01016,UCAL,B,,,,,UCAL LIMITED,113.5,115.1,113,113.8,113.55,113.45,,114.91,,,270,30754,17,F1,1,,,,,
10-07-2026,10-07-2026,CM,BSE,STK,500467,INE544A01019,HARRMALAYA,B,,,,,HARRISONS MALAYALAM LTD.,203.95,206.5,201.65,205,205,200.7,,203.12,,,583,118917,20,F1,1,,,,,
10-07-2026,10-07-2026,CM,BSE,STK,500469,INE171A01029,FEDERALBNK,A,,,,,FEDERAL BANK LTD.,330.15,332.5,327.9,329.95,329.95,327.9,,329.85,,,149861,49444398,3399,F1,1,,,,,
10-07-2026,10-07-2026,CM,BSE,STK,500470,INE081A01020,TATASTEEL,A,,,,,TATA STEEL LTD.,189.95,193.25,189,191.15,191.15,187.8,,191.19,,,807671,154619245,10359,F1,1,,,,,
10-07-2026,10-07-2026,CM,BSE,STK,500472,INE640A01023,SKFINDIA,A,,,,,SKF INDIA LTD.,1577.4,1582.6,1552.45,1572,1575.85,1554,,1571.8,,,70919,110308836,256,F1,1,,,,,
10-07-2026,10-07-2026,CM,BSE,STK,500477,INE208A01029,ASHOKLEY,A,,,,,ASHOK LEYLAND LTD.,157,157.75,155.8,157.55,157.55,155.25,,157.49,,,710893,111508468,9023,F1,1,,,,,
10-07-2026,10-07-2026,CM,BSE,STK,500480,INE298A01020,CUMMINSIND,A,,,,,CUMMINS INDIA LTD.,5544.9,5710,5544.9,5619.6,5616.85,5539.85,,5621.5,,,11589,65472376,2883,F1,1,,,,,
10-07-2026,10-07-2026,CM,BSE,STK,500483,INE151A01013,TATACOMM,A,,,,,TATA COMMUNICATIONS LTD.,1874.2,1902.05,1850,1856.05,1856.05,1871.6,,1856.2,,,104524,194234677,1030,F1,1,,,,,
10-07-2026,10-07-2026,CM,BSE,STK,500488,INE358A01014,ABBOTINDIA,A,,,,,ABBOTT INDIA LTD.,26797.8,27365,26759.2,27124.95,27124.95,26763.45,,27160,,,905,24500697,372,F1,1,,,,,
10-07-2026,10-07-2026,CM,BSE,STK,500490,INE118A01012,BAJAJHLDNG,A,,,,,BAJAJ HOLDINGS & INVESTMENT LT,10748.95,10748.95,10486.45,10662.75,10664,10577.6,,10654,,,820,8727091,284,F1,1,,,,,
10-07-2026,10-07-2026,CM,BSE,STK,500493,INE465A01025,BHARATFORG,A,,,,,BHARAT FORGE LTD.,2149.85,2159.5,2109.6,2116.1,2121.8,2130.35,,2116.9,,,37360,79464888,2694,F1,1,,,,,
10-07-2026,10-07-2026,CM,BSE,STK,500495,INE042A01014,ESCORTS,A,,,,,Escorts Kubota Limited,2905.55,2966,2905.55,2943.2,2941.8,2909.75,,2941.8,,,3867,11369880,461,F1,1,,,,,
10-07-2026,10-07-2026,CM,BSE,STK,500500,INE253A01025,HINDMOTORS,XT,,,,,HINDUSTAN MOTORS LTD.,16.69,16.73,16.4,16.46,16.54,16.42,,16.46,,,124684,2061222,815,F1,1,,,,,
10-07-2026,10-07-2026,CM,BSE,STK,500510,INE018A01030,LT,A,,,,,LARSEN & TOUBRO LTD.,3923,3953.8,3911.5,3946.55,3946.55,3887.3,,3945.8,,,66881,263109137,5131,F1,1,,,,,
10-07-2026,10-07-2026,CM,BSE,STK,500520,INE101A01026,M&M,A,,,,,MAHINDRA & MAHINDRA LTD.,3126.55,3135.2,3107.05,3129.15,3123.65,3085.25,,3129.4,,,467082,1458143671,4915,F1,1,,,,,
10-07-2026,10-07-2026,CM,BSE,STK,500530,INE323A01026,BOSCHLTD,A,,,,,BOSCH LTD.,42251.4,42450,41720.2,41807.65,41807.65,42251.35,,41815,,,680,28591383,419,F1,1,,,,,
10-07-2026,10-07-2026,CM,BSE,STK,500540,INE342A01018,PREMIER,T,,,,,PREMIER LTD.,3.04,3.04,3.04,3.04,3.04,3.07,,3.04,,,50,152,1,F1,1,,,,,
10-07-2026,10-07-2026,CM,BSE,STK,500547,INE029A01011,BPCL,A,,,,,BHARAT PETROLEUM CORPORATION L,310.6,313.8,309.15,309.7,309.8,308.25,,309.75,,,241114,75075302,4469,F1,1,,,,,
10-07-2026,10-07-2026,CM,BSE,STK,500550,INE003A01024,SIEMENS,A,,,,,SIEMENS LTD.,3505.8,3540,3485.95,3503.15,3503.15,3476.05,,3496.7,,,11363,39903659,1502,F1,1,,,,,
10-07-2026,10-07-2026,CM,BSE,STK,500570,INE155A01022,TMPV,A,,,,,TATA MOTORS PASSENGER VEHICLES,334.05,340.4,333.7,338.1,338.1,331.7,,337.95,,,891666,300051829,13212,F1,1,,,,,
10-07-2026,10-07-2026,CM,BSE,STK,500575,INE226A01021,VOLTAS,A,,,,,VOLTAS LTD.,1273.15,1289.6,1272.55,1286.4,1286.4,1268.85,,1286.7,,,17858,22870156,813,F1,1,,,,,
10-07-2026,10-07-2026,CM,BSE,STK,500620,INE017A01032,GESHIP,A,,,,,GREAT EASTERN SHIPPING CO.LTD.,1430.7,1430.7,1400.6,1422,1424,1412.8,,1420.9,,,10119,14301444,751,F1,1,,,,,
10-07-2026,10-07-2026,CM,BSE,STK,500645,INE501A01019,DEEPAKFERT,A,,,,,DEEPAK FERTILISERS & PETROCHEM,1548.7,1570.95,1523,1526.3,1525,1546.35,,1526.2,,,14781,22814205,968,F1,1,,,,,
10-07-2026,10-07-2026,CM,BSE,STK,500650,INE369A01029,EXCELINDUS,B,,,,,EXCEL INDUSTRIES LTD.,940,940,892.55,912.95,909.85,903.75,,912.05,,,195,177121,28,F1,1,,,,,
10-07-2026,10-07-2026,CM,BSE,STK,500655,INE291A01017,GRWRHITECH,A,,,,,GARWARE HI-TECH FILMS LIMITED,6956.5,7183.3,6875,6971.95,6964,6915.85,,6968,,,1912,13417317,458,F1,1,,,,,
10-07-2026,10-07-2026,CM,BSE,STK,500660,INE159A01016,GLAXO,A,,,,,GLAXOSMITHKLINE PHARMACEUTICAL,2434.4,2454,2422.55,2435.5,2435.5,2443.1,,2437.9,,,2897,7066473,478,F1,1,,,,,
10-07-2026,10-07-2026,CM,BSE,STK,500670,INE113A01013,GNFC,A,,,,,GUJARAT NARMADA VALLEY FERTILI,510,511.15,500.6,502.1,503.5,504.9,,502.45,,,16411,8295962,596,F1,1,,,,,
10-07-2026,10-07-2026,CM,BSE,STK,500672,INE234A01025,NOVARTIND,B,,,,,NOVARTIS INDIA LTD.,1479.4,1500,1463.05,1490.85,1500,1460.7,,1494.5,,,1262,1873791,180,F1,1,,,,,
10-07-2026,10-07-2026,CM,BSE,STK,500674,INE058A01010,SANOFI,A,,,,,SANOFI INDIA LTD,3356.35,3431.2,3341,3410.6,3418,3355.45,,3402.1,,,888,3008307,276,F1,1,,,,,
10-07-2026,10-07-2026,CM,BSE,STK,500680,INE182A01018,PFIZER,A,,,,,PFIZER LTD.,4601.15,4740,4595.3,4728.55,4740,4600.5,,4731.2,,,4218,19788262,882,F1,1,,,,,
10-07-2026,10-07-2026,CM,BSE,STK,500690,INE026A01025,GSFC,A,,,,,GUJARAT STATE FERTILIZERS & CH,160.4,163.6,160.4,160.9,160.9,161.55,,160.9,,,23703,3834797,387,F1,1,,,,,
10-07-2026,10-07-2026,CM,BSE,STK,500696,INE030A01027,HINDUNILVR,A,,,,,HINDUSTAN UNILEVER LTD.,2154.8,2178,2145.1,2149.3,2149.3,2144.1,,2150.5,,,131326,282704727,3849,F1,1,,,,,
10-07-2026,10-07-2026,CM,BSE,STK,500710,INE133A01011,JSWDULUX,A,,,,,JSW Dulux Limited,2915.5,2963.2,2878,2926.15,2926.15,2915.45,,2932.2,,,3172,9240712,578,F1,1,,,,,
10-07-2026,10-07-2026,CM,BSE,STK,500730,INE163A01018,NOCIL,B,,,,,NOCIL LTD.,178.85,179.4,174.9,175.3,175.3,177.7,,175.43,,,22231,3928381,454,F1,1,,,,,
10-07-2026,10-07-2026,CM,BSE,STK,500770,INE092A01019,TATACHEM,A,,,,,TATA CHEMICALS LTD.,714.85,729.8,714.85,720,716.3,714.7,,721,,,39620,28701270,1709,F1,1,,,,,
10-07-2026,10-07-2026,CM,BSE,STK,500777,INE148A01019,TNPETRO,B,,,,,TAMILNADU PETROPRODUCTS LTD.,97,98.88,95.06,98.07,97.5,95.57,,98.14,,,5480,534192,108,F1,1,,,,,
10-07-2026,10-07-2026,CM,BSE,STK,500780,INE217A01012,ZUARIIND,B,,,,,Zuari Industries Limited,268.65,273.35,266.1,269.8,269.8,265.45,,268.95,,,10729,2916477,211,F1,1,,,,,
10-07-2026,10-07-2026,CM,BSE,STK,500790,INE239A01024,NESTLEIND,A,,,,,NESTLE INDIA LTD.,1469.2,1470.9,1448.5,1456.65,1456.65,1463.2,,1455.4,,,113421,165242281,2325,F1,1,,,,,
10-07-2026,10-07-2026,CM,BSE,STK,500800,INE192A01025,TATACONSUM,A,,,,,TATA CONSUMER PRODUCTS LIMITED,1104.8,1117.2,1104.8,1111.9,1111.9,1106.75,,1111.9,,,36032,40024483,1868,F1,1,,,,,
10-07-2026,10-07-2026,CM,BSE,STK,500820,INE021A01026,ASIANPAINT,A,,,,,ASIAN PAINTS LTD.,2699.95,2728.05,2672.15,2677.8,2675.8,2672.5,,2677.8,,,25162,67721979,2902,F1,1,,,,,
10-07-2026,10-07-2026,CM,BSE,STK,500825,INE216A01030,BRITANNIA,A,,,,,BRITANNIA INDUSTRIES LTD.,5378.05,5402.5,5325,5353.7,5361.95,5362.15,,5353,,,60210,323170315,1542,F1,1,,,,,
10-07-2026,10-07-2026,CM,BSE,STK,500830,INE259A01022,COLPAL,A,,,,,COLGATE-PALMOLIVE (INDIA) LTD.,2071.95,2071.95,2048.1,2051.9,2052,2062.1,,2052.4,,,5292,10890713,668,F1,1,,,,,
10-07-2026,10-07-2026,CM,BSE,STK,500840,INE230A01023,EIHOTEL,A,,,,,EIH LTD.,330.95,332.55,327,330.1,332,327.45,,329.75,,,7812,2574385,359,F1,1,,,,,
10-07-2026,10-07-2026,CM,BSE,STK,500850,INE053A01029,INDHOTEL,A,,,,,INDIAN HOTELS CO.LTD.,736.25,754.2,733,752.1,752.1,731.35,,752.3,,,433714,320334263,3344,F1,1,,,,,
10-07-2026,10-07-2026,CM,BSE,STK,500870,INE172A01027,CASTROLIND,A,,,,,CASTROL INDIA LTD.,183.8,185,183,183.75,183.75,183.6,,183.83,,,71940,13259775,1128,F1,1,,,,,
10-07-2026,10-07-2026,CM,BSE,STK,500875,INE154A01025,ITC,A,,,,,ITC LTD.,283.65,283.65,280.85,281.9,281.9,281.95,,281.75,,,283740,80038124,6043,F1,1,,,,,
10-07-2026,10-07-2026,CM,BSE,STK,500877,INE438A01022,APOLLOTYRE,A,,,,,APOLLO TYRES LTD.,445.55,445.65,438.85,440.2,440.75,439.35,,440.1,,,20799,9192465,595,F1,1,,,,,
10-07-2026,10-07-2026,CM,BSE,STK,500878,INE482A01020,CEATLTD,A,,,,,CEAT LTD.,3904.8,3987.8,3832.95,3862.7,3881.85,3908.35,,3866.5,,,6029,23636475,840,F1,1,,,,,
10-07-2026,10-07-2026,CM,BSE,STK,500890,INE832A01018,MODIRUBBER,B,,,,,MODI RUBBER LTD.,130.1,130.1,130.1,130.1,130.1,126,,130.2,,,9,1170,1,F1,1,,,,,
10-07-2026,10-07-2026,CM,BSE,STK,500940,INE183A01024,FINPIPE,A,,,,,FINOLEX INDUSTRIES LTD.,167.5,171.3,167.3,169.25,169.25,167.3,,169.43,,,39434,6696542,729,F1,1,,,,,
10-07-2026,10-07-2026,CM,BSE,STK,501150,INE660C01027,CENTRUM,B,,,,,CENTRUM CAPITAL LTD.,23.9,25.73,23.9,24.52,24.36,24.27,,24.57,,,35143,877280,121,F1,1,,,,,
10-07-2026,10-07-2026,CM,BSE,STK,501242,INE911B01018,TCIFINANCE,T,,,,,TCI FINANCE LTD.,15.75,16.31,15.67,16.2,16.25,16.49,,16.3,,,7915,126866,44,F1,1,,,,,
10-07-2026,10-07-2026,CM,BSE,STK,501261,INE567L01025,LORDSMARK,XT,,,,,Lords Mark Industries Limited,60,63,60,63,63,669.7,,63,,,729556,44200278,178,F1,1,,,,,
10-07-2026,10-07-2026,CM,BSE,STK,501270,INE825M01017,ANTARIKSH,XT,,,,,ANTARIKSH INDUSTRIES LIMITED,9.77,9.77,9.77,9.77,9.77,9.31,,9.77,,,3630,35465,1,F1,1,,,,,
10-07-2026,10-07-2026,CM,BSE,STK,501295,INE886A01014,IITL,B,,,,,INDUSTRIAL INVESTMENT TRUST LT,133,133.1,127,127.15,127,131.15,,127.5,,,8362,1072995,141,F1,1,,,,,
10-07-2026,10-07-2026,CM,BSE,STK,501298,INE620D01011,INDPRUD,B,,,,,INDUSTRIAL & PRUDENTIAL INVEST,6649.95,6649.95,6580,6580,6580,6400,,6546.5,,,3,19819,3,F1,1,,,,,
10-07-2026,10-07-2026,CM,BSE,STK,501301,INE672A01026,TATAINVEST,A,,,,,TATA INVESTMENT CORPORATION LT,687.9,699,687.9,693.35,693.5,685.75,,693.7,,,73564,51102608,3102,F1,1,,,,,
10-07-2026,10-07-2026,CM,BSE,STK,501311,INE998D01011,JAYBHCR,XT,,,,,JAYABHARAT CREDIT LTD.,14.03,14.03,14.03,14.03,14.03,13.37,,14.03,,,1000,14030,1,F1,1,,,,,
10-07-2026,10-07-2026,CM,BSE,STK,501314,INE286N01028,PRISMX,X,,,,,PRISMX GLOBAL VENTURES LIMITED,0.59,0.61,0.59,0.6,0.6,0.59,,0.6,,,44897,26861,82,F1,1,,,,,
10-07-2026,10-07-2026,CM,BSE,STK,501343,INE861B01023,MOTOGENFIN,T,,,,,MOTOR & GENERAL FINANCE LTD.,28.05,29,28.05,29,29,28.9,,28.75,,,613,17652,8,F1,1,,,,,
10-07-2026,10-07-2026,CM,BSE,STK,501370,INE695D01021,WALCHPF,X,,,,,WALCHAND PEOPLEFIRST LTD.,124.7,129.95,124.7,126.1,129.95,124,,126.1,,,75,9457,3,F1,1,,,,,
10-07-2026,10-07-2026,CM,BSE,STK,501391,INE855A01019,WHBRADY,X,,,,,W.H.BRADY & CO.LTD.,545,545,523,539.45,539.45,524.75,,539.45,,,28,15126,8,F1,1,,,,,
10-07-2026,10-07-2026,CM,BSE,STK,501421,INE314H01012,TECHNVISN,B,,,,,TechNVision Ventures Limited,3600.05,3600.05,3599.95,3600,3600,3561.2,,3591.5,,,62,223200,25,F1,1,,,,,
10-07-2026,10-07-2026,CM,BSE,STK,501423,INE151G01028,SHAILY,A,,,,,SHAILY ENGINEERING PLASTICS LT,2730.95,2786.9,2650,2769.45,2765.1,2714.75,,2767.5,,,15124,41181940,1489,F1,1,,,,,
10-07-2026,10-07-2026,CM,BSE,STK,501425,INE050A01025,BBTC,A,,,,,The Bombay Burmah Trading Corp,1525.45,1530.95,1514.9,1520.65,1525,1510.55,,1521.3,,,852,1297473,113,F1,1,,,,,
10-07-2026,10-07-2026,CM,BSE,STK,501430,INE691K01017,BOMBCYC,X,,,,,BOMBAY CYCLE & MOTOR AGENCY LT,1580.25,1580.25,1550,1550,1550,1572.4,,1550,,,20,31300,4,F1,1,,,,,
10-07-2026,10-07-2026,CM,BSE,STK,501455,INE224A01026,GREAVESCOT,A,,,,,GREAVES COTTON LTD.,239.4,266.9,236.25,263.65,263.65,237.3,,263.6,,,1226526,316405008,17742,F1,1,,,,,
10-07-2026,10-07-2026,CM,BSE,STK,501622,INE492N01022,AMALGAM,XT,,,,,AMALGAMATED ELECTRICITY CO.LTD,89.76,89.76,89.76,89.76,89.76,88,,89.76,,,1,89,1,F1,1,,,,,
10-07-2026,10-07-2026,CM,BSE,STK,501700,INE131H01028,INDIANVSH,X,,,,,INDIANIVESH LTD.,6.78,7.4,6.77,7.3,7.29,6.77,,7.3,,,5414,37680,25,F1,1,,,,,
10-07-2026,10-07-2026,CM,BSE,STK,501831,INE377E01024,COASTCORP,B,,,,,COASTAL CORPORATION LTD.,50.78,51.5,50.6,50.72,51.4,49.91,,50.82,,,2414,123220,129,F1,1,,,,,
10-07-2026,10-07-2026,CM,BSE,STK,501833,INE490A01015,CHOWGULSTM,X,,,,,CHOWGULE STEAMSHIPS LTD.,22.54,22.54,22,22.15,22.15,22.65,,22.15,,,2137,47207,32,F1,1,,,,,
10-07-2026,10-07-2026,CM,BSE,STK,501848,INE446C01013,GARWAOFFS,XT,,,,,GARWARE OFFSHORE SERVICES LIMI,48.9,49.97,48.5,48.99,49,48.9,,48.99,,,6050,296293,39,F1,1,,,,,
10-07-2026,10-07-2026,CM,BSE,STK,501945,INE758D01027,DHENUBUILD,Z,,,,,DHENU BUILDCON INFRA LTD.,9.72,9.72,9.72,9.72,9.72,9.91,,9.72,,,449,4364,30,F1,1,,,,,
10-07-2026,10-07-2026,CM,BSE,STK,502015,INE443A01030,ASIIL,X,,,,,ASI INDUSTRIES LIMITED,23.52,24.43,23.52,24.09,24.01,23.99,,24.09,,,6281,151161,48,F1,1,,,,,
10-07-2026,10-07-2026,CM,BSE,STK,502090,INE229C01021,SAGCEM,B,,,,,SAGAR CEMENTS LTD.,180.1,181,176,179.6,180.9,180.1,,180.53,,,4206,755368,151,F1,1,,,,,
10-07-2026,10-07-2026,CM,BSE,STK,502137,INE583C01021,DECCANCE,B,,,,,DECCAN CEMENTS LTD.,575.05,580,574.1,575.55,575.55,572.5,,577.05,,,1153,668182,80,F1,1,,,,,
10-07-2026,10-07-2026,CM,BSE,STK,502157,INE347A01017,MANGLMCEM,B,,,,,MANGALAM CEMENT LTD.,941.35,967.05,940.85,963.75,962.7,947.05,,964.55,,,5309,5073625,236,F1,1,,,,,
10-07-2026,10-07-2026,CM,BSE,STK,502168,INE732C01016,NCLIND,B,,,,,NCL INDUSTRIES LTD.,186,188,185,186.45,186,187.5,,186.78,,,4256,793497,130,F1,1,,,,,
10-07-2026,10-07-2026,CM,BSE,STK,502175,INE626A01014,SAURASHCEM,B,,,,,SAURASHTRA CEMENT LTD.,54.98,56,54.48,55.44,55.12,54.84,,55.2,,,9037,497387,108,F1,1,,,,,
10-07-2026,10-07-2026,CM,BSE,STK,502180,INE232A01011,SHREDIGCEM,B,,,,,SHREE DIGVIJAY CEMENT CO.LTD.,75.4,75.4,74.3,74.96,74.85,73.64,,74.6,,,6106,456619,115,F1,1,,,,,
10-07-2026,10-07-2026,CM,BSE,STK,502219,INE666D01022,BORORENEW,A,,,,,BOROSIL RENEWABLES LIMITED,657,669.7,636.9,640.65,640.65,652.05,,640.55,,,56939,37419019,1875,F1,1,,,,,
10-07-2026,10-07-2026,CM,BSE,STK,502250,INE347D01011,LERTHAI,XT,,,,,LERTHAI FINANCE LIMITED,586.1,586.1,586.1,586.1,586.1,616.9,,586.1,,,1,586,1,F1,1,,,,,
10-07-2026,10-07-2026,CM,BSE,STK,502281,INE094C01011,TRIVENIGQ,X,,,,,TRIVENI GLASS LTD.,6.11,6.11,6.1,6.11,6.11,6.1,,6.11,,,1172,7159,12,F1,1,,,,,
10-07-2026,10-07-2026,CM,BSE,STK,502294,INE416N01013,NILACHAL,X,,,,,NILACHAL REFRACTORIES LTD.,40.39,41.8,39.6,41.8,41.8,40.39,,41.8,,,1001,40441,22,F1,1,,,,,
10-07-2026,10-07-2026,CM,BSE,STK,502330,INE435A01051,ANDHRAPAP,B,,,,,ANDHRA PAPER LIMITED,61.28,62.59,61.08,62.49,62.13,60.59,,62.1,,,3085,190703,132,F1,1,,,,,
10-07-2026,10-07-2026,CM,BSE,STK,502355,INE787D01026,BALKRISIND,A,,,,,BALKRISHNA INDUSTRIES LTD.,2232.75,2274,2227.7,2253.9,2257.4,2200.6,,2252.9,,,9698,21845667,692,F1,1,,,,,
10-07-2026,10-07-2026,CM,BSE,STK,502420,INE592A01026,ORIENTPPR,B,,,,,ORIENT PAPER & INDUSTRIES LTD.,16.9,16.95,16.55,16.73,16.79,16.61,,16.73,,,4994,83308,66,F1,1,,,,,
10-07-2026,10-07-2026,CM,BSE,STK,502445,INE906D01014,CITADEL,X,,,,,CITADEL REALTY AND DEVELOPERS,38.48,38.48,34.45,35.08,35,37.92,,35.08,,,1798,62801,35,F1,1,,,,,
10-07-2026,10-07-2026,CM,BSE,STK,502448,INE927A01040,ROLLT,T,,,,,ROLLATAINERS LTD.,2.43,2.43,2.29,2.29,2.29,2.41,,2.33,,,118676,272642,67,F1,1,,,,,
10-07-2026,10-07-2026,CM,BSE,STK,502450,INE630A01024,SESHAPAPER,B,,,,,SESHASAYEE PAPER & BOARDS LTD.,225.3,226.9,221.6,224,223.75,225.8,,224.54,,,1851,416025,102,F1,1,,,,,
10-07-2026,10-07-2026,CM,BSE,STK,502587,INE777A01023,NATHIND,X,,,,,NATH INDUSTRIES LIMITED,48,48,46.17,46.17,46.17,48,,46.17,,,100,4620,5,F1,1,,,,,
10-07-2026,10-07-2026,CM,BSE,STK,502865,INE518A01013,FORBESCO,X,,,,,FORBES & COMPANY LTD.,294.1,300,288.05,297.45,298.5,292.15,,297.45,,,1215,359742,51,F1,1,,,,,
10-07-2026,10-07-2026,CM,BSE,STK,502873,INE950C01014,HPCOTTON,X,,,,,H.P.COTTON TEXTILE MILLS LTD.,104.35,104.35,100.45,100.55,100.55,100.1,,100.55,,,149,15193,7,F1,1,,,,,
10-07-2026,10-07-2026,CM,BSE,STK,502893,INE706D01018,UNITEDINT,X,,,,,UNITED INTERACTIVE LTD.,70.99,70.99,68.99,68.99,68.99,68.19,,68.99,,,2,139,2,F1,1,,,,,
10-07-2026,10-07-2026,CM,BSE,STK,502901,INE462D01034,JAMSHRI,X,,,,,JAMSHRI REALTY LIMITED,78.44,78.99,77.6,77.62,77.62,78.44,,77.62,,,142,11098,20,F1,1,,,,,
10-07-2026,10-07-2026,CM,BSE,STK,502933,INE498G01015,KATRSPG,X,,,,,KATARE SPINNING MILLS LTD.,99.15,105.9,99,105.6,105.65,103.25,,105.6,,,134,13391,9,F1,1,,,,,
10-07-2026,10-07-2026,CM,BSE,STK,502937,INE087A01019,KESORAMIND,T,,,,,KESORAM INDUSTRIES LTD.,10.38,10.38,10.38,10.38,10.38,10.18,,10.38,,,72259,750048,65,F1,1,,,,,
10-07-2026,10-07-2026,CM,BSE,STK,502958,INE938C01019,LAKSHMIMIL,X,,,,,LAKSHMI MILLS COMPANY LTD.,7400,7499,7355,7400.25,7400.25,7420,,7400.25,,,79,586434,18,F1,1,,,,,
10-07-2026,10-07-2026,CM,BSE,STK,502986,INE825A01020,VTL,A,,,,,VARDHMAN TEXTILES LTD.,641.55,641.55,633.95,636.6,637.1,632.6,,636.15,,,6082,3875259,188,F1,1,,,,,
10-07-2026,10-07-2026,CM,BSE,STK,503031,INE138A01028,PENINLAND,T,,,,,PENINSULA LAND LTD.,18.1,18.2,17.56,18.2,18.2,17.34,,18.34,,,3288,59441,20,F1,1,,,,,
10-07-2026,10-07-2026,CM,BSE,STK,503092,INE909B01020,PASUSPG,X,,,,,PASUPATI SPG.& WVG.MILLS LTD.,28.85,30.29,27.5,30.29,30.29,28.85,,30.29,,,220,6373,7,F1,1,,,,,
10-07-2026,10-07-2026,CM,BSE,STK,503100,INE211B01039,PHOENIXLTD,A,,,,,THE PHOENIX MILLS LTD,2100.95,2150,2075.9,2138.05,2138.05,2088.6,,2138.8,,,41099,87376486,4455,F1,1,,,,,
10-07-2026,10-07-2026,CM,BSE,STK,503101,INE182D01020,MARATHON,B,,,,,MARATHON NEXTGEN REALTY LTD.,404,414.9,402.15,410.7,407,398.55,,410,,,2326,951509,130,F1,1,,,,,
10-07-2026,10-07-2026,CM,BSE,STK,503127,INE491N01016,RAJABAH,X,,,,,RAJA BAHADUR INTERNATIONAL LTD,5300,5300,5100,5100,5100,5300,,5100,,,9,47500,2,F1,1,,,,,
10-07-2026,10-07-2026,CM,BSE,STK,503162,INE750D01016,RELCHEMQ,B,,,,,RELIANCE CHEMOTEX INDUSTRIES L,132.95,132.95,130.3,130.8,130.8,133,,131.13,,,116,15361,20,F1,1,,,,,
10-07-2026,10-07-2026,CM,BSE,STK,503169,INE301D01026,RUBYMILLS,T,,,,,RUBY MILLS LTD.,384,385.15,373.2,382.85,378,366.85,,383.65,,,13808,5302492,241,F1,1,,,,,
10-07-2026,10-07-2026,CM,BSE,STK,503229,INE167H01014,SIMPLXREA,X,,,,,SIMPLEX REALTY LTD.,126.5,126.5,126.4,126.5,126.4,133.05,,126.5,,,15,1897,3,F1,1,,,,,
10-07-2026,10-07-2026,CM,BSE,STK,503310,INE665A01038,SWANCORP,A,,,,,Swan Corp Limited,318,322,317.95,319.45,319,317.25,,319.2,,,21522,6882992,370,F1,1,,,,,
10-07-2026,10-07-2026,CM,BSE,STK,503349,INE203D01016,VICTMILL,X,,,,,VICTORIA MILLS LTD.,5200.1,5200.1,5157.65,5157.65,5157.65,5157.65,,5157.65,,,35,181207,19,F1,1,,,,,
10-07-2026,10-07-2026,CM,BSE,STK,503624,INE406N01014,ZSVARAJT,X,,,,,SVARAJ TRADING & AGENCIES LTD.,7.85,7.85,7.25,7.3,7.3,7.22,,7.3,,,729,5346,9,F1,1,,,,,
10-07-2026,10-07-2026,CM,BSE,STK,503635,INE315N01017,SALSAIN,XT,,,,,SHREE SALASAR INVESTMENT LTD.,265,269,260,260.25,260,256.25,,260.25,,,401,106782,24,F1,1,,,,,
10-07-2026,10-07-2026,CM,BSE,STK,503639,INE314N01028,APOLLOIN,XT,,,,,Apollo Ingredients Limited,102.37,102.37,102.37,102.37,102.37,100.37,,102.37,,,105,10748,4,F1,1,,,,,
10-07-2026,10-07-2026,CM,BSE,STK,503641,INE945J01027,ZODIACVEN,XT,,,,,ZODIAC VENTURES LIMITED,1.68,1.72,1.65,1.7,1.7,1.68,,1.7,,,30543,51832,77,F1,1,,,,,
10-07-2026,10-07-2026,CM,BSE,STK,503657,INE255E01030,VEERENRGY,X,,,,,VEER ENERGY & INFRASTRUCTURE L,12.58,12.58,12.1,12.5,12.5,12.24,,12.5,,,8763,109116,30,F1,1,,,,,
10-07-2026,10-07-2026,CM,BSE,STK,503659,INE948K01011,SW1,XT,,,,,SW INVESTMENTS LTD,160,160.55,160,160.55,160.55,152.95,,160.55,,,1453,232779,16,F1,1,,,,,
10-07-2026,10-07-2026,CM,BSE,STK,503663,INE026L01022,TILAK,XT,,,,,Tilak Ventures Limited,1.19,1.19,1.16,1.18,1.18,1.18,,1.18,,,278296,326335,329,F1,1,,,,,
10-07-2026,10-07-2026,CM,BSE,STK,503675,INE786K01023,WAGEND,X,,,,,WAGEND INFRA VENTURE LIMITED,1.16,1.2,1.16,1.2,1.2,1.15,,1.2,,,46661,55236,22,F1,1,,,,,
10-07-2026,10-07-2026,CM,BSE,STK,503681,INE927X01018,ELCIDIN,B,,,,,ELCID INVESTMENTS LTD.,114000,114000,112511,112512.9,112512.9,113000,,112525,,,3,339023,3,F1,1,,,,,
10-07-2026,10-07-2026,CM,BSE,STK,503685,INE828I01019,MEDIAONE,Z,,,,,MEDIAONE GLOBAL ENTERTAINMENT,14.46,14.46,13.1,13.38,13.99,13.78,,13.38,,,2688,36267,45,F1,1,,,,,
10-07-2026,10-07-2026,CM,BSE,STK,503722,INE629D01020,BANSWRAS,B,,,,,BANSWARA SYNTEX LTD.,123.4,125,118.1,119.75,118.55,120.9,,119.71,,,2050,247920,55,F1,1,,,,,
10-07-2026,10-07-2026,CM,BSE,STK,503776,INE170C01019,MODIPON,XT,,,,,MODIPON LTD.,40.03,40.03,36.25,36.25,36.25,38.13,,36.25,,,101,3665,4,F1,1,,,,,
10-07-2026,10-07-2026,CM,BSE,STK,503804,INE204C01024,SHRIDINE,XT,,,,,SHRI DINESH MILLS LTD.,348.6,348.6,340,347.75,347.75,341.75,,347.75,,,73,25026,9,F1,1,,,,,
10-07-2026,10-07-2026,CM,BSE,STK,503806,INE647A01010,SRF,A,,,,,SRF LTD.,2799.15,2799.15,2766,2774.85,2773.2,2751.45,,2774.6,,,107089,298132083,669,F1,1,,,,,
10-07-2026,10-07-2026,CM,BSE,STK,503811,INE076B01028,SIYSIL,B,,,,,SIYARAM SILK MILLS LTD.,642.6,647,632.25,645.6,645.6,634.5,,645.05,,,2823,1816707,193,F1,1,,,,,
10-07-2026,10-07-2026,CM,BSE,STK,503816,INE243N01029,SWADPOL,X,,,,,SWADESHI POLYTEX LTD.,36.24,37.5,36.24,36.8,36.91,36.24,,36.8,,,3182,115909,25,F1,1,,,,,
10-07-2026,10-07-2026,CM,BSE,STK,503837,INE796C01011,SHRAJSYNQ,XT,,,,,SHREE RAJASTHAN SYNTEX LTD.,14.54,14.54,14.54,14.54,14.54,15.3,,14.54,,,1316,19134,4,F1,1,,,,,
10-07-2026,10-07-2026,CM,BSE,STK,503960,INE464A01036,BBL,A,,,,,BHARAT BIJLEE LTD.,2690.15,2768.5,2648.85,2751.6,2768.5,2648.85,,2755.8,,,2873,7840841,605,F1,1,,,,,
10-07-2026,10-07-2026,CM,BSE,STK,504000,INE579B01039,ELPROINTL,B,,,,,ELPRO INTERNATIONAL LTD.,175,175,173.2,174.25,174,173.95,,174,,,2691,467966,35,F1,1,,,,,
10-07-2026,10-07-2026,CM,BSE,STK,504028,INE064H01021,GEE,XT,,,,,GEE LTD.,98,105,98,105,105,100,,105,,,61958,6463493,291,F1,1,,,,,
10-07-2026,10-07-2026,CM,BSE,STK,504036,INE835D01023,HIRECT,B,,,,,HIND RECTIFIERS LTD.,1055.25,1062,1029,1054.05,1052,1040.85,,1055.1,,,3123,3273504,228,F1,1,,,,,
10-07-2026,10-07-2026,CM,BSE,STK,504058,INE567A01028,NIPPOBATRY,B,,,,,INDO-NATIONAL LTD.,342,342,336.75,337.05,337.05,338.35,,340.8,,,65,22035,7,F1,1,,,,,
10-07-2026,10-07-2026,CM,BSE,STK,504067,INE520A01027,ZENSARTECH,A,,,,,ZENSAR TECHNOLOGIES LTD.,453.85,516.3,453.85,507.85,508.5,446.9,,508.25,,,2751069,1370668611,29527,F1,1,,,,,
10-07-2026,10-07-2026,CM,BSE,STK,504076,INE511D01012,JYOTI,X,,,,,JYOTI LTD.,59.49,60.49,59,60.13,60.47,58.96,,60.13,,,9853,589152,84,F1,1,,,,,
10-07-2026,10-07-2026,CM,BSE,STK,504080,INE581L01018,JSLINDL,X,,,,,JSL INDUSTRIES LTD.,900,900,900,900,900,900,,900,,,2,1800,2,F1,1,,,,,
10-07-2026,10-07-2026,CM,BSE,STK,504084,INE813G01023,KAYCEEI,X,,,,,KAYCEE INDUSTRIES LTD.,989,989,886.9,934.85,903.5,926,,934.85,,,4200,4014283,309,F1,1,,,,,
10-07-2026,10-07-2026,CM,BSE,STK,504092,INE716F01012,INDOKEM,B,,,,,INDOKEM LTD.,493.1,506.85,493,497,497,496.25,,497,,,2390,1189916,96,F1,1,,,,,
10-07-2026,10-07-2026,CM,BSE,STK,504093,INE795A01017,PANAENERG,X,,,,,PANASONIC ENERGY INDIA COMPANY,259,263,258,260.85,262.85,257.4,,260.85,,,1609,420561,109,F1,1,,,,,
10-07-2026,10-07-2026,CM,BSE,STK,504112,INE045B01015,NELCO,B,,,,,NELCO LTD.,908.5,932.5,887.15,890.65,890.65,897.15,,890.35,,,14466,13184767,853,F1,1,,,,,
10-07-2026,10-07-2026,CM,BSE,STK,504132,INE418E01018,PERMAGN,X,,,,,PERMANENT MAGNETS LTD.,897,901.95,880,892.3,899,892.85,,892.3,,,3000,2661683,190,F1,1,,,,,
10-07-2026,10-07-2026,CM,BSE,STK,504176,INE783E01023,HIGHENE,X,,,,,HIGH ENERGY BATTERIES (INDIA),571,609.8,556.1,593.1,593.1,562.65,,593.1,,,29642,17418775,720,F1,1,,,,,
10-07-2026,10-07-2026,CM,BSE,STK,504180,INE502C01039,STDBAT,X,,,,,STANDARD BATTERIES LTD.,51.2,51.2,48,49.2,48,48.6,,49.2,,,997,49039,40,F1,1,,,,,
10-07-2026,10-07-2026,CM,BSE,STK,504212,INE279A01012,UNIVCABLES,B,,,,,UNIVERSAL CABLES LTD.,1110.4,1137,1101.3,1130.85,1130.85,1102.95,,1130.4,,,7390,8325030,539,F1,1,,,,,
10-07-2026,10-07-2026,CM,BSE,STK,504220,INE100D01014,WSI,B,,,,,W.S.INDUSTRIES (INDIA) LTD.,73.5,73.5,62.89,66.15,65.52,61.65,,66.07,,,5880,386631,111,F1,1,,,,,
10-07-2026,10-07-2026,CM,BSE,STK,504240,INE872E01016,DLTNCBL,X,,,,,DELTON CABLES LTD.,426.1,428.9,416.55,427.35,427.8,423.45,,427.35,,,2835,1209948,83,F1,1,,,,,
10-07-2026,10-07-2026,CM,BSE,STK,504258,INE284C01018,LAKSELEC,X,,,,,LAKSHMI ELECTRICAL CONTROL SYS,810.05,869.45,801.1,847.5,850,813.55,,847.5,,,2436,2058515,167,F1,1,,,,,
10-07-2026,10-07-2026,CM,BSE,STK,504273,INE064R01012,MODULEX,Z,,,,,MODULEX CONSTRUCTION TECHNOLOG,15.52,15.52,14.24,15,15,14.98,,15,,,15529,231120,21,F1,1,,,,,
10-07-2026,10-07-2026,CM,BSE,STK,504286,INE393A01011,DELTAMAGNT,B,,,,,DELTA MANUFACTURING LIMITED,61.6,61.6,59.85,59.87,59.85,58.49,,59.19,,,910,55181,10,F1,1,,,,,
10-07-2026,10-07-2026,CM,BSE,STK,504340,INE180M01033,LONGSPUR,X,,,,,Longspur International Venture,6.81,7.39,6.81,7.36,7.36,7.08,,7.36,,,39597,277163,55,F1,1,,,,,
10-07-2026,10-07-2026,CM,BSE,STK,504341,INE206N01018,RELTD,B,,,,,RAVINDRA ENERGY LIMITED,179.3,179.4,173.25,174.1,174.25,179.45,,174.12,,,71501,12579469,795,F1,1,,,,,
10-07-2026,10-07-2026,CM,BSE,STK,504351,INE507F01023,EMPOWER,T,,,,,EMPOWER INDIA LTD.,2.14,2.2,2.14,2.15,2.14,2.25,,2.14,,,422988,907172,297,F1,1,,,,,
10-07-2026,10-07-2026,CM,BSE,STK,504369,INE927M01029,GRANDMA,X,,,,,GRANDMA TRADING & AGENCIES LTD,0.32,0.32,0.32,0.32,0.32,0.33,,0.32,,,33329,10665,25,F1,1,,,,,
10-07-2026,10-07-2026,CM,BSE,STK,504375,INE459E01012,IDREAM,P,,,,,IDream Film Infrastructure Com,597.3,599,597.3,599,599,609.45,,599,,,300,179445,4,F1,50,,,,,
10-07-2026,10-07-2026,CM,BSE,STK,504378,INE812K01027,NYSSACORP,X,,,,,NYSSA CORPORATION LIMITED,2.31,2.4,2.31,2.37,2.39,2.32,,2.37,,,31383,74022,67,F1,1,,,,,
10-07-2026,10-07-2026,CM,BSE,STK,504380,INE952M01019,FLOMIC,X,,,,,FLOMIC GLOBAL LOGISTICS LIMITE,51.56,53,51.55,51.6,52,51.55,,51.6,,,253,13072,14,F1,1,,,,,
10-07-2026,10-07-2026,CM,BSE,STK,504392,INE537L01010,KRISHNA,XT,,,,,KRISHNA VENTURES LIMITED,41.98,42,40.1,40.35,41.99,40,,40.35,,,19334,807455,45,F1,1,,,,,
10-07-2026,10-07-2026,CM,BSE,STK,504397,INE932M01011,GANHOLD,XT,,,,,GANESH HOLDINGS LTD.,82,82.75,82,82.75,82.75,83.65,,82.75,,,2,164,2,F1,1,,,,,
10-07-2026,10-07-2026,CM,BSE,STK,504398,INE312B01027,SJCORP,XT,,,,,SJ CORPORATION LTD.,148.3,148.3,134.2,148.3,148.3,141.25,,148.3,,,5238,764189,51,F1,1,,,,,
10-07-2026,10-07-2026,CM,BSE,STK,504605,INE361D01012,UNIABEXAL,XT,,,,,UNI ABEX ALLOY PRODUCTS LTD.,5650,5650,5510,5601.2,5601.2,5574.5,,5601.2,,,430,2412378,61,F1,1,,,,,
10-07-2026,10-07-2026,CM,BSE,STK,504614,INE385C01021,SARDAEN,A,,,,,SARDA ENERGY & MINERALS LTD.,501.6,506.6,498.1,501.65,498.1,495.2,,500.95,,,8527,4287836,308,F1,1,,,,,
10-07-2026,10-07-2026,CM,BSE,STK,504646,INE106G01014,BGWTATO,X,,,,,BHAGWATI AUTOCAST LTD.,507.8,507.8,491.3,500,498.95,502.65,,500,,,291,143738,20,F1,1,,,,,
10-07-2026,10-07-2026,CM,BSE,STK,504648,INE089T01023,BOMBWIR,X,,,,,BOMBAY WIRE ROPES LTD.,46.99,53.99,46.99,50,50,45.66,,50,,,627,32555,23,F1,1,,,,,
10-07-2026,10-07-2026,CM,BSE,STK,504697,INE255C01026,GALADA,XT,,,,,GALADA POWER & TELECOMMUNICATI,11.83,11.83,11.83,11.83,11.83,11.6,,11.83,,,232,2744,4,F1,1,,,,,
10-07-2026,10-07-2026,CM,BSE,STK,504731,INE566M01017,AZADIND,X,,,,,AZAD INDIA MOBILITY LIMITED,93,93,85.5,89.27,89.8,87.71,,89.27,,,4506,399493,64,F1,1,,,,,
10-07-2026,10-07-2026,CM,BSE,STK,504741,INE323C01030,INDIANHUME,B,,,,,INDIAN HUME PIPE CO.LTD.,348.25,368.9,348.25,367.25,367.25,348.95,,367.1,,,28092,10206478,919,F1,1,,,,,
10-07-2026,10-07-2026,CM,BSE,STK,504746,INE359D01024,INLCM,X,,,,,INDIAN LINK CHAIN MANUFACTURES,875,880,820.25,842.7,850,838.3,,842.7,,,1142,976221,88,F1,1,,,,,
10-07-2026,10-07-2026,CM,BSE,STK,504786,INE155E01016,INVPRECQ,B,,,,,INVESTMENT & PRECISION CASTING,803.15,818,799.65,799.65,799.65,799.65,,798.15,,,970,790282,46,F1,1,,,,,
10-07-2026,10-07-2026,CM,BSE,STK,504810,INE123E01014,INFORTEC,X,,,,,INFORMED TECHNOLOGIES INDIA LT,87,87,80.6,82.99,83,87,,82.99,,,528,43036,24,F1,1,,,,,
10-07-2026,10-07-2026,CM,BSE,STK,504840,INE375D01012,KAIRA,X,,,,,KAIRA CAN CO.LTD.,1635,1635,1635,1635,1635,1597.35,,1635,,,1,1635,1,F1,1,,,,,
10-07-2026,10-07-2026,CM,BSE,STK,504879,INE569C01020,ORIENTCER,B,,,,,ORIENT CERATECH LIMITED,44.79,44.79,41.9,42.41,42.04,41.37,,42.38,,,21319,904165,230,F1,1,,,,,
10-07-2026,10-07-2026,CM,BSE,STK,504882,INE166R01015,NATIONSTD,B,,,,,NATIONAL STANDARD (INDIA) LTD.,538.55,538.55,538.55,538.55,538.55,566.85,,534.4,,,581,312897,35,F1,1,,,,,
10-07-2026,10-07-2026,CM,BSE,STK,504903,INE336C01016,RATHIST,X,,,,,RATHI STEEL & POWER LTD.,21.4,21.85,21,21.49,21.55,20.86,,21.49,,,136627,2943968,457,F1,1,,,,,
10-07-2026,10-07-2026,CM,BSE,STK,504908,INE340F01011,DUNCANENG,X,,,,,Duncan Engineering Limited,375.35,385.75,375,377.35,385.75,375.75,,377.35,,,355,133269,10,F1,1,,,,,
10-07-2026,10-07-2026,CM,BSE,STK,504918,INE149K01016,SANDUMA,B,,,,,SANDUR MANGANESE & IRON ORES L,204.7,209.9,202.5,203.5,203.5,203.9,,203.34,,,67525,13929313,1162,F1,1,,,,,
10-07-2026,10-07-2026,CM,BSE,STK,504959,INE755D01015,STOVACQ,X,,,,,STOVEC INDUSTRIES LTD.,1677,1725,1677,1700.05,1700.05,1706.4,,1700.05,,,432,741417,73,F1,1,,,,,
10-07-2026,10-07-2026,CM,BSE,STK,504973,INE149A01033,CHOLAHLDNG,A,,,,,CHOLAMANDALAM FINANCIAL HOLDIN,1650.15,1678.55,1647,1653.3,1653.3,1654.05,,1652.1,,,31298,51727280,1149,F1,1,,,,,
10-07-2026,10-07-2026,CM,BSE,STK,504988,INE380G01015,ZWELCAST,X,,,,,WELCAST STEELS LTD.,696,696,692,692,692,691,,692,,,35,24245,6,F1,1,,,,,
10-07-2026,10-07-2026,CM,BSE,STK,505010,INE449A01011,AUTOAXLES,B,,,,,AUTOMOTIVE AXLES LTD.,1773.35,1812.3,1771.05,1783.9,1788.95,1762.35,,1773.7,,,141,251958,35,F1,1,,,,,
10-07-2026,10-07-2026,CM,BSE,STK,505029,INE446A01025,ATLASCYCLE,B,,,,,ATLAS CYCLES (HARYANA) LTD.,99,99.51,97,98.13,99.51,98.07,,97.41,,,313,30895,12,F1,1,,,,,
10-07-2026,10-07-2026,CM,BSE,STK,505036,INE451C01013,ACGL,B,,,,,AUTOMOBILE CORPORATION OF GOA,2288.95,2349.9,2281,2332.4,2332,2276.2,,2332.4,,,3318,7714926,475,F1,1,,,,,
10-07-2026,10-07-2026,CM,BSE,STK,505075,INE878E01021,SETCO,T,,,,,SETCO AUTOMOTIVE LTD.,18.9,18.9,18.74,18.9,18.9,18,,19.28,,,4528,85555,11,F1,1,,,,,
10-07-2026,10-07-2026,CM,BSE,STK,505160,INE187D01029,TALBROAUTO,B,,,,,TALBROS AUTOMOTIVE COMPONENTS,413.05,415.65,406.05,407.95,410.05,409.7,,408.1,,,6952,2850160,294,F1,1,,,,,
10-07-2026,10-07-2026,CM,BSE,STK,505163,INE116C01012,ZFSTEERING,B,,,,,Z.F.STEERING GEAR (INDIA) LTD.,666.95,684.85,664.05,667.2,664.05,662.5,,664,,,271,182400,39,F1,1,,,,,
10-07-2026,10-07-2026,CM,BSE,STK,505192,INE294B01019,SMLMAH,B,,,,,SML Mahindra Limited,4120,4189,4103,4154.95,4159.95,4042.2,,4154.9,,,18183,75587512,918,F1,1,,,,,
10-07-2026,10-07-2026,CM,BSE,STK,505196,INE806C01018,TIL,B,,,,,TIL LTD.,221.45,231.9,216.1,216.55,216.8,218.4,,216.37,,,16592,3655385,1066,F1,1,,,,,
10-07-2026,10-07-2026,CM,BSE,STK,505200,INE066A01021,EICHERMOT,A,,,,,EICHER MOTORS LTD.,7400,7455,7336,7364.2,7360,7365.4,,7365.5,,,252072,1854994953,3513,F1,1,,,,,
10-07-2026,10-07-2026,CM,BSE,STK,505212,INE280F01019,JAINEX,X,,,,,JAINEX AAMCOL LTD.,120.4,120.4,118,119.2,120.4,112.2,,119.2,,,6,717,4,F1,1,,,,,
10-07-2026,10-07-2026,CM,BSE,STK,505216,INE782D01027,ALFREDHE,X,,,,,ALFRED HERBERT (INDIA) LTD.,2854.5,2854.5,2725,2787.55,2725,2791.25,,2787.55,,,48,134299,22,F1,1,,,,,
10-07-2026,10-07-2026,CM,BSE,STK,505232,INE232E01013,VELJAN,T,,,,,VELJAN DENISON LIMITED,1601,1649.45,1600,1610.65,1612,1625.05,,1611.6,,,309,497005,20,F1,1,,,,,
10-07-2026,10-07-2026,CM,BSE,STK,505242,INE221B01012,DYNAMATECH,B,,,,,DYNAMATIC TECHNOLOGIES LTD.,11017.2,11017.2,10621.9,10671.55,10660,10817.2,,10688,,,1481,15935770,333,F1,1,,,,,
10-07-2026,10-07-2026,CM,BSE,STK,505250,INE631D01026,GGDPROP,X,,,,,G. G. Dandekar Properties Limi,79,85.98,79,80.85,80.85,76.94,,80.85,,,6473,531271,83,F1,1,,,,,
10-07-2026,10-07-2026,CM,BSE,STK,505255,INE541A01023,GMMPFAUDLR,A,,,,,GMM PFAUDLER LTD.,763.95,775.4,751.8,755.85,760,765.05,,754.55,,,13175,10056390,726,F1,1,,,,,
10-07-2026,10-07-2026,CM,BSE,STK,505283,INE811A01020,KIRLPNU,A,,,,,KIRLOSKAR PNEUMATIC CO.LTD.,1813.75,1813.75,1764,1782.8,1781.4,1781.9,,1783.7,,,4194,7451897,314,F1,1,,,,,
10-07-2026,10-07-2026,CM,BSE,STK,505299,INE731D01024,KPT,X,,,,,KPT INDUSTRIES LIMITED,569.1,583.75,553.1,559.1,559.1,568.3,,559.1,,,2200,1243109,154,F1,1,,,,,
10-07-2026,10-07-2026,CM,BSE,STK,505302,INE718M01022,LAKSHMIEW,X,,,,,LAKSHMI ENGINEERING AND WAREHO,2301.2,2420,2301.2,2324.75,2325,2429.75,,2324.75,,,33,77080,11,F1,1,,,,,
10-07-2026,10-07-2026,CM,BSE,STK,505324,INE867A01022,MANUGRAPH,T,,,,,MANUGRAPH INDIA LTD.,14.91,15.28,14.61,15.28,15.28,15.28,,15.05,,,1588,23853,10,F1,1,,,,,
10-07-2026,10-07-2026,CM,BSE,STK,505336,INE098E01026,HARSHILAGR,XT,,,,,HARSHIL AGROTECH LIMITED,0.3,0.3,0.29,0.29,0.3,0.3,,0.29,,,3817779,1117577,742,F1,1,,,,,
10-07-2026,10-07-2026,CM,BSE,STK,505343,INE811D01024,MONOT,X,,,,,MONOTYPE INDIA LTD.,0.37,0.37,0.36,0.37,0.37,0.36,,0.37,,,778193,282575,288,F1,1,,,,,
10-07-2026,10-07-2026,CM,BSE,STK,505355,INE317F01035,NESCO,B,,,,,NESCO LTD.,1100.25,1103.6,1085,1098.9,1090,1096.25,,1099,,,2873,3147776,242,F1,1,,,,,
10-07-2026,10-07-2026,CM,BSE,STK,505358,INE984B01023,INTEGRAEN,XT,,,,,INTEGRA ENGINEERING INDIA LTD.,198,204.5,196.15,202.25,202.5,199,,202.25,,,4695,934877,71,F1,1,,,,,
10-07-2026,10-07-2026,CM,BSE,STK,505400,INE435C01024,TEXINFRA,B,,,,,TEXMACO INFRASTRUCTURE & HOLDI,115.4,115.4,113.55,114.4,114.2,114.85,,114.5,,,10520,1203007,149,F1,1,,,,,
10-07-2026,10-07-2026,CM,BSE,STK,505412,INE274C01019,WENDT,B,,,,,WENDT (INDIA) LTD.,7773,7899.85,7758.85,7854.85,7854.85,7709.1,,7842.5,,,304,2382234,125,F1,1,,,,,
10-07-2026,10-07-2026,CM,BSE,STK,505502,INE953M01033,PSITINFRA,XT,,,,,PS IT INFRASTRUCTURE & SERVICE,1.06,1.08,1.05,1.08,1.08,1.06,,1.08,,,2691,2855,10,F1,1,,,,,
10-07-2026,10-07-2026,CM,BSE,STK,505504,INE809Q01020,GHVINFRA,X,,,,,GHV INFRA PROJECTS LIMITED,202.85,202.85,202.85,202.85,202.85,193.2,,202.85,,,6090,1235356,65,F1,1,,,,,
10-07-2026,10-07-2026,CM,BSE,STK,505509,INE688D01026,RESPONIND,B,,,,,RESPONSIVE INDUSTRIES LTD.,190.5,196.5,187.45,188.1,188,190.35,,188.35,,,21429,4085422,417,F1,1,,,,,
10-07-2026,10-07-2026,CM,BSE,STK,505515,INE203N01015,SHYMINV,X,,,,,SHYAMKAMAL INVESTMENTS LTD.,12.23,12.34,11.49,12.33,12.33,12.06,,12.33,,,7675,91072,52,F1,1,,,,,
10-07-2026,10-07-2026,CM,BSE,STK,505523,INE272E01027,MAHACORP,X,,,,,MAHARASHTRA CORPORATION LTD.,0.33,0.34,0.32,0.34,0.34,0.34,,0.34,,,824474,273486,239,F1,1,,,,,
10-07-2026,10-07-2026,CM,BSE,STK,505526,INE966A01022,DOLATALGO,B,,,,,DOLAT ALGOTECH LIMITED,70.2,72.45,70.2,72.06,72.3,71.11,,72.15,,,4265,307531,102,F1,1,,,,,
10-07-2026,10-07-2026,CM,BSE,STK,505533,INE274F01020,WESTLIFE,A,,,,,WESTLIFE FOODWORLD LIMITED,505.1,511.15,500.5,508.1,506.9,497.4,,507.6,,,2652,1341801,137,F1,1,,,,,
10-07-2026,10-07-2026,CM,BSE,STK,505537,INE256A01028,ZEEL,A,,,,,ZEE ENTERTAINMENT ENTERPRISES,100.4,102,96.75,97.1,97.1,99.8,,97.43,,,1570514,154844630,4822,F1,1,,,,,
10-07-2026,10-07-2026,CM,BSE,STK,505590,INE308E01029,SVPGLOB,T,,,,,SVP GLOBAL TEXTILES LIMITED,3.85,3.99,3.8,3.99,3.99,3.99,,3.82,,,2560,9781,17,F1,1,,,,,
10-07-2026,10-07-2026,CM,BSE,STK,505650,INE178E01026,SKYLMILAR,X,,,,,SKYLINE MILLARS LTD.,15.25,15.65,15.25,15.65,15.65,15.03,,15.65,,,1009,15616,5,F1,1,,,,,
10-07-2026,10-07-2026,CM,BSE,STK,505681,INE469A01019,BIMETAL,B,,,,,BIMETAL BEARINGS LTD.,680,690,666,688.35,690,667.2,,688.6,,,429,292100,36,F1,1,,,,,
10-07-2026,10-07-2026,CM,BSE,STK,505688,INE561C01019,BHARATGEAR,T,,,,,BHARAT GEARS LTD.,120.1,123,119.5,122.1,123,121.15,,122,,,6029,726668,62,F1,1,,,,,
10-07-2026,10-07-2026,CM,BSE,STK,505690,INE856A01017,BRADYM,X,,,,,BRADY & MORRIS ENGINEERING CO.,734,748.65,710,746.95,746.95,734,,746.95,,,436,315781,73,F1,1,,,,,
10-07-2026,10-07-2026,CM,BSE,STK,505693,INE501N01020,LATIMMETAL,X,,,,,La Tim Metal & Industries Limi,7.87,8.29,7.17,7.33,7.33,7.8,,7.33,,,1503677,11380785,1031,F1,1,,,,,
10-07-2026,10-07-2026,CM,BSE,STK,505700,INE205B01031,ELECON,A,,,,,ELECON ENGINEERING CO.LTD.,517.95,522.45,482.3,510.3,510.3,513,,510.55,,,159233,79771648,4266,F1,1,,,,,
10-07-2026,10-07-2026,CM,BSE,STK,505710,INE266D01021,GRAUWEIL,B,,,,,GRAUER & WEIL (INDIA) LTD.,80,83.8,79.88,81.38,81.38,80.3,,81.12,,,104341,8534256,994,F1,1,,,,,
10-07-2026,10-07-2026,CM,BSE,STK,505712,INE705G01021,HIMTEK,X,,,,,HIM TEKNOFORGE LIMITED,194.95,194.95,189.15,193.75,193.95,188.4,,193.75,,,1416,271812,35,F1,1,,,,,
10-07-2026,10-07-2026,CM,BSE,STK,505714,INE524A01029,GABRIEL,A,,,,,GABRIEL INDIA LTD.,1261.5,1269,1244.3,1251,1251,1253.7,,1250.8,,,12636,15881795,567,F1,1,,,,,
10-07-2026,10-07-2026,CM,BSE,STK,505720,INE688E01024,HERCULES,X,,,,,Hercules Investments Limited,117.9,119,115.6,117.55,118,115.6,,117.55,,,8211,966914,151,F1,1,,,,,
10-07-2026,10-07-2026,CM,BSE,STK,505725,INE598D01035,ALGOQUANT,B,,,,,ALGOQUANT FINTECH LIMITED,58,59.3,58,58.99,59.07,57.49,,58.96,,,307655,18072559,878,F1,1,,,,,
10-07-2026,10-07-2026,CM,BSE,STK,505726,INE559A01017,IFBIND,B,,,,,IFB INDUSTRIES LTD.,1300.6,1392.45,1294.25,1380.3,1380.3,1282.75,,1380.5,,,33899,45608620,2327,F1,1,,,,,
10-07-2026,10-07-2026,CM,BSE,STK,505729,INE638A01035,SINGERIND,B,,,,,SINGER INDIA LTD.,68.4,69.95,67.8,68.31,68,67.73,,68.07,,,7452,511643,136,F1,1,,,,,
10-07-2026,10-07-2026,CM,BSE,STK,505737,INE403C01014,INTLCOMBQ,X,,,,,INTERNATIONAL COMBUSTION (INDI,585.15,622,585.15,615.9,610,580.2,,615.9,,,5188,3146395,237,F1,1,,,,,
10-07-2026,10-07-2026,CM,BSE,STK,505744,INE529A01010,FMGOETZE,B,,,,,FEDERAL-MOGUL GOETZE (INDIA) L,451,459.05,451,453.4,454.65,447.15,,453.45,,,3086,1409632,74,F1,1,,,,,
10-07-2026,10-07-2026,CM,BSE,STK,505750,INE636D01041,JOSTS,X,,,,,JOSTS ENGINEERING CO.LTD.,254.9,256,248.95,255.7,256,251.1,,255.7,,,5844,1477331,110,F1,1,,,,,
10-07-2026,10-07-2026,CM,BSE,STK,505790,INE513A01022,SCHAEFFLER,A,,,,,Schaeffler India Limited,4045.8,4110,4045.8,4087.05,4087.05,4046.7,,4085.1,,,1061,4335896,276,F1,1,,,,,
10-07-2026,10-07-2026,CM,BSE,STK,505800,INE384A01010,RANEHOLDIN,B,,,,,RANE HOLDINGS LTD.,1798.3,1836.7,1778.1,1791.35,1785.6,1774.15,,1793.3,,,727,1314914,145,F1,1,,,,,
10-07-2026,10-07-2026,CM,BSE,STK,505827,INE568F01017,SNL,X,,,,,SNL BEARINGS LTD.,384.4,388.75,378.15,380.65,380.65,384.5,,380.65,,,2060,782457,38,F1,1,,,,,
10-07-2026,10-07-2026,CM,BSE,STK,505840,INE058D01030,JAIPAN,X,,,,,JAIPAN INDUSTRIES LTD.,35.85,37.02,35.84,36.99,37.02,33.66,,36.99,,,69313,2562650,240,F1,1,,,,,
10-07-2026,10-07-2026,CM,BSE,STK,505850,INE545L01039,MANCREDIT,B,,,,,MANGAL CREDIT AND FINCORP LTD.,234.05,241.05,232.95,237.25,237,240.05,,237.4,,,5412,1284296,163,F1,1,,,,,
10-07-2026,10-07-2026,CM,BSE,STK,505854,INE391D01019,TRF,B,,,,,TRF LTD.,225.5,241.45,225.5,234.75,233.4,233.75,,234.97,,,18797,4414490,239,F1,1,,,,,
10-07-2026,10-07-2026,CM,BSE,STK,505872,INE765D01022,WPIL,B,,,,,WPIL LTD.,480.95,495,462.05,466.75,470.8,476.75,,465.6,,,8605,4103819,578,F1,1,,,,,
10-07-2026,10-07-2026,CM,BSE,STK,505890,INE717A01029,KENNAMET,B,,,,,KENNAMETAL INDIA LTD.,2811.3,2856,2801,2811.25,2811.5,2804.7,,2812.4,,,631,1779677,329,F1,1,,,,,
10-07-2026,10-07-2026,CM,BSE,STK,505893,INE724D01011,HINDHARD,X,,,,,HINDUSTAN HARDY LIMITED,832.3,846.8,807,824.9,829,832.3,,824.9,,,1615,1331399,98,F1,1,,,,,
10-07-2026,10-07-2026,CM,BSE,STK,505978,INE440G01017,TRITONV,X,,,,,TRITON VALVES LTD.,1087.95,1087.95,1040,1044.5,1044.5,1065.8,,1044.5,,,2765,2902783,169,F1,1,,,,,
10-07-2026,10-07-2026,CM,BSE,STK,506003,INE618D01015,SUDAI,X,,,,,SUDAL INDUSTRIES LTD.,36.76,37.84,36.38,37.54,37.5,36.75,,37.54,,,378,13917,23,F1,1,,,,,
10-07-2026,10-07-2026,CM,BSE,STK,506022,INE603A01013,PRAKASH,B,,,,,PRAKASH INDUSTRIES LTD.,129.3,131.4,128.65,129,129,128.15,,129.04,,,14774,1917161,390,F1,1,,,,,
10-07-2026,10-07-2026,CM,BSE,STK,506074,INE968D01022,ARSHIYA,Z,,,,,ARSHIYA LIMITED,1.05,1.06,1.03,1.06,1.06,1.05,,1.04,,,50261,52558,11,F1,1,,,,,
10-07-2026,10-07-2026,CM,BSE,STK,506076,INE536A01023,GRINDWELL,A,,,,,GRINDWELL NORTON LTD.,2010.95,2081.4,2010.95,2058.85,2064.35,2021.9,,2058.6,,,2596,5315813,410,F1,1,,,,,
10-07-2026,10-07-2026,CM,BSE,STK,506105,INE441L01015,STANROS,X,,,,,STANROSE MAFATLAL INVESTMENTS,67,67.3,65,65.53,65.53,67,,65.53,,,393,25765,13,F1,1,,,,,
10-07-2026,10-07-2026,CM,BSE,STK,506109,INE727B01026,GENESYS,B,,,,,GENESYS INTERNATIONAL CORPORAT,328,331.3,325,325.85,326.3,323.95,,326.15,,,6870,2250353,179,F1,1,,,,,
10-07-2026,10-07-2026,CM,BSE,STK,506122,INE820M01018,VOLKAI,XT,,,,,Kairosoft AI Solutions Limited,84.66,84.66,84.5,84.6,84.6,83,,84.6,,,5795,490485,19,F1,1,,,,,
10-07-2026,10-07-2026,CM,BSE,STK,506128,INE383L01019,PARNAXLAB,X,,,,,PARNAX LAB LTD.,145,145,142.7,142.7,142.7,145.5,,142.7,,,1089,157343,11,F1,1,,,,,
10-07-2026,10-07-2026,CM,BSE,STK,506134,INE512D01028,GOURMET,XT,,,,,GOURMET GATEWAY INDIA LIMITED,11.84,12.9,11.84,12.2,12.2,12.46,,12.2,,,6521,81078,23,F1,1,,,,,
10-07-2026,10-07-2026,CM,BSE,STK,506146,INE370E01029,VIVIDHA,B,,,,,VISAGAR POLYTEX LTD.,0.53,0.55,0.52,0.53,0.53,0.53,,0.53,,,106253,56494,53,F1,1,,,,,
10-07-2026,10-07-2026,CM,BSE,STK,506166,INE070K01014,APIS,B,,,,,APIS INDIA LTD.,54.1,56.39,54.1,55.99,56,55.89,,55.99,,,6194,343914,169,F1,1,,,,,
10-07-2026,10-07-2026,CM,BSE,STK,506180,INE668L01013,EMERGENT,XT,,,,,EMERGENT INDUSTRIAL SOLUTIONS,417,417,397,417,417,417.7,,417,,,30,12461,7,F1,1,,,,,
10-07-2026,10-07-2026,CM,BSE,STK,506184,INE879E01037,KANANIIND,B,,,,,KANANI INDUSTRIES LTD.,1.52,1.6,1.5,1.54,1.53,1.52,,1.54,,,28631,44154,79,F1,1,,,,,
10-07-2026,10-07-2026,CM,BSE,STK,506186,INE403B01016,GSLTD,X,,,,,GALAXY SUPERMARKET LIMITED,18.99,19.03,17.31,18.77,18.35,18.13,,18.77,,,48267,899266,80,F1,1,,,,,
10-07-2026,10-07-2026,CM,BSE,STK,506194,INE643K01018,ARIHANTSUP,B,,,,,ARIHANT SUPERSTRUCTURES LIMITE,257.5,262.05,257.5,261.8,261.8,262.75,,263.25,,,23,6012,13,F1,1,,,,,
10-07-2026,10-07-2026,CM,BSE,STK,506197,INE416D01022,BLISSGVS,T,,,,,BLISS GVS PHARMA LTD.,527,533.05,512,521.1,522,523.7,,524.1,,,13853,7260720,276,F1,1,,,,,
10-07-2026,10-07-2026,CM,BSE,STK,506222,INE189B01011,STYRENIX,A,,,,,Styrenix Performance Materials,2216.6,2301,2216.6,2272.35,2272.35,2264.3,,2271.3,,,342,780201,87,F1,1,,,,,
10-07-2026,10-07-2026,CM,BSE,STK,506235,INE426A01027,ALEMBICLTD,B,,,,,ALEMBIC LTD.,89.93,90.4,89.33,89.99,89.99,88.92,,89.97,,,12761,1146962,203,F1,1,,,,,
10-07-2026,10-07-2026,CM,BSE,STK,506248,INE275D01022,AMNPLST,B,,,,,AMINES & PLASTICIZERS LTD.,204.8,204.8,200,200,200,204.3,,207.64,,,807,161756,45,F1,1,,,,,
10-07-2026,10-07-2026,CM,BSE,STK,506260,INE489G01022,ANUHPHR,B,,,,,ANUH PHARMA LTD.,77.55,80.77,77.55,78.73,78.74,79.13,,78.79,,,2917,230613,83,F1,1,,,,,
10-07-2026,10-07-2026,CM,BSE,STK,506261,INE737D01021,MODISONLTD,T,,,,,MODISON LIMITED,286.55,304,286.55,299,298,291.15,,299.15,,,13177,3933623,164,F1,1,,,,,
10-07-2026,10-07-2026,CM,BSE,STK,506285,INE462A01022,BAYERCROP,A,,,,,BAYER CROPSCIENCE LTD.,4140,4145.95,4117.95,4131.75,4135.6,4119.75,,4129.9,,,580,2396686,180,F1,1,,,,,
10-07-2026,10-07-2026,CM,BSE,STK,506365,INE320M01019,STARSOURCE,X,,,,,STARSOURCE MULTITRADE LIMITED,97.32,97.32,96.99,96.99,96.99,92.69,,96.99,,,1731,168454,21,F1,1,,,,,
10-07-2026,10-07-2026,CM,BSE,STK,506390,INE492A01029,SUDARCOLOR,B,,,,,Sudarshan Colorants India Limi,350.8,374.2,350.8,368.3,368.3,355.5,,370.55,,,864,317033,78,F1,1,,,,,
10-07-2026,10-07-2026,CM,BSE,STK,506395,INE169A01031,COROMANDEL,A,,,,,COROMANDEL INTERNATIONAL LTD.,2019,2078,2019,2067.35,2073,2017.6,,2067.8,,,7530,15444843,787,F1,1,,,,,
10-07-2026,10-07-2026,CM,BSE,STK,506401,INE288B01029,DEEPAKNTR,A,,,,,DEEPAK NITRITE LTD.,1621.7,1668,1621.7,1642.55,1646,1623.25,,1643.9,,,17381,28696078,1561,F1,1,,,,,
10-07-2026,10-07-2026,CM,BSE,STK,506405,INE505A01010,DMCC,B,,,,,DMCC SPECIALITY CHEMICALS LIMI,276.15,276.55,263,264.05,264.4,267.4,,263.6,,,1872,507753,69,F1,1,,,,,
10-07-2026,10-07-2026,CM,BSE,STK,506414,INE225B01021,FERMENTA,B,,,,,FERMENTA BIOTECH LIMITED,408,415.7,396.95,411.65,409.8,401.1,,411.8,,,25606,10431531,736,F1,1,,,,,
10-07-2026,10-07-2026,CM,BSE,STK,506480,INE077F01035,GOCLCORP,B,,,,,GOCL Corporation Limited,410.25,414.9,402.3,406.9,405.3,410.05,,406.35,,,6112,2498391,346,F1,1,,,,,
10-07-2026,10-07-2026,CM,BSE,STK,506520,INE693E01016,JAYCH,X,,,,,JAYSHREE CHEMICALS LTD.,6,6.14,5.95,6.11,6.11,5.93,,6.11,,,27724,169321,79,F1,1,,,,,
10-07-2026,10-07-2026,CM,BSE,STK,506525,INE138C01024,KANORICHEM,T,,,,,KANORIA CHEMICALS & INDUSTRIES,135.2,138.3,134.15,136.4,136.4,131.75,,136.41,,,4667,638349,62,F1,1,,,,,
10-07-2026,10-07-2026,CM,BSE,STK,506528,INE881E01017,KELENRG,XT,,,,,KELTECH ENERGIES LTD.,8726.5,8799.95,8290.2,8680.85,8517,8726.5,,8680.85,,,3232,27290464,411,F1,1,,,,,
10-07-2026,10-07-2026,CM,BSE,STK,506530,INE060E01018,KEMP,X,,,,,KEMP & COMPANY LTD.,1085,1138.1,1081.2,1138.1,1138.1,1138.1,,1138.1,,,26,28214,9,F1,1,,,,,
10-07-2026,10-07-2026,CM,BSE,STK,506532,INE265B01019,NITTAGELA,B,,,,,NITTA GELATIN INDIA LTD.,1950,2088,1949.9,2031.3,2033,1926.65,,2031.4,,,13317,26978786,882,F1,1,,,,,
10-07-2026,10-07-2026,CM,BSE,STK,506579,INE321D01016,AGVENTURES,X,,,,,AG VENTURES LIMITED,114.85,118.2,114,116.35,116.35,114.85,,116.35,,,1889,219125,60,F1,1,,,,,
10-07-2026,10-07-2026,CM,BSE,STK,506590,INE602A01031,PCBL,A,,,,,PCBL Chemical Limited,307.1,313.15,307.1,309.65,310.4,303.95,,309.55,,,22605,7019836,567,F1,1,,,,,
10-07-2026,10-07-2026,CM,BSE,STK,506597,INE841D01013,AMAL,X,,,,,AMAL LTD.,604,625,594.35,614.75,614,594.35,,614.75,,,8508,5229757,322,F1,1,,,,,
10-07-2026,10-07-2026,CM,BSE,STK,506605,INE752B01024,POLYCHEM,X,,,,,POLYCHEM LTD.,1947,1947,1920,1921.6,1920,1902.85,,1921.6,,,28,53998,14,F1,1,,,,,
10-07-2026,10-07-2026,CM,BSE,STK,506618,INE277B01014,PUNJABCHEM,B,,,,,PUNJAB CHEMICALS AND CROP PROT,1105.1,1127.6,1091.1,1102.35,1100.4,1091.2,,1107.6,,,575,636651,84,F1,1,,,,,
10-07-2026,10-07-2026,CM,BSE,STK,506640,INE218N01021,ZR2,XT,,,,,ZR2 BIOENERGY LIMITED,120,123.8,118,123.8,123.8,123.9,,123.8,,,251,30421,10,F1,1,,,,,
10-07-2026,10-07-2026,CM,BSE,STK,506642,INE888C01040,SADHNANIQ,T,,,,,SADHANA NITROCHEM LTD.,2.69,2.76,2.69,2.73,2.73,2.72,,2.73,,,363164,989247,80,F1,1,,,,,
10-07-2026,10-07-2026,CM,BSE,STK,506655,INE659A01023,SUDARSCHEM,A,,,,,SUDARSHAN CHEMICAL INDUSTRIES,940.7,1008,936.45,999.1,999.1,942.65,,999.25,,,28605,27888613,1212,F1,1,,,,,
10-07-2026,10-07-2026,CM,BSE,STK,506680,INE014B01011,TECILCHEM,B,,,,,TECIL CHEMICALS & HYDRO POWER,10.09,11.47,9.33,10.35,10.35,10.58,,9.75,,,215,2240,17,F1,1,,,,,
10-07-2026,10-07-2026,CM,BSE,STK,506685,INE405A01021,ULTRAMAR,B,,,,,ULTRAMARINE & PIGMENTS LTD.,392.7,399,384.6,394.1,394.05,388.65,,394.35,,,7496,2964455,1339,F1,1,,,,,
10-07-2026,10-07-2026,CM,BSE,STK,506687,INE687A01016,TRANSPEK,B,,,,,TRANSPEK INDUSTRY LTD.,1007.95,1008,970,980.95,980.95,981.85,,979.75,,,5137,5037659,321,F1,1,,,,,
10-07-2026,10-07-2026,CM,BSE,STK,506690,INE351A01035,UNICHEMLAB,B,,,,,UNICHEM LABORATORIES LTD.,651.75,672,632,639.5,639.5,651.3,,638.8,,,80251,52293561,2559,F1,1,,,,,
10-07-2026,10-07-2026,CM,BSE,STK,506734,INE741A01011,MYSORPETRO,X,,,,,MYSORE PETRO CHEMICALS LTD.,99,101.98,94.1,95.71,95.71,98,,95.71,,,1941,187426,51,F1,1,,,,,
10-07-2026,10-07-2026,CM,BSE,STK,506767,INE150B01039,ALKYLAMINE,A,,,,,ALKYL AMINES CHEMICALS LTD.,1962.5,2005.6,1937.5,1959.4,1951.05,1955.85,,1956.2,,,10636,21035162,1061,F1,1,,,,,
10-07-2026,10-07-2026,CM,BSE,STK,506808,INE400A01014,TUTIALKA,X,,,,,TUTICORIN ALKALI CHEMICALS AND,59.97,62.39,59.97,61.63,61.5,59.97,,61.63,,,9159,563913,135,F1,1,,,,,
10-07-2026,10-07-2026,CM,BSE,STK,506820,INE203A01020,ASTRAZEN,A,,,,,ASTRAZENECA PHARMA INDIA LTD.,8115,8131.95,7945,8123.85,8131.95,8111.35,,8117.5,,,185,1498097,86,F1,1,,,,,
10-07-2026,10-07-2026,CM,BSE,STK,506852,INE607A01022,PRIMO,B,,,,,Primo Chemicals Limited,23.87,24.41,23.87,23.95,23.96,24.05,,24.01,,,10498,252971,56,F1,1,,,,,
10-07-2026,10-07-2026,CM,BSE,STK,506854,INE639B01023,TANFACIND,B,,,,,TANFAC INDUSTRIES LTD.,2410,2465,2410,2419.25,2418,2375.85,,2419.25,,,31027,75293617,1287,F1,1,,,,,
10-07-2026,10-07-2026,CM,BSE,STK,506858,INE636P01011,GUJPETR,X,,,,,GUJARAT PETROSYNTHESE LTD.,57.98,57.98,55,55.81,56.39,56.72,,55.81,,,2888,161004,30,F1,1,,,,,
10-07-2026,10-07-2026,CM,BSE,STK,506863,INE716M01034,SWADEIN,XT,,,,,SWADESHI INDUSTRIES LEASING CO,82.4,83.74,80.5,81.99,81.99,82.22,,81.99,,,2096,171070,45,F1,1,,,,,
10-07-2026,10-07-2026,CM,BSE,STK,506879,INE942C01045,GUJTHEM,B,,,,,GUJARAT THEMIS BIOSYN LTD.,376.15,383.3,372,379,379.55,374.2,,378.95,,,4338,1633618,219,F1,1,,,,,
10-07-2026,10-07-2026,CM,BSE,STK,506906,INE467X01023,SCBL,XT,,,,,Saptak Chem And Business Limit,43.88,45.45,41.69,42.01,42,43.88,,42.01,,,1046,44066,11,F1,1,,,,,
10-07-2026,10-07-2026,CM,BSE,STK,506919,INE987A01010,MAKERSL,X,,,,,MAKERS LABORATORIES LTD.,160,160,145,148.25,149.9,154.1,,148.25,,,7110,1050567,94,F1,1,,,,,
10-07-2026,10-07-2026,CM,BSE,STK,506943,INE572A01036,JBCHEPHARM,A,,,,,J.B.CHEMICALS & PHARMACEUTICAL,2455.75,2455.75,2388,2437.65,2449,2440.95,,2435.5,,,94027,228371761,263,F1,1,,,,,
10-07-2026,10-07-2026,CM,BSE,STK,506945,INE684U01011,IGLFXPL-B,P,,,,,INDO GULF INDUSTRIES LTD.,2.71,2.71,2.71,2.71,2.71,2.59,,2.71,,,400,1084,1,F1,50,,,,,
10-07-2026,10-07-2026,CM,BSE,STK,506975,INE374C01017,RAJSPTR,P,,,,,RAJASTHAN PETRO SYNTHETICS LTD,10.8,10.8,10.8,10.8,10.8,10.29,,10.8,,,100,1080,1,F1,100,,,,,
10-07-2026,10-07-2026,CM,BSE,STK,506979,INE046E01025,APTPACK,XT,,,,,APT PACKAGING LTD.,77,77.33,69.97,75.29,77,73.65,,75.29,,,1668,125305,28,F1,1,,,,,
10-07-2026,10-07-2026,CM,BSE,STK,506981,INE472D01017,BLUECHIPT,X,,,,,BLUE CHIP TEX INDUSTRIES LTD.,120.95,120.95,120.9,120.9,120.9,120.95,,120.9,,,202,24431,5,F1,1,,,,,
10-07-2026,10-07-2026,CM,BSE,STK,507155,INE574A01016,JAGAJITIND,X,,,,,JAGATJIT INDUSTRIES LTD.,130.1,134.8,130.1,133.75,133.75,133.95,,133.75,,,1558,208190,59,F1,1,,,,,
10-07-2026,10-07-2026,CM,BSE,STK,507180,INE133B01027,KESARENT,X,,,,,KESAR ENTERPRISES LTD.,6.49,6.88,6.3,6.69,6.7,6.49,,6.69,,,10092,66883,47,F1,1,,,,,
10-07-2026,10-07-2026,CM,BSE,STK,507205,INE133E01013,TI,A,,,,,TILAKNAGAR INDUSTRIES LTD.,449,454.05,445.75,446.25,448.1,446.65,,446.45,,,10242,4611598,293,F1,1,,,,,
10-07-2026,10-07-2026,CM,BSE,STK,507300,INE615A01025,RAVALSUGAR,X,,,,,The Ravalgaon Sugar Farm Limit,1027.95,1027.95,971,984,984,955.95,,984,,,24,23992,9,F1,1,,,,,
10-07-2026,10-07-2026,CM,BSE,STK,507315,INE623A01011,SAKHTISUG,B,,,,,SAKTHI SUGARS LTD.,16.65,16.96,16.63,16.91,16.84,16.72,,16.78,,,2872,48075,43,F1,1,,,,,
10-07-2026,10-07-2026,CM,BSE,STK,507410,INE711A01022,WALCHANNAG,B,,,,,WALCHANDNAGAR INDUSTRIES LTD.,251.95,264.75,250.9,260.8,260.1,247.95,,261,,,165597,42739308,2051,F1,1,,,,,
10-07-2026,10-07-2026,CM,BSE,STK,507438,INE076C01018,IFBAGRO,T,,,,,IFB AGRO INDUSTRIES LTD.,920,963,900.1,960.25,962,918,,958,,,571,539725,51,F1,1,,,,,
10-07-2026,10-07-2026,CM,BSE,STK,507474,INE991B01010,KFBL,X,,,,,KOTHARI FERMENTATION & BIOCHEM,41.31,45,41.31,43.73,43.73,41.81,,43.73,,,6264,271062,44,F1,1,,,,,
10-07-2026,10-07-2026,CM,BSE,STK,507488,INE075D01018,GMBREW,B,,,,,G.M.BREWERIES LTD.,966,980,937,940.9,940.9,967,,939.9,,,15961,15350325,817,F1,1,,,,,
10-07-2026,10-07-2026,CM,BSE,STK,507490,INE625B01014,RANASUG,B,,,,,RANA SUGARS LTD.,12.12,12.2,11.74,11.9,12.01,11.92,,11.93,,,12144,145543,163,F1,1,,,,,
10-07-2026,10-07-2026,CM,BSE,STK,507498,INE544C01023,PICCASUG,X,,,,,PICCADILY SUGAR & ALLIED INDUS,34.84,35.98,33.51,34.08,34.48,34.84,,34.08,,,3244,111524,67,F1,1,,,,,
10-07-2026,10-07-2026,CM,BSE,STK,507514,INE480C01038,SDBL,B,,,,,SOM DISTILLERIES & BREWERIES L,67.9,68,67.17,67.42,67.57,67.17,,67.35,,,32465,2192683,405,F1,1,,,,,
10-07-2026,10-07-2026,CM,BSE,STK,507515,INE557D01015,CJGEL,XT,,,,,C.J.GELATINE PRODUCTS LTD.,24.49,24.49,22.35,23.23,23.99,23.4,,23.23,,,782,18557,7,F1,1,,,,,
10-07-2026,10-07-2026,CM,BSE,STK,507526,INE073G01016,ASALCBR,B,,,,,ASSOCIATED ALCOHOLS & BREWERIE,835.45,842.6,823,827.55,830.35,818.15,,827.9,,,1831,1518622,237,F1,1,,,,,
10-07-2026,10-07-2026,CM,BSE,STK,507552,INE976E01023,FOODSIN,B,,,,,FOODS & INNS LTD.,63.85,63.85,60.14,60.65,60.65,62.6,,60.76,,,2434,149331,127,F1,1,,,,,
10-07-2026,10-07-2026,CM,BSE,STK,507580,INE043C01018,IVP,T,,,,,IVP LTD.,163.75,167,162.3,166,166,167.95,,165.02,,,813,133170,22,F1,1,,,,,
10-07-2026,10-07-2026,CM,BSE,STK,507598,INE014E01015,KLRFM,X,,,,,KOVILPATTI LAKSHMI ROLLER FLOU,100.9,100.9,96.05,99.25,99.5,98.45,,99.25,,,2201,220746,35,F1,1,,,,,
10-07-2026,10-07-2026,CM,BSE,STK,507609,INE286E01019,OLYOI,X,,,,,OLYMPIC OIL INDUSTRIES LTD.,23.45,23.45,23.45,23.45,23.45,23.69,,23.45,,,10,234,1,F1,1,,,,,
10-07-2026,10-07-2026,CM,BSE,STK,507621,INE588G01021,MLKFOOD,X,,,,,MILKFOOD LTD.,69.8,70.89,68,69.73,69.73,68.1,,69.73,,,3915,270934,80,F1,1,,,,,
10-07-2026,10-07-2026,CM,BSE,STK,507645,INE339F01021,POLSON,X,,,,,POLSON LTD.,10700,10700,10432.8,10522.1,10522.1,10700,,10522.1,,,12,125550,5,F1,1,,,,,
10-07-2026,10-07-2026,CM,BSE,STK,507685,INE075A01022,WIPRO,A,,,,,WIPRO LTD.,174.65,177.2,174.65,175.35,175.35,172.75,,175.45,,,1288242,226416445,17014,F1,1,,,,,
10-07-2026,10-07-2026,CM,BSE,STK,507690,INE247F01018,ORIBEVER,X,,,,,ORIENT BEVERAGES LTD.,190.9,190.9,183.9,187.95,187.95,183.9,,187.95,,,126,23757,14,F1,1,,,,,
10-07-2026,10-07-2026,CM,BSE,STK,507717,INE435G01025,DHANUKA,B,,,,,DHANUKA AGRITECH LTD.,1045.75,1049.5,1039.2,1047.4,1048.75,1037.6,,1045.9,,,868,905786,114,F1,1,,,,,
10-07-2026,10-07-2026,CM,BSE,STK,507747,INE910C01018,TTKHLTCARE,B,,,,,TTK HEALTHCARE LTD.,916.3,930.35,909.95,922,922,916.3,,920.4,,,190,174470,65,F1,1,,,,,
10-07-2026,10-07-2026,CM,BSE,STK,507753,INE284B01028,TGVSL,B,,,,,TGV SRAAC Limited,103.95,103.95,101.15,101.7,101.7,101.7,,101.7,,,56618,5781109,560,F1,1,,,,,
10-07-2026,10-07-2026,CM,BSE,STK,507759,INE891G01011,LIMECHM,X,,,,,LIME CHEMICALS LTD.,12.5,13.7,12.5,13.64,13.64,13.11,,13.64,,,1802,22572,9,F1,1,,,,,
10-07-2026,10-07-2026,CM,BSE,STK,507779,INE694E01014,KANPRPLA,B,,,,,KANPUR PLASTIPACK LTD.,192.1,199.65,190.45,197.1,194.65,196.3,,198.79,,,911,176248,131,F1,1,,,,,
10-07-2026,10-07-2026,CM,BSE,STK,507785,INE123C01018,TAINWALCHM,B,,,,,TAINWALA CHEMICALS & PLASTICS,197.8,197.8,192.1,193.95,193.5,209,,193.35,,,59,11520,17,F1,1,,,,,
10-07-2026,10-07-2026,CM,BSE,STK,507789,INE048B01035,JAGSNPHARM,B,,,,,JAGSONPAL PHARMACEUTICALS LTD.,233.1,237.6,231,233.3,234.55,232.4,,232.78,,,5916,1385074,201,F1,1,,,,,
10-07-2026,10-07-2026,CM,BSE,STK,507794,INE745B01028,KHAICHEM,T,,,,,KHAITAN CHEMICALS & FERTILIZER,52.35,53.25,51,51.87,51.87,51.99,,51.61,,,11907,615857,87,F1,1,,,,,
10-07-2026,10-07-2026,CM,BSE,STK,507813,INE296D01010,NOL,X,,,,,NATIONAL OXYGEN LTD.,60.35,63.94,60.35,61.49,61.65,61.99,,61.49,,,3484,217226,81,F1,1,,,,,
10-07-2026,10-07-2026,CM,BSE,STK,507815,INE322A01010,GILLETTE,A,,,,,GILLETTE INDIA LTD.,7809,7889.5,7788.3,7844.8,7855,7789.65,,7845,,,1368,10707230,386,F1,1,,,,,
10-07-2026,10-07-2026,CM,BSE,STK,507817,INE469D01013,WIREFABR,X,,,,,WIRES & FABRIKS (SA) LTD.,134.25,146.75,133.5,140,140,140,,140,,,148,19974,9,F1,1,,,,,
10-07-2026,10-07-2026,CM,BSE,STK,507828,INE880B01015,ANSALHSG,X,,,,,ANSAL HOUSING LIMITED,6.2,6.2,5.61,5.95,5.95,5.93,,5.95,,,32551,194741,146,F1,1,,,,,
10-07-2026,10-07-2026,CM,BSE,STK,507833,INE607B01012,COMPUPN,X,,,,,COMPUTER POINT LTD.,3.75,3.8,3.65,3.65,3.65,3.8,,3.65,,,4082,15042,36,F1,1,,,,,
10-07-2026,10-07-2026,CM,BSE,STK,507836,INE435D01014,MCCHRLS-B,B,,,,,MAC CHARLES (INDIA) LTD.,710,710,710,710,710,713.9,,706,,,4,2840,2,F1,1,,,,,
10-07-2026,10-07-2026,CM,BSE,STK,507852,INE757C01021,ADDIND,X,,,,,ADDI INDUSTRIES LTD.,84,88.6,81.5,83.67,83.67,83.9,,83.67,,,661,54704,26,F1,1,,,,,
10-07-2026,10-07-2026,CM,BSE,STK,507864,INE746D01014,PIONRINV,B,,,,,PIONEER INVESTCORP LTD.,86.26,86.26,75.16,80.64,80.64,84,,80.96,,,3685,302920,42,F1,1,,,,,
10-07-2026,10-07-2026,CM,BSE,STK,507872,INE372I01018,ASHNOOR,X,,,,,ASHNOOR TEXTILE MILLS LTD.,39.1,40.06,37.6,38.03,37.6,39.85,,38.03,,,1209,46094,16,F1,1,,,,,
10-07-2026,10-07-2026,CM,BSE,STK,507878,INE694A01020,UNITECH,B,,,,,UNITECH LTD.,4.58,4.67,4.58,4.63,4.63,4.6,,4.62,,,572163,2641809,279,F1,1,,,,,
10-07-2026,10-07-2026,CM,BSE,STK,507880,INE054A01027,VIPIND,A,,,,,V.I.P.INDUSTRIES LTD.,303.7,306.6,300.7,303.2,302.4,304.9,,303,,,11753,3570726,218,F1,1,,,,,
10-07-2026,10-07-2026,CM,BSE,STK,507910,INE296C01020,FIBERWEB,B,,,,,FIBERWEB (INDIA) LTD.,30.69,32.45,30.69,31,31,31,,30.91,,,923,28836,22,F1,1,,,,,
10-07-2026,10-07-2026,CM,BSE,STK,507912,INE724A01017,GYFTR,B,,,,,GYFTR LIMITED,171,174.9,166.2,169.3,170,169.7,,169.23,,,16448,2808512,527,F1,1,,,,,
10-07-2026,10-07-2026,CM,BSE,STK,507917,INE706N01017,EASTBUILD,XT,,,,,EAST BUILDTECH LTD.,55.06,57.81,52.31,53.76,57.81,55.06,,53.76,,,5,270,4,F1,1,,,,,
10-07-2026,10-07-2026,CM,BSE,STK,507938,INE798E01013,MNPLFIN,P,,,,,MANIPAL FINANCE CORPORATION LT,18.89,18.89,18.87,18.87,18.87,19.86,,18.87,,,200,3776,2,F1,100,,,,,
10-07-2026,10-07-2026,CM,BSE,STK,507944,INE704G01024,BAJAJST,B,,,,,BAJAJ STEEL INDUSTRIES LTD.,409,411.55,400.1,405.15,401.25,401.4,,403.55,,,5109,2066604,208,F1,1,,,,,
10-07-2026,10-07-2026,CM,BSE,STK,507948,INE130F01016,KEYCORP,X,,,,,KEY CORP LTD.,59.06,61.81,57.42,59.13,59.05,59.01,,59.13,,,2459,144909,30,F1,1,,,,,
10-07-2026,10-07-2026,CM,BSE,STK,507960,INE621C01011,GUJHOTE,X,,,,,GUJARAT HOTELS LTD.,194,194,185.05,188.45,188.45,189.75,,188.45,,,1674,317040,57,F1,1,,,,,
10-07-2026,10-07-2026,CM,BSE,STK,507962,INE455H01021,FYNX,X,,,,,FYNX CAPITAL LIMITED,4.33,4.35,4.3,4.33,4.33,4.16,,4.33,,,1528,6616,13,F1,1,,,,,
10-07-2026,10-07-2026,CM,BSE,STK,507966,INE651D01016,RASRESOR,X,,,,,RAS RESORTS & APART HOTELS LTD,57,57,56,57,57,57,,57,,,1779,100801,9,F1,1,,,,,
10-07-2026,10-07-2026,CM,BSE,STK,507970,INE143I01013,PARMCOS-B,X,,,,,PARAMOUNT COSMETICS (INDIA) LT,34.79,36.45,34,35,35,34.79,,35,,,3372,118350,24,F1,1,,,,,
10-07-2026,10-07-2026,CM,BSE,STK,507981,INE726D01016,JINDHOT,X,,,,,JINDAL HOTELS LTD.,63.98,65,62.1,62.5,62.5,61.81,,62.5,,,3826,243683,33,F1,1,,,,,
10-07-2026,10-07-2026,CM,BSE,STK,507998,INE657D01021,SIMMOND,XT,,,,,SIMMONDS MARSHALL LTD.,188,189,176.1,181.95,182,184.45,,181.95,,,2014,362058,50,F1,1,,,,,
10-07-2026,10-07-2026,CM,BSE,STK,508136,INE489D01011,BNALTD,B,,,,,B & A LTD.,340.3,340.3,320,321.5,320,340,,323.2,,,50,16075,9,F1,1,,,,,
10-07-2026,10-07-2026,CM,BSE,STK,508486,INE979B01015,HAWKINCOOK,B,,,,,HAWKINS COOKERS LTD.,8849.95,8969.95,8830.35,8849,8849,8943.85,,8869,,,254,2251796,54,F1,1,,,,,
10-07-2026,10-07-2026,CM,BSE,STK,508494,INE712A01012,WARRENTEA,X,,,,,WARREN TEA LTD.,49.3,50,46.4,46.8,46.8,46.79,,46.8,,,2118,104056,33,F1,1,,,,,
10-07-2026,10-07-2026,CM,BSE,STK,508571,INE788M01017,COCHMAL,X,,,,,COCHIN MALABAR ESTATES & INDUS,127.3,131.7,124.15,131.7,131.7,132,,131.7,,,37,4709,13,F1,1,,,,,
10-07-2026,10-07-2026,CM,BSE,STK,508664,INE553F01035,BESTEAST,X,,,,,BEST EASTERN HOTELS LTD.,11,11.2,10.55,11.16,11.16,10.93,,11.16,,,1725,18691,23,F1,1,,,,,
10-07-2026,10-07-2026,CM,BSE,STK,508670,INE605D01012,NEAGI,B,,,,,NEELAMALAI AGRO INDUSTRIES LTD,3100,3100,3100,3100,3100,3100,,3142,,,8,24800,2,F1,1,,,,,
10-07-2026,10-07-2026,CM,BSE,STK,508807,INE684B01029,ISTLTD,X,,,,,IST LTD.,619.95,631.5,610,622.15,622.15,619.3,,622.15,,,1384,861467,88,F1,1,,,,,
10-07-2026,10-07-2026,CM,BSE,STK,508814,INE757A01017,COSMOFIRST,B,,,,,Cosmo First Limited,830.6,836.1,824.65,828.55,831,818.4,,831.05,,,2051,1700953,104,F1,1,,,,,
10-07-2026,10-07-2026,CM,BSE,STK,508869,INE437A01024,APOLLOHOSP,A,,,,,APOLLO HOSPITALS ENTERPRISE LT,8899.7,8899.7,8774.9,8841.55,8843.7,8842.95,,8841,,,25232,221740015,889,F1,1,,,,,
10-07-2026,10-07-2026,CM,BSE,STK,508875,INE861H01020,NITINCAST,X,,,,,Nitin Castings Limited,522.05,575,521.55,567,567,549,,567,,,256,139300,27,F1,1,,,,,
10-07-2026,10-07-2026,CM,BSE,STK,508905,INE641A01013,NEXOME,XT,,,,,NEXOME CAPITAL MARKETS LIMITED,121.95,121.95,117,118,118,117.1,,118,,,148,17664,7,F1,1,,,,,
10-07-2026,10-07-2026,CM,BSE,STK,508906,INE295A01018,EVERESTIND,T,,,,,EVEREST INDUSTRIES LTD.,493,493,480.2,489.9,490,480.1,,491.55,,,227,110240,18,F1,1,,,,,
10-07-2026,10-07-2026,CM,BSE,STK,508918,INE791H01011,IRONWOOD,X,,,,,IRONWOOD EDUCATION LIMITED,50.51,58,50.51,55.51,55.51,53.52,,55.51,,,29849,1712620,83,F1,1,,,,,
10-07-2026,10-07-2026,CM,BSE,STK,508933,INE193B01039,AYMSYNTEX,B,,,,,AYM Syntex Limited,237.05,239.1,227.5,228.65,227.7,232.3,,228.12,,,3314,772916,120,F1,1,,,,,
10-07-2026,10-07-2026,CM,BSE,STK,508941,INE013E01017,PANCARBON,X,,,,,PANASONIC CARBON INDIA CO.LTD.,469.95,471.5,465.2,469.75,470.8,469.2,,469.75,,,730,341162,46,F1,1,,,,,
10-07-2026,10-07-2026,CM,BSE,STK,508954,INE734I01027,FINKURVE,B,,,,,FINKURVE FINANCIAL SERVICES LT,62.2,66.69,62.2,64.89,63.1,65.54,,65.14,,,2417,157420,42,F1,1,,,,,
10-07-2026,10-07-2026,CM,BSE,STK,508956,INE549B01016,HBLEAS,X,,,,,HB LEASING & FINANCE CO.LTD.,9.8,10.5,9.8,10.5,10.5,10.01,,10.5,,,486,4935,16,F1,1,,,,,
10-07-2026,10-07-2026,CM,BSE,STK,508961,INE753D01010,SHRICON,XT,,,,,SHRICON INDUSTRIES LTD.,198,199.5,180.5,180.5,180.5,190,,180.5,,,55,10856,5,F1,1,,,,,
10-07-2026,10-07-2026,CM,BSE,STK,508969,INE673M01029,SULABEN,X,,,,,SULABH ENGINEERS & SERVICES LT,2.92,3.03,2.9,2.95,2.95,2.89,,2.95,,,18016,53204,55,F1,1,,,,,
10-07-2026,10-07-2026,CM,BSE,STK,508980,INE977E01013,FRONTCAP,X,,,,,FRONTIER CAPITAL LIMITED,8.8,8.8,8.14,8.72,8.72,8.56,,8.72,,,17520,148395,34,F1,1,,,,,
10-07-2026,10-07-2026,CM,BSE,STK,508989,INE060A01024,NAVNETEDUL,B,,,,,NAVNEET EDUCATION LIMITED,150.4,151.15,149.25,149.9,150,148.95,,150.05,,,5537,832271,132,F1,1,,,,,
10-07-2026,10-07-2026,CM,BSE,STK,509009,INE218C01016,AUSOMENT,T,,,,,AUSOM ENTERPRISE LIMITED,118.1,122.4,118,121.9,122.2,122.45,,122.12,,,293,34935,7,F1,1,,,,,
10-07-2026,10-07-2026,CM,BSE,STK,509015,INE190F01028,THAKRAL,X,,,,,THAKRAL SERVICES (INDIA) LTD.,13.98,15.4,13.97,15.34,15,14.7,,15.34,,,4468,62878,8,F1,1,,,,,
10-07-2026,10-07-2026,CM,BSE,STK,509020,INE413B01023,RUCHINFRA,B,,,,,RUCHI INFRASTRUCTURE LTD.,5.98,6.01,5.8,5.81,5.81,5.8,,5.81,,,6352,37369,46,F1,1,,,,,
10-07-2026,10-07-2026,CM,BSE,STK,509024,INE088E01019,GOLDLEG,X,,,,,GOLDEN LEGAND LEASING & FINANC,9.3,9.95,9.3,9.66,9.5,9.35,,9.66,,,49861,481194,92,F1,1,,,,,
10-07-2026,10-07-2026,CM,BSE,STK,509026,INE117F01013,VJTFEDU,X,,,,,VJTF EDUSERVICES LTD.,69.01,76,64.2,72.71,71.2,70,,72.71,,,2156,156440,23,F1,1,,,,,
10-07-2026,10-07-2026,CM,BSE,STK,509038,INE763D01019,VOLLF,X,,,,,VOLTAIRE LEASING & FINANCE LTD,15.92,15.92,15.85,15.85,15.85,16,,15.85,,,353,5595,2,F1,1,,,,,
10-07-2026,10-07-2026,CM,BSE,STK,509040,INE040F01033,NETLINK,X,,,,,NETLINK SOLUTIONS (INDIA) LTD.,180.25,198,179.15,181.6,181.5,181,,181.6,,,1642,303066,68,F1,1,,,,,
10-07-2026,10-07-2026,CM,BSE,STK,509046,INE778N01016,TRILIANCE,XT,,,,,TRILIANCE POLYMERS LIMITED,45.57,45.57,41.23,41.39,41.23,43.4,,41.39,,,474,19634,4,F1,1,,,,,
10-07-2026,10-07-2026,CM,BSE,STK,509048,INE572G01025,LANCORHOL,B,,,,,LANCOR HOLDINGS LTD.,25.69,27.5,25.2,27.5,27.5,25,,27.5,,,29245,793902,252,F1,1,,,,,
10-07-2026,10-07-2026,CM,BSE,STK,509051,INE300B01022,INDINFO,X,,,,,INDIAN INFOTECH & SOFTWARE LTD,0.57,0.58,0.57,0.57,0.57,0.57,,0.57,,,1497147,856859,597,F1,1,,,,,
10-07-2026,10-07-2026,CM,BSE,STK,509053,INE521L01030,BANASFN,X,,,,,BANAS FINANCE LTD.,7.05,7.21,7.03,7.03,7.03,7.03,,7.03,,,12788,90328,77,F1,1,,,,,
10-07-2026,10-07-2026,CM,BSE,STK,509055,INE392A01021,VISAKAIND,B,,,,,VISAKA INDUSTRIES LTD.,79.43,82.5,78.17,81.73,81.77,77.76,,81.91,,,12823,1029430,173,F1,1,,,,,
10-07-2026,10-07-2026,CM,BSE,STK,509069,INE669A01022,INFOMEDIA,B,,,,,INFOMEDIA PRESS LTD.,6.16,6.16,5.5,5.89,5.89,5.7,,5.64,,,2238,12463,41,F1,1,,,,,
10-07-2026,10-07-2026,CM,BSE,STK,509073,INE525B01016,HATHWAYB,X,,,,,HATHWAY BHAWANI CABLETEL & DAT,11.95,11.95,11.7,11.7,11.7,11.98,,11.7,,,1700,20065,12,F1,1,,,,,
10-07-2026,10-07-2026,CM,BSE,STK,509079,INE742B01025,GUFICBIO,B,,,,,GUFIC BIOSCIENCES LTD.,389.6,398.05,381.25,391.85,390.7,387.1,,392.35,,,8174,3181049,366,F1,1,,,,,
10-07-2026,10-07-2026,CM,BSE,STK,509084,INE107J01016,PHOTON,XT,,,,,PHOTON CAPITAL ADVISORS LTD.,262.1,262.1,262.1,262.1,262.1,249.65,,262.1,,,105,27520,2,F1,1,,,,,
10-07-2026,10-07-2026,CM,BSE,STK,509152,INE137I01015,GRPLTD,B,,,,,GRP LTD.,1950,1961.7,1907,1916.7,1907,1950,,1921.5,,,245,476976,81,F1,1,,,,,
10-07-2026,10-07-2026,CM,BSE,STK,509162,INE802D01023,INDAG,XT,,,,,INDAG RUBBER LTD.,98.3,100,95.5,97,97.95,97.55,,97,,,3747,363659,84,F1,1,,,,,
10-07-2026,10-07-2026,CM,BSE,STK,509196,INE159E01026,MMRUBBR-B,X,,,,,MM RUBBER COMPANY LTD.,59.5,59.85,57.6,59.5,59.85,60.73,,59.5,,,1824,107056,62,F1,1,,,,,
10-07-2026,10-07-2026,CM,BSE,STK,509220,INE034D01049,PTL,B,,,,,PTL ENTERPRISES LTD.,39.87,40.69,39.87,40.25,40.25,40.87,,40.21,,,12095,485507,113,F1,1,,,,,
10-07-2026,10-07-2026,CM,BSE,STK,509243,INE421C01016,TVSSRICHAK,B,,,,,TVS SRICHAKRA LTD.,4241,4270.95,4129.65,4150.65,4129.65,4136.35,,4159.9,,,142,597689,43,F1,1,,,,,
10-07-2026,10-07-2026,CM,BSE,STK,509423,INE367E01033,SEL,X,,,,,SANATHNAGAR ENTERPRISES LIMITE,34,34,32.72,32.72,32.72,34.44,,32.72,,,419,13719,11,F1,1,,,,,
10-07-2026,10-07-2026,CM,BSE,STK,509438,INE664D01019,BENARAS,B,,,,,BENARES HOTELS LTD.,10400,10499,10110.05,10382.55,10399,10378.3,,10382.55,,,522,5397947,489,F1,1,,,,,
10-07-2026,10-07-2026,CM,BSE,STK,509449,INE026I01010,BHAGWOX,X,,,,,BHAGWATI OXYGEN LTD.,32.5,33,32.05,32.65,33,32.05,,32.65,,,394,12790,12,F1,1,,,,,
10-07-2026,10-07-2026,CM,BSE,STK,509470,INE01TL01014,BOMOXY-B1,X,,,,,BOMBAY OXYGEN INVESTMENTS LIMI,18902,19199.95,18860.65,18860.65,18860.65,18860.65,,18860.65,,,7,132498,7,F1,1,,,,,
10-07-2026,10-07-2026,CM,BSE,STK,509472,INE145E01017,CRAVATEX,X,,,,,CRAVATEX LTD.,395.1,412.5,395.1,400.7,399,395.1,,400.7,,,11249,4552900,271,F1,1,,,,,
10-07-2026,10-07-2026,CM,BSE,STK,509480,INE463A01038,BERGEPAINT,A,,,,,BERGER PAINTS INDIA LTD.,492.6,504,492.6,497.1,497,496.65,,497.25,,,5138,2568231,379,F1,1,,,,,
10-07-2026,10-07-2026,CM,BSE,STK,509486,INE479A01018,CAPRIHANS,X,,,,,CAPRIHANS INDIA LTD.,75,76.4,73.5,76.4,76.4,74.15,,76.4,,,1017,76665,19,F1,1,,,,,
10-07-2026,10-07-2026,CM,BSE,STK,509488,INE371A01025,GRAPHITE,A,,,,,GRAPHITE INDIA LTD.,587.65,618.85,583,612.35,612.35,581.05,,612.6,,,133877,81294452,3190,F1,1,,,,,
10-07-2026,10-07-2026,CM,BSE,STK,509496,INE686A01026,CEMPRO,A,,,,,Cemindia Projects Limited,1590.6,1590.6,1548.3,1565.45,1571.65,1550.4,,1566.8,,,16332,25559128,1167,F1,1,,,,,
10-07-2026,10-07-2026,CM,BSE,STK,509525,INE515H01014,EMPIND,X,,,,,EMPIRE INDUSTRIES LTD.,1010,1028,1002.3,1012.85,1012.85,1012.55,,1012.85,,,1762,1793763,77,F1,1,,,,,
10-07-2026,10-07-2026,CM,BSE,STK,509546,INE214F01026,GRAVISSHO,B,,,,,GRAVISS HOSPITALITY LTD.,31.25,31.25,29.5,30.74,30.74,31.07,,30.9,,,1529,45331,18,F1,1,,,,,
10-07-2026,10-07-2026,CM,BSE,STK,509557,INE276A01018,GARFIBRES,A,,,,,GARWARE TECHNICAL FIBRES LIMIT,721.1,727.2,718.8,723.55,724.8,722,,724.35,,,2999,2168336,203,F1,1,,,,,
10-07-2026,10-07-2026,CM,BSE,STK,509563,INE925D01014,GARWAMAR,X,,,,,GARWARE MARINE INDUSTRIES LTD.,22.75,22.75,21.53,21.67,21.54,21.88,,21.67,,,2029,44355,42,F1,1,,,,,
10-07-2026,10-07-2026,CM,BSE,STK,509567,INE426D01013,GOACARBON,B,,,,,GOA CARBON LTD.,400.2,413.05,396.2,404.1,404.1,392.35,,402.5,,,1023,415712,118,F1,1,,,,,
10-07-2026,10-07-2026,CM,BSE,STK,509597,INE722D01015,HARDCAS,X,,,,,HARDCASTLE & WAUD MFG.CO.LTD.,859.95,859.95,834.7,838.55,841.95,839,,838.55,,,51,42777,8,F1,1,,,,,
10-07-2026,10-07-2026,CM,BSE,STK,509631,INE545A01024,HEG,A,,,,,HEG LTD.,526.55,565.2,518.55,545.4,545.4,515.05,,545.05,,,321851,176566510,6937,F1,1,,,,,
10-07-2026,10-07-2026,CM,BSE,STK,509635,INE310C01029,HINDCOMPOS,B,,,,,HINDUSTAN COMPOSITES LTD.,438,438.1,435.3,438.1,438.1,438.95,,437.9,,,460,200647,43,F1,1,,,,,
10-07-2026,10-07-2026,CM,BSE,STK,509675,INE557A01011,BIRLANU,B,,,,,BIRLANU LIMITED,1351.95,1358.8,1310.3,1321.9,1352.1,1327.8,,1319.8,,,496,664318,121,F1,1,,,,,
10-07-2026,10-07-2026,CM,BSE,STK,509692,INE061A01014,INDIANCARD,B,,,,,INDIAN CARD CLOTHING CO.LTD.,238.2,240,235,235.55,235,238.2,,235.44,,,110,26049,10,F1,1,,,,,
10-07-2026,10-07-2026,CM,BSE,STK,509709,INE575C01027,INTLCONV,B,,,,,INTERNATIONAL CONVEYORS LTD.,81.85,81.85,79.14,80.31,81,80.16,,80.21,,,9233,741279,140,F1,1,,,,,
10-07-2026,10-07-2026,CM,BSE,STK,509715,INE364A01020,JAYSREETEA,B,,,,,JAY SHREE TEA & INDUSTRIES LTD,82.98,83.67,82.71,83.21,83,82.3,,83.38,,,3722,308949,46,F1,1,,,,,
10-07-2026,10-07-2026,CM,BSE,STK,509732,INE972A01020,KOTIC,B,,,,,KOTHARI INDUSTRIAL CORPORATION,170,196.4,170,182.7,182.7,172.55,,183.19,,,59211,11267423,1829,F1,1,,,,,
10-07-2026,10-07-2026,CM,BSE,STK,509760,INE370A01019,MODRNSH,X,,,,,MODERN SHARES & STOCKBROKERS L,35.59,35.59,33.9,35.59,35.59,35.95,,35.59,,,24,843,12,F1,1,,,,,
10-07-2026,10-07-2026,CM,BSE,STK,509762,INE848M01019,MAPROIN,X,,,,,MAPRO INDUSTRIES LTD.,27.8,27.8,27.8,27.8,27.8,26.48,,27.8,,,649,18042,7,F1,1,,,,,
10-07-2026,10-07-2026,CM,BSE,STK,509820,INE275B01026,HUHTAMAKI,B,,,,,HUHTAMAKI INDIA LIMITED,209.25,213,209.25,210.85,212,207.45,,211.13,,,4918,1037242,164,F1,1,,,,,
10-07-2026,10-07-2026,CM,BSE,STK,509835,INE940N01012,PREMSYN,X,,,,,PREMIER SYNTHETICS LTD.,16.49,16.49,15,15,15,16.49,,15,,,294,4619,13,F1,1,,,,,
10-07-2026,10-07-2026,CM,BSE,STK,509874,INE849C01026,SHALPAINTS,B,,,,,SHALIMAR PAINTS LTD.,49,51.64,49,51.47,51.53,50.52,,50.92,,,6557,335649,64,F1,1,,,,,
10-07-2026,10-07-2026,CM,BSE,STK,509887,INE896E01023,SINNAR,XT,,,,,SINNAR BIDI UDYOG LTD.,798.5,837,759.05,837,837,799,,837,,,49,38587,7,F1,1,,,,,
10-07-2026,10-07-2026,CM,BSE,STK,509895,INE832D01020,HINDMILL,X,,,,,HINDOOSTAN MILLS LTD.,161,161,155.5,161,161,159.5,,161,,,74,11894,7,F1,1,,,,,
10-07-2026,10-07-2026,CM,BSE,STK,509930,INE195A01028,SUPREMEIND,A,,,,,SUPREME INDUSTRIES LTD.,3249.95,3326.9,3230,3322.05,3324,3222.35,,3319.6,,,61075,201673238,1111,F1,1,,,,,
10-07-2026,10-07-2026,CM,BSE,STK,509945,INE077P01034,THACKER,T,,,,,THACKER & CO.LTD.,1050,1107.95,1050,1055.1,1050,1100,,1055.7,,,23,24210,5,F1,1,,,,,
10-07-2026,10-07-2026,CM,BSE,STK,509953,INE961E01017,TRADWIN,XT,,,,,TRADE WINGS LTD.,587.55,616,587.55,587.55,587.55,587.55,,587.55,,,87,51146,9,F1,1,,,,,
10-07-2026,10-07-2026,CM,BSE,STK,509960,INE726E01014,UPHOT,X,,,,,U.P.HOTELS LTD.,1420,1420,1400,1406.35,1419,1420.65,,1406.35,,,50,70390,4,F1,1,,,,,
10-07-2026,10-07-2026,CM,BSE,STK,509966,INE710A01016,VSTIND,B,,,,,VST INDUSTRIES LTD.,249.8,251.4,245.65,248.6,249.15,264.85,,248.6,,,45517,11288144,934,F1,1,,,,,
10-07-2026,10-07-2026,CM,BSE,STK,510245,INE804A01025,SWASTIVI,X,,,,,SWASTI VINAYAKA SYNTHETICS LTD,3.79,3.82,3.66,3.68,3.7,3.63,,3.68,,,37611,140164,146,F1,1,,,,,
10-07-2026,10-07-2026,CM,BSE,STK,511000,INE856D01011,MSLGLOBAL,X,,,,,MSL GLOBAL LIMITED,16.5,17.7,15.99,16.11,16.85,16.9,,16.11,,,8144,132727,55,F1,1,,,,,
10-07-2026,10-07-2026,CM,BSE,STK,511012,INE457N01025,YAMNINV,XT,,,,,YAMINI INVESTMENTS COMPANY LTD,0.63,0.63,0.61,0.62,0.62,0.63,,0.62,,,692042,429311,353,F1,1,,,,,
10-07-2026,10-07-2026,CM,BSE,STK,511016,INE946K01023,PREMCAP,XT,,,,,PREMIER CAPITAL SERVICES LTD.,4.66,4.66,4.66,4.66,4.66,4.9,,4.66,,,10155,47322,4,F1,1,,,,,
10-07-2026,10-07-2026,CM,BSE,STK,511018,INE679T01013,ZMILGFIN,X,,,,,MILGREY FINANCE & INVESTMENT L,42.1,43.49,40.12,42.06,42.06,42.11,,42.06,,,112823,4660780,290,F1,1,,,,,
10-07-2026,10-07-2026,CM,BSE,STK,511034,INE742C01031,JINDRILL,B,,,,,JINDAL DRILLING & INDUSTRIES L,627.65,627.65,599.35,604.85,605.3,621.5,,603.15,,,58975,35976378,1685,F1,1,,,,,
10-07-2026,10-07-2026,CM,BSE,STK,511066,INE302E01014,SAKTHIFIN,X,,,,,SAKTHI FINANCE LTD.,28.98,29,27.66,28.92,28.92,28.61,,28.92,,,7216,207729,70,F1,1,,,,,
10-07-2026,10-07-2026,CM,BSE,STK,511076,INE065D01027,AEROENTER,B,,,,,AEROFLEX ENTERPRISES LIMITED,120,125.55,119.5,124.7,123.9,120,,124.96,,,38996,4769898,438,F1,1,,,,,
10-07-2026,10-07-2026,CM,BSE,STK,511092,INE047E01031,JMDVL,X,,,,,JMD Ventures Limited,6.61,7.28,6.61,7.25,7.28,6.94,,7.25,,,118454,856501,96,F1,1,,,,,
10-07-2026,10-07-2026,CM,BSE,STK,511108,INE705C01020,SHIVATEX,B,,,,,SHIVA TEXYARN LTD.,174.95,174.95,152.95,152.95,152.95,155.2,,153.18,,,41,6543,10,F1,1,,,,,
10-07-2026,10-07-2026,CM,BSE,STK,511110,INE848D01018,VBDESAI,X,,,,,V.B.DESAI FINANCIAL SERVICES L,17.75,17.75,17.75,17.75,17.75,16.05,,17.75,,,2160,38340,7,F1,1,,,,,
10-07-2026,10-07-2026,CM,BSE,STK,511116,INE527B01020,QUADRANT,XT,,,,,QUADRANT TELEVENTURES LIMITED,0.46,0.46,0.46,0.46,0.46,0.44,,0.46,,,918108,422329,113,F1,1,,,,,
10-07-2026,10-07-2026,CM,BSE,STK,511122,INE609B01018,1STCUS,X,,,,,FIRST CUSTODIAN FUND (INDIA) L,67.5,67.5,60.51,65.99,65.99,62.87,,65.99,,,84,5410,12,F1,1,,,,,
10-07-2026,10-07-2026,CM,BSE,STK,511131,INE344D01018,KAMANWALA,X,,,,,KAMANWALA HOUSING CONSTRUCTION,15.25,15.5,14.8,15.01,15.01,15.7,,15.01,,,24551,369235,122,F1,1,,,,,
10-07-2026,10-07-2026,CM,BSE,STK,511147,INE549D01012,WSFX,X,,,,,WSFX Global Pay Limited,63,64.45,60.48,62.5,62.5,62.37,,62.5,,,233,14673,22,F1,1,,,,,
10-07-2026,10-07-2026,CM,BSE,STK,511153,INE096I01021,ANJANIFOODS,X,,,,,Anjani Foods Limited,16.47,17.99,16.47,17.98,17.98,16.04,,17.98,,,10668,184980,57,F1,1,,,,,
10-07-2026,10-07-2026,CM,BSE,STK,511169,INE552N01023,RKDAGRRTL,XT,,,,,RKD AGRI AND RETAIL LIMITED,5.91,5.91,5.91,5.91,5.91,5.93,,5.91,,,2002,11831,3,F1,1,,,,,
10-07-2026,10-07-2026,CM,BSE,STK,511176,INE635I01018,PARSHWANA,X,,,,,PARSHWANATH CORPORATION LTD.,67.9,69.99,66.67,69.99,69.99,67.9,,69.99,,,155,10349,4,F1,1,,,,,
10-07-2026,10-07-2026,CM,BSE,STK,511187,INE570N01025,MILLENNIUM,X,,,,,Millennium Online Solutions (I,2.02,2.02,2.01,2.02,2.02,2.03,,2.02,,,3067,6174,8,F1,1,,,,,
10-07-2026,10-07-2026,CM,BSE,STK,511194,INE613B01010,ICDSLTD,B,,,,,ICDS LTD.,42,42,40.1,41.99,41.99,42.15,,41.1,,,242,10114,6,F1,1,,,,,
10-07-2026,10-07-2026,CM,BSE,STK,511196,INE477A01020,CANFINHOME,A,,,,,CAN FIN HOMES LTD.,923.15,931,912.05,920.1,918.75,915.05,,921.35,,,12961,11968463,833,F1,1,,,,,
10-07-2026,10-07-2026,CM,BSE,STK,511208,INE050B01023,IVC,B,,,,,IL&FS INVESTMENT MANAGERS LTD.,8.21,8.21,8.11,8.17,8.17,8.11,,8.14,,,10111,82452,87,F1,1,,,,,
10-07-2026,10-07-2026,CM,BSE,STK,511218,INE721A01047,SHRIRAMFIN,A,,,,,Shriram Finance Limited,1050,1052,1039.55,1044.4,1044.4,1032.6,,1044.1,,,171875,179671204,7723,F1,1,,,,,
10-07-2026,10-07-2026,CM,BSE,STK,511243,INE121A01024,CHOLAFIN,A,,,,,CHOLAMANDALAM INVESTMENT AND F,1812.7,1827,1802,1808.55,1805,1792.85,,1807.8,,,25168,45648754,2198,F1,1,,,,,
10-07-2026,10-07-2026,CM,BSE,STK,511246,INE910D01024,BOMTALKIES,X,,,,,BOMBAY TALKIES LIMITED,3.5,3.5,3.21,3.21,3.21,3.34,,3.21,,,629,2154,12,F1,1,,,,,
10-07-2026,10-07-2026,CM,BSE,STK,511260,INE088P01015,ICONIKSPEV,X,,,,,ICONIK SPORTS AND EVENTS LIMIT,37.5,37.64,34.75,35.33,36.17,35.85,,35.33,,,126945,4569078,409,F1,1,,,,,
10-07-2026,10-07-2026,CM,BSE,STK,511333,INE709A01018,VLSFINANCE,B,,,,,VLS FINANCE LTD.,254.95,256.4,253.9,253.95,253.95,253.15,,253.9,,,232,59210,15,F1,1,,,,,
10-07-2026,10-07-2026,CM,BSE,STK,511355,INE429D01017,INDCEMCAP,XT,,,,,INDIA CEMENTS CAPITAL LTD.,16.76,16.76,15.75,15.76,15.75,16.36,,15.76,,,158218,2499628,43,F1,1,,,,,
10-07-2026,10-07-2026,CM,BSE,STK,511359,INE556D01017,ADMANUM,X,,,,,AD-MANUM FINANCE LTD.,59.89,61.46,58.99,61.23,61.44,59.04,,61.23,,,633,37920,14,F1,1,,,,,
10-07-2026,10-07-2026,CM,BSE,STK,511391,INE661M01016,INTRGLB,X,,,,,INTER GLOBE FINANCE LTD.,72,72,70.3,70.3,70.3,73.99,,70.3,,,506,35887,9,F1,1,,,,,
10-07-2026,10-07-2026,CM,BSE,STK,511401,INE410E01015,MCLTD,X,,,,,MUNOTH COMMUNICATION LIMITED,5.25,5.25,5.03,5.03,5.03,5.29,,5.03,,,30,153,3,F1,1,,,,,
10-07-2026,10-07-2026,CM,BSE,STK,511411,INE472C01027,SHRISTI,X,,,,,SHRISTI INFRASTRUCTURE DEVELOP,30.5,30.5,29.5,29.5,29.5,28.65,,29.5,,,43,1289,4,F1,1,,,,,
10-07-2026,10-07-2026,CM,BSE,STK,511413,INE559D01011,CREST,B,,,,,CREST,367.45,373,360,369.35,373,363.5,,370.75,,,1258,458604,48,F1,1,,,,,
10-07-2026,10-07-2026,CM,BSE,STK,511431,INE051B01021,VAKRANGEE,B,,,,,VAKRANGEE LIMITED,6.15,6.15,6.07,6.08,6.07,6.05,,6.08,,,33772,205981,133,F1,1,,,,,
10-07-2026,10-07-2026,CM,BSE,STK,511441,INE034B01019,GUJCRED,X,,,,,GUJARAT CREDIT CORPORATION LTD,21.94,23,20.85,20.94,20.88,21.94,,20.94,,,1720,36530,41,F1,1,,,,,
10-07-2026,10-07-2026,CM,BSE,STK,511447,INE706F01021,SYLPH,X,,,,,Sylph Industries Limited,0.27,0.28,0.27,0.27,0.27,0.28,,0.27,,,13515423,3657764,1160,F1,1,,,,,
10-07-2026,10-07-2026,CM,BSE,STK,511451,INE899D01011,DHARFIN,XT,,,,,DHARANI FINANCE LTD.,14.3,15,14.3,15,15,15,,15,,,2,29,2,F1,1,,,,,
10-07-2026,10-07-2026,CM,BSE,STK,511463,INE191N01012,ALEXANDER,X,,,,,Alexander Stamps And Coin Limi,8.18,8.18,7.7,7.7,7.7,8.1,,7.7,,,3309,26559,9,F1,1,,,,,
10-07-2026,10-07-2026,CM,BSE,STK,511473,INE841B01017,INDBANK,B,,,,,INDBANK MERCHANT BANKING SERVI,33.67,34.2,33.48,34.08,33.9,33.47,,34.06,,,10857,368421,225,F1,1,,,,,
10-07-2026,10-07-2026,CM,BSE,STK,511493,INE488C01015,SHRYDUS,XT,,,,,SHRYDUS INDUSTRIES LIMITED,4.5,4.65,4.5,4.62,4.65,4.55,,4.62,,,52609,241381,118,F1,1,,,,,
10-07-2026,10-07-2026,CM,BSE,STK,511501,INE900A01013,BHARAT,X,,,,,Bharat Bhushan Finance & Commo,24.35,24.89,23.82,24.75,24.75,24.52,,24.75,,,1958,47719,16,F1,1,,,,,
10-07-2026,10-07-2026,CM,BSE,STK,511505,INE707C01018,CAPTRUST,T,,,,,CAPITAL TRUST LTD.,12.82,12.82,12.18,12.49,12.49,12.82,,12.38,,,30408,371080,88,F1,1,,,,,
10-07-2026,10-07-2026,CM,BSE,STK,511509,INE380K01017,VIVOBIOT,X,,,,,VIVO BIO TECH LTD.,24,24.48,23.11,23.57,23.51,23.12,,23.57,,,40826,970852,122,F1,1,,,,,
10-07-2026,10-07-2026,CM,BSE,STK,511523,INE882C01035,VEERHEALTH,XT,,,,,VEERHEALTH CARE LIMITED,37.95,38,37,38,38,37.77,,38,,,127313,4818919,241,F1,1,,,,,
10-07-2026,10-07-2026,CM,BSE,STK,511525,INE376A01032,PANINDIAC,X,,,,,PAN INDIA CORPORATION LTD.,1.69,1.75,1.6,1.7,1.7,1.71,,1.7,,,20546,34854,102,F1,1,,,,,
10-07-2026,10-07-2026,CM,BSE,STK,511533,INE135C01012,SAHARAHOUS,X,,,,,SAHARA HOUSINGFINA CORPORATION,39.72,41.49,39.7,41.43,41.43,40.13,,41.43,,,755,30074,11,F1,1,,,,,
10-07-2026,10-07-2026,CM,BSE,STK,511535,INE026C01013,NDASEC,X,,,,,NDA SECURITIES LTD.,32.13,32.13,31.01,31.98,32,32.13,,31.98,,,1467,46732,11,F1,1,,,,,
10-07-2026,10-07-2026,CM,BSE,STK,511539,INE533B01028,SUPRATRE,X,,,,,Supra Trends Limited,13.8,13.8,13.5,13.5,13.5,13.8,,13.5,,,10,137,2,F1,1,,,,,
10-07-2026,10-07-2026,CM,BSE,STK,511543,INE777C01011,GSBFIN,X,,,,,GSB FINANCE LTD.,47.48,47.48,45.3,47.12,47.12,39.57,,47.12,,,125557,5921882,528,F1,1,,,,,
10-07-2026,10-07-2026,CM,BSE,STK,511549,INE367A01015,MORARKFI,X,,,,,MORARKA FINANCE LTD.,60.07,60.8,59,60.03,60,60.07,,60.03,,,1849,111030,37,F1,1,,,,,
10-07-2026,10-07-2026,CM,BSE,STK,511551,INE903D01011,MONARCH,B,,,,,Monarch Networth Capital Limit,352,362.95,351.75,360.3,360.3,351.6,,360.65,,,7762,2775379,248,F1,1,,,,,
10-07-2026,10-07-2026,CM,BSE,STK,511557,INE732K01027,PROFINC,Z,,,,,PRO FIN CAPITAL SERVICES LTD.,2.89,3,2.83,2.93,2.93,2.91,,2.93,,,600779,1749252,249,F1,1,,,,,
10-07-2026,10-07-2026,CM,BSE,STK,511559,INE289C01025,TEAMGTY,B,,,,,TEAM INDIA GUARANTY LIMITED,255.95,255.95,232.05,234,234,228.8,,233.88,,,205,47996,30,F1,1,,,,,
10-07-2026,10-07-2026,CM,BSE,STK,511571,INE754C01010,CRESCENTIS,X,,,,,Crescentis Capital Limited,116,116,108,110.2,110.2,111.5,,110.2,,,5131,566449,104,F1,1,,,,,
10-07-2026,10-07-2026,CM,BSE,STK,511577,INE304E01010,MANTRA,X,,,,,Mantra Capital Limited,16.59,17.2,16.01,16.51,16.51,16.74,,16.51,,,3819,62904,7,F1,1,,,,,
10-07-2026,10-07-2026,CM,BSE,STK,511585,INE425F01028,BEFOUNDMOL,X,,,,,BEFOUND MOVEMENT LIMITED,3.49,3.5,3.49,3.5,3.5,3.34,,3.5,,,2226,7790,6,F1,1,,,,,
10-07-2026,10-07-2026,CM,BSE,STK,511589,INE323B01024,AVONMORE,B,,,,,AVONMORE CAPITAL & MANAGEMENT,10,10.16,9.99,10,9.99,9.98,,9.99,,,6945,69671,34,F1,1,,,,,
10-07-2026,10-07-2026,CM,BSE,STK,511593,INE212B01011,LIBORDFIN,X,,,,,LIBORD FINANCE LTD,16.95,17.2,15.61,16.9,16.9,16.49,,16.9,,,4214,71199,29,F1,1,,,,,
10-07-2026,10-07-2026,CM,BSE,STK,511601,INE216B01012,YASHMGM,X,,,,,YASH MANAGEMENT & SATELLITE LT,9.51,9.51,9.4,9.47,9.47,9.51,,9.47,,,1323,12488,11,F1,1,,,,,
10-07-2026,10-07-2026,CM,BSE,STK,511605,INE420B01036,ARIHANTCAP,B,,,,,ARIHANT CAPITAL MARKETS LTD.,75.11,76.3,74.07,74.41,74.07,74.8,,75.05,,,7234,544331,192,F1,1,,,,,
10-07-2026,10-07-2026,CM,BSE,STK,511609,INE569B01022,ISLCONSUL,X,,,,,ISL CONSULTING LTD.,19.31,19.31,18.2,19,19,19.31,,19,,,130,2505,12,F1,1,,,,,
10-07-2026,10-07-2026,CM,BSE,STK,511611,INE891B01012,DCMFINSERV,T,,,,,DCM FINANCIAL SERVICES LTD.,5.25,5.35,5.25,5.25,5.25,5.25,,5.25,,,1224,6526,4,F1,1,,,,,
10-07-2026,10-07-2026,CM,BSE,STK,511626,INE229D01011,RRFIN,XT,,,,,RR FINANCIAL CONSULTANTS LTD.,81.93,81.93,81.93,81.93,81.93,86.24,,81.93,,,2302,188602,29,F1,1,,,,,
10-07-2026,10-07-2026,CM,BSE,STK,511628,INE417D01020,FEDDERSHOL,B,,,,,FEDDERS HOLDING LIMITED,43.02,44.35,41.8,44.1,44.2,42.21,,44.15,,,19536,838802,164,F1,1,,,,,
10-07-2026,10-07-2026,CM,BSE,STK,511630,INE699B01027,SAMBHAAV,B,,,,,SAMBHAAV MEDIA LTD.,6.6,6.6,6.4,6.4,6.4,6.53,,6.34,,,4101,26572,52,F1,1,,,,,
10-07-2026,10-07-2026,CM,BSE,STK,511636,INE234E01027,DJSSS,X,,,,,DJS STOCK & SHARES LTD.,1.84,1.84,1.73,1.8,1.8,1.82,,1.8,,,16700,29735,52,F1,1,,,,,
10-07-2026,10-07-2026,CM,BSE,STK,511644,INE113B01037,OMEGAIN,X,,,,,OMEGA INTERACTIVE TECHNOLOGIES,39.46,39.46,39.46,39.46,39.46,41.53,,39.46,,,4851,191420,105,F1,1,,,,,
10-07-2026,10-07-2026,CM,BSE,STK,511654,INE309D01011,SUGALDAM,X,,,,,SUGAL & DAMANI SHARE BROKERS L,60,60.2,60,60.2,60.2,60,,60.2,,,417,25023,3,F1,1,,,,,
10-07-2026,10-07-2026,CM,BSE,STK,511658,INE027D01019,NETTLINX,X,,,,,NETTLINX LTD.,16.16,16.16,15.61,15.76,15.61,15.92,,15.76,,,9328,149184,34,F1,1,,,,,
10-07-2026,10-07-2026,CM,BSE,STK,511664,INE443D01018,BGIL,X,,,,,BGIL FILMS & TECHNOLOGIES LTD.,8.48,8.48,8.01,8.17,8.17,8.25,,8.17,,,35709,294636,90,F1,1,,,,,
10-07-2026,10-07-2026,CM,BSE,STK,511672,INE099G01011,SCANSTL,B,,,,,Scan Steels Limited,43.89,50.5,42.8,47.47,47.47,42.6,,47.45,,,274057,12813327,3208,F1,1,,,,,
10-07-2026,10-07-2026,CM,BSE,STK,511676,INE289B01019,GICHSGFIN,B,,,,,GIC HOUSING FINANCE LTD.,151.15,153.25,151,151.55,151,151.15,,151.23,,,3091,469190,197,F1,1,,,,,
10-07-2026,10-07-2026,CM,BSE,STK,511692,INE759C01027,AJCON,X,,,,,AJCON GLOBAL SERVICES LTD.,6.2,6.2,5.93,5.97,5.97,5.99,,5.97,,,3832,22885,26,F1,1,,,,,
10-07-2026,10-07-2026,CM,BSE,STK,511700,INE625D01028,STANCAP,X,,,,,STANDARD CAPITAL MARKETS LTD.,0.42,0.44,0.41,0.43,0.43,0.42,,0.43,,,12337934,5222298,1304,F1,1,,,,,
10-07-2026,10-07-2026,CM,BSE,STK,511702,INE290E01011,YOGI,X,,,,,YOGI LIMITED,170.15,184,170,176.15,178.1,171.9,,176.15,,,2984,518163,40,F1,1,,,,,
10-07-2026,10-07-2026,CM,BSE,STK,511710,INE717D01023,CUBIFIN,XT,,,,,CUBICAL FINANCIAL SERVICES LTD,3.69,3.69,3.69,3.69,3.69,3.76,,3.69,,,7613,28091,14,F1,1,,,,,
10-07-2026,10-07-2026,CM,BSE,STK,511712,INE452B01013,RELICTEC,X,,,,,RELIC TECHNOLOGIES LTD.,73.49,73.49,64.28,67.43,66.46,75.49,,67.43,,,457,30750,24,F1,1,,,,,
10-07-2026,10-07-2026,CM,BSE,STK,511714,INE875B01015,NIMBSPROJ,T,,,,,NIMBUS PROJECTS LTD.,203,203,203,203,203,213.15,,203.75,,,2,406,1,F1,1,,,,,
10-07-2026,10-07-2026,CM,BSE,STK,511716,INE359A01012,INVIGO,X,,,,,Invigorated Business Consultin,5.71,6.45,5.71,6.07,6.06,6.03,,6.07,,,955,5908,17,F1,1,,,,,
10-07-2026,10-07-2026,CM,BSE,STK,511724,INE020D01022,BAIDFIN,B,,,,,BAID FINSERV LIMITED,10.71,10.71,10.14,10.36,10.32,10.21,,10.27,,,12542,129029,38,F1,1,,,,,
10-07-2026,10-07-2026,CM,BSE,STK,511726,INE946H01037,VIPULLTD,T,,,,,VIPUL LTD.,16.24,16.98,16.24,16.98,16.98,16.18,,16.98,,,17179,290246,103,F1,1,,,,,
10-07-2026,10-07-2026,CM,BSE,STK,511728,INE006C01015,KZLFIN,X,,,,,K.Z.LEASING & FINANCE LTD.,16.75,16.75,16.75,16.75,16.75,16.75,,16.75,,,50,837,1,F1,1,,,,,
10-07-2026,10-07-2026,CM,BSE,STK,511740,INE239B01014,RFL,XT,,,,,RUPAREL FOOD PRODUCTS LIMITED,155,162.75,150,150,150,155,,150,,,52,7817,3,F1,1,,,,,
10-07-2026,10-07-2026,CM,BSE,STK,511742,INE583D01011,UGROCAP,B,,,,,UGRO CAPITAL LIMITED,95.89,98.26,95.73,98.01,97.97,94.66,,98.01,,,20252,1973849,493,F1,1,,,,,
10-07-2026,10-07-2026,CM,BSE,STK,511754,INE861D01011,SAHLIBHFI,B,,,,,SHALIBHADRA FINANCE LTD.,80.1,80.99,77.2,79.5,79.5,79.41,,79.39,,,17465,1374380,59,F1,1,,,,,
10-07-2026,10-07-2026,CM,BSE,STK,511756,INE195I01013,ABIRAFN,Z,,,,,ABIRAMI FINANCIAL SERVICES (IN,33,33,33,33,33,33,,33,,,5,165,1,F1,1,,,,,
10-07-2026,10-07-2026,CM,BSE,STK,511764,INE819K01014,AASTAFIN,X,,,,,Aastamangalam Finance Limited,36.38,38.51,34.1,37.13,37.13,35.08,,37.13,,,273846,10053886,223,F1,1,,,,,
10-07-2026,10-07-2026,CM,BSE,STK,511766,INE296G01013,MUTHOOTCAP,B,,,,,MUTHOOT CAPITAL SERVICES LTD.,218.9,224.05,218.9,223.7,220.5,218,,222.57,,,2371,528724,285,F1,1,,,,,
10-07-2026,10-07-2026,CM,BSE,STK,511768,INE677D01037,MASTERTR,B,,,,,MASTER TRUST LTD.,97,102.16,89.1,92.9,89.1,96.03,,93.2,,,485668,46968406,2692,F1,1,,,,,
10-07-2026,10-07-2026,CM,BSE,STK,512008,INE886D01026,EFCIL,B,,,,,EFC (I) LIMITED,189.15,194.6,189.1,192.35,192.5,193,,192.25,,,11682,2243318,207,F1,1,,,,,
10-07-2026,10-07-2026,CM,BSE,STK,512014,INE754D01018,SOBME,X,,,,,SOBHAGYA MERCHANTILE LTD.,904.95,904.95,861.1,898.75,892,887.5,,898.75,,,170,151032,25,F1,1,,,,,
10-07-2026,10-07-2026,CM,BSE,STK,512018,INE135H01029,TTGIL,X,,,,,TOMORROW TECHNOLOGIES GLOBAL I,8.38,8.38,7.91,8.01,8.16,8.34,,8.01,,,41909,343586,63,F1,1,,,,,
10-07-2026,10-07-2026,CM,BSE,STK,512020,INE967G01019,ZSARACOM,B,,,,,SARASWATI COMMERCIAL (INDIA) L,12615.6,13470,12600,13235.25,13387,12691.6,,13122,,,57,748982,37,F1,1,,,,,
10-07-2026,10-07-2026,CM,BSE,STK,512025,INE767M01029,ASGARD,X,,,,,ASGARD ALCOBEV LIMITED,32.99,32.99,32,32.46,32.46,32.27,,32.46,,,19442,631194,118,F1,1,,,,,
10-07-2026,10-07-2026,CM,BSE,STK,512026,INE603D01017,VEGA,XT,,,,,VEGA JEWELLERS LIMITED,61.95,61.95,61.95,61.95,61.95,61.95,,61.95,,,170,10531,1,F1,1,,,,,
10-07-2026,10-07-2026,CM,BSE,STK,512038,INE887D01016,TCC,B,,,,,TCC CONCEPT LIMITED,348.65,348.65,320,320.25,320.45,328.4,,321.1,,,4860,1599775,148,F1,1,,,,,
10-07-2026,10-07-2026,CM,BSE,STK,512047,INE510H01015,ROYALIND,XT,,,,,ROYAL INDIA CORPORATION LIMITE,6.11,6.14,5.83,5.88,5.87,6.03,,5.88,,,18721,111241,90,F1,1,,,,,
10-07-2026,10-07-2026,CM,BSE,STK,512048,INE195E01020,DHANSAFAL,X,,,,,DHANSAFAL FINSERVE LIMITED,2.35,2.42,2.3,2.35,2.35,2.37,,2.35,,,61519,144060,84,F1,1,,,,,
10-07-2026,10-07-2026,CM,BSE,STK,512062,INE896J01014,TANDHANIN,XT,,,,,TANDHAN INDUSTRIES LIMITED,154.75,154.75,154.6,154.6,154.6,151.75,,154.6,,,733,113321,2,F1,1,,,,,
10-07-2026,10-07-2026,CM,BSE,STK,512064,INE762D01011,VISVEN,X,,,,,VISHVPRABHA VENTURES LIMITED,44.94,44.94,38.93,39.86,39.88,43.25,,39.86,,,181,7178,11,F1,1,,,,,
10-07-2026,10-07-2026,CM,BSE,STK,512065,INE738D01029,MRUTR,XT,,,,,MRUGESH TRADING LTD.,64.93,64.93,64.93,64.93,64.93,63.66,,64.93,,,511,33179,5,F1,1,,,,,
10-07-2026,10-07-2026,CM,BSE,STK,512068,INE945F01025,DECNGOLD,B,,,,,DECCAN GOLD MINES LTD.,207.95,212.85,203.1,204.95,203.1,204.75,,205.27,,,359360,74603834,3579,F1,1,,,,,
10-07-2026,10-07-2026,CM,BSE,STK,512070,INE628A01036,UPL,A,,,,,UPL LIMITED,586.75,599.5,586.35,594.65,594.65,581.85,,594.75,,,35425,21108457,1214,F1,1,,,,,
10-07-2026,10-07-2026,CM,BSE,STK,512093,INE234B01023,CRANESSOFT,Z,,,,,CRANES SOFTWARE INTERNATIONAL,4.09,4.09,3.73,3.76,3.75,3.9,,3.76,,,10946,42187,41,F1,1,,,,,
10-07-2026,10-07-2026,CM,BSE,STK,512097,INE092G01024,SAICOM,X,,,,,SAIANAND COMMERCIAL LIMITED,0.22,0.23,0.22,0.23,0.23,0.22,,0.23,,,27024,6083,27,F1,1,,,,,
10-07-2026,10-07-2026,CM,BSE,STK,512099,INE750G01019,EY,XT,,,,,EYANTRA VENTURES LIMITED,642.2,709,642.2,709,709,676,,709,,,221,141993,8,F1,1,,,,,
10-07-2026,10-07-2026,CM,BSE,STK,512103,INE276H01013,NIDHGRN,XT,,,,,NIDHI GRANITES LTD.,359.6,373.7,339.5,365.35,365.4,356.2,,365.35,,,674,244271,26,F1,1,,,,,
10-07-2026,10-07-2026,CM,BSE,STK,512109,INE461H01011,AVIVA,X,,,,,AVIVA INDUSTRIES LTD.,61.69,61.69,61.69,61.69,61.69,62,,61.69,,,10,616,3,F1,1,,,,,
10-07-2026,10-07-2026,CM,BSE,STK,512115,INE649C01012,ROSEMER,X,,,,,ROSE MERC.LTD.,68.89,68.89,62.51,62.99,63,62.68,,62.99,,,624,39308,13,F1,1,,,,,
10-07-2026,10-07-2026,CM,BSE,STK,512131,INE529F01035,SIGIND,B,,,,,SIGNET INDUSTRIES LIMITED,54,54,47,48.22,48.22,46.98,,47.33,,,1714,83135,35,F1,1,,,,,
10-07-2026,10-07-2026,CM,BSE,STK,512149,INE758A01072,AVANCE,X,,,,,AVANCE TECHNOLOGIES LTD.,0.94,0.96,0.94,0.94,0.94,0.94,,0.94,,,9041853,8574585,1708,F1,1,,,,,
10-07-2026,10-07-2026,CM,BSE,STK,512161,INE650K01021,SECURKLOUD,B,,,,,SECUREKLOUD TECHNOLOGIES LIMIT,19.05,19.5,18.02,18.96,18.96,18.84,,18.86,,,7981,150616,35,F1,1,,,,,
10-07-2026,10-07-2026,CM,BSE,STK,512165,INE365O01028,ABANSENT,T,,,,,ABANS ENTERPRISES LTD,28,29.5,27.3,28.82,29.5,28.48,,28.79,,,2866,81909,25,F1,1,,,,,
10-07-2026,10-07-2026,CM,BSE,STK,512169,INE968E01012,CAPRICORN,XT,,,,,CAPRICORN SYSTEMS GLOBAL SOLUT,17.9,17.9,17.2,17.2,17.2,18.1,,17.2,,,35869,619326,66,F1,1,,,,,
10-07-2026,10-07-2026,CM,BSE,STK,512175,INE685D01022,VAMA,X,,,,,VAMA INDUSTRIES LTD.,3.73,3.75,3.41,3.65,3.65,3.43,,3.65,,,45012,164707,106,F1,1,,,,,
10-07-2026,10-07-2026,CM,BSE,STK,512179,INE805D01034,SUNTECK,A,,,,,SUNTECK REALTY LTD.,319.25,332,319.25,327.45,327.5,319.2,,327.2,,,15391,5047735,486,F1,1,,,,,
10-07-2026,10-07-2026,CM,BSE,STK,512197,INE798C01017,SILVERO,Z,,,,,SILVER OAK COMMERCIAL LTD.,5.9,5.9,5.61,5.7,5.7,5.9,,5.7,,,2845,16251,19,F1,1,,,,,
10-07-2026,10-07-2026,CM,BSE,STK,512217,INE730E01016,PRISMMEDI,XT,,,,,PRISM MEDICO AND PHARMACY LTD.,27.5,29.59,27.5,28.8,28.8,28.8,,28.8,,,2552,72868,17,F1,1,,,,,
10-07-2026,10-07-2026,CM,BSE,STK,512229,INE379J01029,VERITAS,XT,,,,,VERITAS (INDIA) LTD.,182.15,182.15,176.1,182.1,182.15,178.6,,182.1,,,5037,916654,64,F1,1,,,,,
10-07-2026,10-07-2026,CM,BSE,STK,512237,INE070D01027,JAICORPLTD,B,,,,,JAI CORP LTD.,111,112.35,110.15,111.25,111.4,109.1,,111.23,,,31250,3476231,382,F1,1,,,,,
10-07-2026,10-07-2026,CM,BSE,STK,512247,INE894A01026,ASHCAP,X,,,,,ASHIRWAD CAPITAL LTD.,2.75,2.79,2.71,2.74,2.76,2.74,,2.74,,,37149,102426,216,F1,1,,,,,
10-07-2026,10-07-2026,CM,BSE,STK,512257,INE895A01023,SVARTCORP,X,,,,,SWASTI VINAYAKA ART AND HERITA,3.64,3.75,3.62,3.64,3.64,3.71,,3.64,,,46356,170450,134,F1,1,,,,,
10-07-2026,10-07-2026,CM,BSE,STK,512267,INE200D01020,MMWL,T,,,,,MEDIA MATRIX WORLDWIDE LTD.,13.13,13.8,13.13,13.26,13.26,13.2,,13.28,,,2363,31357,10,F1,1,,,,,
10-07-2026,10-07-2026,CM,BSE,STK,512277,INE340U01010,AUTOINT,X,,,,,AUTORIDERS INTERNATIONAL LTD.,335.6,346,335,340,344,335.6,,340,,,59,20099,11,F1,1,,,,,
10-07-2026,10-07-2026,CM,BSE,STK,512296,INE458B01036,BHAGYANGR,T,,,,,BHAGYANAGAR INDIA LTD.,375,391,375,386.7,390.95,374,,383.85,,,10983,4242943,288,F1,1,,,,,
10-07-2026,10-07-2026,CM,BSE,STK,512301,INE417N01011,CHMBBRW,XT,,,,,CHAMBAL BREWERIES & DISTILLERI,32.2,32.2,32.2,32.2,32.2,30.67,,32.2,,,7378,237571,21,F1,1,,,,,
10-07-2026,10-07-2026,CM,BSE,STK,512329,INE385F01024,SGMART,B,,,,,SG MART LIMITED,660.45,679.3,654,657.1,654,663.5,,658.4,,,16308,10861285,535,F1,1,,,,,
10-07-2026,10-07-2026,CM,BSE,STK,512344,INE068C01015,ARAVALIS,X,,,,,ARAVALI SECURITIES & FINANCE L,3.7,3.7,3.7,3.7,3.7,3.7,,3.7,,,241,891,6,F1,1,,,,,
10-07-2026,10-07-2026,CM,BSE,STK,512345,INE745A01012,LEXGLOBAL,XT,,,,,LEXORA GLOBAL LIMITED,198,198,198,198,198,199,,198,,,3,594,1,F1,1,,,,,
10-07-2026,10-07-2026,CM,BSE,STK,512361,INE108G01010,CUPIDALBV,XT,,,,,CUPID BREWERIES AND DISTILLERI,33.95,34.18,32.5,33.25,33.15,33.28,,33.25,,,122451,4076482,421,F1,1,,,,,
10-07-2026,10-07-2026,CM,BSE,STK,512379,INE716D01033,CRSL,X,,,,,CRESSANDA RAILWAY SOLUTIONS LI,2.28,2.28,2.22,2.27,2.27,2.26,,2.27,,,221771,501340,467,F1,1,,,,,
10-07-2026,10-07-2026,CM,BSE,STK,512381,INE992I01013,STARTECK,B,,,,,STARTECK FINANCE LIMITED,283,285,282.9,285,285,282.25,,280.3,,,3000,850365,10,F1,1,,,,,
10-07-2026,10-07-2026,CM,BSE,STK,512393,INE037B01020,SHARDUL,B,,,,,SHARDUL SECURITIES LTD.,28.1,33.72,28.04,33.72,33.72,28.1,,33.7,,,20830,675563,528,F1,1,,,,,
10-07-2026,10-07-2026,CM,BSE,STK,512399,INE017I01027,SERA,X,,,,,SERA INVESTMENTS & FINANCE IND,41.74,41.74,39.6,40.87,41.2,40.59,,40.87,,,25238,1024654,79,F1,1,,,,,
10-07-2026,10-07-2026,CM,BSE,STK,512415,INE319T01016,MERCTRD,X,,,,,MERCURY TRADE LINKS LTD.,5.22,5.22,5.04,5.13,5.13,5.03,,5.13,,,11427,58933,58,F1,1,,,,,
10-07-2026,10-07-2026,CM,BSE,STK,512437,INE412D01013,APOLLOFI,X,,,,,APOLLO FINVEST (INDIA) LTD.,359,380,350,369.7,369,350,,369.7,,,394,143983,32,F1,1,,,,,
10-07-2026,10-07-2026,CM,BSE,STK,512441,INE993I01029,ENBETRD,X,,,,,Enbee Trade &amp; Finance Ltd,0.27,0.27,0.26,0.26,0.26,0.27,,0.26,,,8478343,2228329,656,F1,1,,,,,
10-07-2026,10-07-2026,CM,BSE,STK,512443,INE162L01017,GANONPRO,X,,,,,Ganon Products Limited,13,13.74,12.15,12.15,12.15,13.5,,12.15,,,137404,1722420,156,F1,1,,,,,
10-07-2026,10-07-2026,CM,BSE,STK,512453,INE564J01026,SHRJAGP,X,,,,,SHRI JAGDAMBA POLYMERS LTD.,585.1,609,585.1,604,603,590.4,,604,,,1227,736484,44,F1,1,,,,,
10-07-2026,10-07-2026,CM,BSE,STK,512455,INE281B01032,LLOYDSME,A,,,,,LLOYDS METALS AND ENERGY LTD.,1751.95,1828.95,1751.95,1798.55,1798.55,1747.15,,1799.5,,,99073,177402365,4067,F1,1,,,,,
10-07-2026,10-07-2026,CM,BSE,STK,512463,INE080I01025,LLOYDSENT,A,,,,,LLOYDS ENTERPRISES LIMITED,75.89,78.5,74.7,78.18,78.28,74.54,,78.18,,,311569,24028264,1501,F1,1,,,,,
10-07-2026,10-07-2026,CM,BSE,STK,512477,INE765L01017,BETXIND,X,,,,,BETEX INDIA LTD.,497.95,497.95,489.95,490,490,475,,490,,,13,6382,5,F1,1,,,,,
10-07-2026,10-07-2026,CM,BSE,STK,512489,INE876A01023,OASISEC,XT,,,,,OASIS SECURITIES LTD.,12,12.39,11.8,12.26,12,12.34,,12.26,,,10585,129048,26,F1,1,,,,,
10-07-2026,10-07-2026,CM,BSE,STK,512493,INE590B01010,GARNETINT,X,,,,,GARNET INTERNATIONAL LTD.,60.96,63,60.96,62.16,62.99,60.92,,62.16,,,2834,174782,28,F1,1,,,,,
10-07-2026,10-07-2026,CM,BSE,STK,512499,INE435E01020,SHALPRO,X,,,,,SHALIMAR PRODUCTIONS LTD.,0.29,0.29,0.29,0.29,0.29,0.28,,0.29,,,2501636,725474,395,F1,1,,,,,
10-07-2026,10-07-2026,CM,BSE,STK,512519,INE668D01028,DONEAR,B,,,,,DONEAR INDUSTRIES LTD.,85.27,85.44,82.5,84.91,84.91,84.55,,85.31,,,1981,167311,153,F1,1,,,,,
10-07-2026,10-07-2026,CM,BSE,STK,512527,INE091C01017,SUPER,X,,,,,SUPER SALES INDIA LTD.,866.15,877.95,866,868.8,866.85,859.95,,868.8,,,354,307078,23,F1,1,,,,,
10-07-2026,10-07-2026,CM,BSE,STK,512529,INE807F01027,VIYASH,B,,,,,VIYASH SCIENTIFIC LIMITED,282,283.2,274.5,278.35,278.35,280.85,,277.8,,,47034,13153460,788,F1,1,,,,,
10-07-2026,10-07-2026,CM,BSE,STK,512531,INE655A01013,STCINDIA,B,,,,,STATE TRADING CORPORATION OF I,124.9,125.8,122.1,122.25,122.1,121.9,,122.35,,,3780,469675,77,F1,1,,,,,
10-07-2026,10-07-2026,CM,BSE,STK,512559,INE080B01012,KOHINOOR,B,,,,,KOHINOOR FOODS LTD.,24.9,24.9,23.41,24.4,24.3,24.41,,24.37,,,18481,446740,352,F1,1,,,,,
10-07-2026,10-07-2026,CM,BSE,STK,512565,INE581D01015,NEELKANTH,X,,,,,NEELKANTH LIMITED,39.5,39.5,39.5,39.5,39.5,39.5,,39.5,,,24,948,1,F1,1,,,,,
10-07-2026,10-07-2026,CM,BSE,STK,512573,INE871C01038,AVANTIFEED,A,,,,,AVANTI FEEDS LTD.,925,939,915.9,923.7,926.7,920.5,,924.5,,,43247,39986700,1583,F1,1,,,,,
10-07-2026,10-07-2026,CM,BSE,STK,512587,INE077B01018,ZODJRDMKJ,X,,,,,ZODIAC-JRD-MKJ LTD.,35.53,36.16,34.85,36.16,36.16,35.53,,36.16,,,1436,50736,16,F1,1,,,,,
10-07-2026,10-07-2026,CM,BSE,STK,512589,INE579D01019,SITAENT,X,,,,,SITA ENTERPRISES LTD.,161.8,163.9,143.1,147.45,147.45,159.55,,147.45,,,6256,941451,115,F1,1,,,,,
10-07-2026,10-07-2026,CM,BSE,STK,512591,INE183U01022,PULSRIN,X,,,,,PULSAR INTERNATIONAL LTD.,0.49,0.5,0.48,0.49,0.49,0.5,,0.49,,,7338292,3591045,655,F1,1,,,,,
10-07-2026,10-07-2026,CM,BSE,STK,512595,INE348N01042,MANBRO,X,,,,,Manbro Industries Limited,49.56,51,49.4,50.39,50.38,49.53,,50.39,,,146792,7351814,385,F1,1,,,,,
10-07-2026,10-07-2026,CM,BSE,STK,512597,INE681C01015,KEYFINSERV,B,,,,,KEYNOTE FINANCIAL SERVICES LIM,262.2,264,262.2,263.05,262.6,274.25,,264.32,,,400,105134,23,F1,1,,,,,
10-07-2026,10-07-2026,CM,BSE,STK,512599,INE423A01024,ADANIENT,A,,,,,ADANI ENTERPRISES LTD.,3100.05,3183.3,3100.05,3155.15,3155.15,3085.3,,3157.2,,,121806,384271998,8557,F1,1,,,,,
10-07-2026,10-07-2026,CM,BSE,STK,512600,INE307N01014,ASTALLTD,X,,,,,ASTAL LABORATORIES LIMITED,83,84.49,80.56,82.22,83.96,82.15,,82.22,,,14670,1215815,131,F1,1,,,,,
10-07-2026,10-07-2026,CM,BSE,STK,512604,INE772B01014,HARIAEXPO,X,,,,,HARIA EXPORTS LTD.,6.85,7.19,6.85,7.19,7.19,6.85,,7.19,,,8750,62602,12,F1,1,,,,,
10-07-2026,10-07-2026,CM,BSE,STK,512608,INE474E01029,BHANDARI,T,,,,,BHANDARI HOSIERY EXPORTS LTD.,2.81,3.04,2.81,2.95,2.95,2.95,,2.94,,,10767,31882,37,F1,1,,,,,
10-07-2026,10-07-2026,CM,BSE,STK,512618,INE629C01014,RLF,X,,,,,RLF LTD.,9.5,9.5,9.25,9.35,9.35,9.6,,9.35,,,198,1841,6,F1,1,,,,,
10-07-2026,10-07-2026,CM,BSE,STK,512624,INE769D01016,REGENTRP,X,,,,,Regent Enterprises Limited,5.27,5.29,5.12,5.22,5.27,5.24,,5.22,,,7378,38864,36,F1,1,,,,,
10-07-2026,10-07-2026,CM,BSE,STK,512626,INE231G01010,ORBTEXP,T,,,,,ORBIT EXPORTS LTD.,235,235,228,232.1,232,231.05,,231.54,,,2260,520364,22,F1,1,,,,,
10-07-2026,10-07-2026,CM,BSE,STK,512634,INE104E01014,SAVERA,X,,,,,SAVERA INDUSTRIES LTD.,164.95,164.95,159,161.5,162,157,,161.5,,,3374,538063,14,F1,1,,,,,
10-07-2026,10-07-2026,CM,BSE,STK,513005,INE114E01013,CHROME,X,,,,,Chrome Silicon Limited,37.37,38.76,37.37,38.75,38.75,38.79,,38.75,,,216,8203,12,F1,1,,,,,
10-07-2026,10-07-2026,CM,BSE,STK,513023,INE725A01030,NAVA,A,,,,,NAVA LIMITED,602,609.8,597.45,599.25,599.2,596.9,,599.75,,,14022,8444721,623,F1,1,,,,,
10-07-2026,10-07-2026,CM,BSE,STK,513043,INE158G01015,REMIEDEL,X,,,,,REMI EDELSTAHL TUBULARS LIMITE,181.45,183.9,177.05,182.2,182.25,184,,182.2,,,832,148721,26,F1,1,,,,,
10-07-2026,10-07-2026,CM,BSE,STK,513059,INE736H01024,GSAUTO,X,,,,,G.S.AUTO INTERNATIONAL LTD.,13.99,14.99,13.99,14.05,14,13.81,,14.05,,,14569,207854,104,F1,1,,,,,
10-07-2026,10-07-2026,CM,BSE,STK,513063,INE360D01014,TRANSFRE,X,,,,,TRANS-FREIGHT CONTAINERS LTD.,20,20.22,20,20.01,20,20.22,,20.01,,,201,4027,12,F1,1,,,,,
10-07-2026,10-07-2026,CM,BSE,STK,513097,INE386D01027,SBCL,B,,,,,SHIVALIK BIMETAL CONTROLS LTD.,736.85,749.6,728.4,746.5,745.2,726.55,,747,,,107028,78722318,582,F1,1,,,,,
10-07-2026,10-07-2026,CM,BSE,STK,513108,INE524B01027,GANDHITUBE,B,,,,,GANDHI SPECIAL TUBES LTD.,864.85,867,855.05,855.9,855.05,850.2,,855.5,,,628,540982,33,F1,1,,,,,
10-07-2026,10-07-2026,CM,BSE,STK,513117,INE991A01020,AMFORG,X,,,,,AMFORGE INDUSTRIES LTD.,7.19,7.19,6.84,7.19,7.19,7.1,,7.19,,,822,5873,14,F1,1,,,,,
10-07-2026,10-07-2026,CM,BSE,STK,513119,INE173M01012,ONIXSOLAR,X,,,,,ONIX SOLAR ENERGY LIMITED,631,656.15,630.45,633.75,633.75,643.3,,633.75,,,99270,63030710,548,F1,1,,,,,
10-07-2026,10-07-2026,CM,BSE,STK,513121,INE730A01022,ORICONENT,B,,,,,ORICON ENTERPRISES LTD.,55.5,55.74,54.06,55.19,55.19,55.5,,55.05,,,3898,212159,75,F1,1,,,,,
10-07-2026,10-07-2026,CM,BSE,STK,513149,INE950D01012,ACROW,X,,,,,ACROW INDIA LTD.,870,870,828.15,828.15,828.15,870,,828.15,,,21,17434,4,F1,1,,,,,
10-07-2026,10-07-2026,CM,BSE,STK,513173,INE205F01016,STLSTRINF,X,,,,,STEEL STRIPS INFRASTRUCTURES L,20.39,20.39,18.57,19.95,19.95,19.34,,19.95,,,1481,29287,25,F1,1,,,,,
10-07-2026,10-07-2026,CM,BSE,STK,513228,INE932A01024,PENIND,B,,,,,PENNAR INDUSTRIES LTD.,173.05,174.5,170,172.05,172.05,169.85,,172.16,,,18825,3249396,337,F1,1,,,,,
10-07-2026,10-07-2026,CM,BSE,STK,513250,INE197A01024,JYOTISTRUC,A,,,,,JYOTI STRUCTURES LTD.,11.86,11.86,11.65,11.69,11.72,11.77,,11.71,,,178336,2093047,350,F1,1,,,,,
10-07-2026,10-07-2026,CM,BSE,STK,513252,INE289D01015,JAYUSH,X,,,,,JAY USHIN LTD.,875,909,868.9,869.4,869.4,868.9,,869.4,,,425,377675,37,F1,1,,,,,
10-07-2026,10-07-2026,CM,BSE,STK,513262,INE802C01033,SSWL,B,,,,,STEEL STRIPS WHEELS LTD.,242.95,247.05,241.6,245.95,246.9,240,,246.05,,,39202,9551985,786,F1,1,,,,,
10-07-2026,10-07-2026,CM,BSE,STK,513269,INE993A01026,MANINDS,B,,,,,MAN INDUSTRIES (INDIA) LTD.,584.6,584.6,564,567.45,566.4,574.95,,566.5,,,8453,4866365,339,F1,1,,,,,
10-07-2026,10-07-2026,CM,BSE,STK,513295,INE611C01020,IMEC,X,,,,,IMEC SERVICES LIMITED,124,127.8,107,117.35,124,123.15,,117.35,,,2903,345133,103,F1,1,,,,,
10-07-2026,10-07-2026,CM,BSE,STK,513303,INE001F01019,MDRNSTL,X,,,,,MODERN STEELS LTD.,13.27,13.27,12.45,12.53,12.94,12.65,,12.53,,,3485,45017,34,F1,1,,,,,
10-07-2026,10-07-2026,CM,BSE,STK,513307,INE363L01045,BELDING,X,,,,,BELDING INDIA LIMITED,1494.1,1494.1,1396,1405.25,1408,1494.1,,1405.25,,,2963,4203819,136,F1,1,,,,,
10-07-2026,10-07-2026,CM,BSE,STK,513337,INE145J01032,GUJTLRM,B,,,,,GUJARAT TOOLROOM LTD.,0.51,0.52,0.5,0.51,0.51,0.51,,0.51,,,3059915,1555202,880,F1,1,,,,,
10-07-2026,10-07-2026,CM,BSE,STK,513349,INE298G01035,AJMERA,B,,,,,AJMERA REALTY & INFRA INDIA LT,130.95,135.7,130,134.55,134.15,129.7,,134.67,,,31118,4166622,500,F1,1,,,,,
10-07-2026,10-07-2026,CM,BSE,STK,513353,INE105D01013,COCHINM,X,,,,,COCHIN MINERALS & RUTILE LTD.,242.55,247,242.55,246.7,246.95,243.75,,246.7,,,2045,501753,53,F1,1,,,,,
10-07-2026,10-07-2026,CM,BSE,STK,513361,INE072A01029,INDIAHOMES,XT,,,,,India Homes Limited,21.85,23.25,21.4,22.87,22.87,22.38,,22.87,,,614553,13801596,605,F1,1,,,,,
10-07-2026,10-07-2026,CM,BSE,STK,513369,INE013J01016,KVFORGE,XT,,,,,KRISHANVEER FORGE LIMITED,168.55,172.8,160.15,162.35,162.35,168.55,,162.35,,,11226,1806764,109,F1,1,,,,,
10-07-2026,10-07-2026,CM,BSE,STK,513375,INE120A01034,CARBORUNIV,A,,,,,CARBORUNDUM UNIVERSAL LTD.,1096,1103.45,1081.65,1090.6,1097.8,1090,,1091.2,,,59396,65221647,694,F1,1,,,,,
10-07-2026,10-07-2026,CM,BSE,STK,513377,INE123F01029,MMTC,A,,,,,MMTC LTD.,64.99,66.88,64.6,65.12,65.12,64.13,,65.1,,,128072,8402571,871,F1,1,,,,,
10-07-2026,10-07-2026,CM,BSE,STK,513397,INE457E01016,VALLABHSQ,X,,,,,VALLABH STEELS LTD.,8.6,9.03,8.6,9.03,9.03,9,,9.03,,,751,6551,5,F1,1,,,,,
10-07-2026,10-07-2026,CM,BSE,STK,513418,INE728B01032,SMFIL,XT,,,,,SMITHS & FOUNDERS (INDIA) LIMI,9.49,9.49,9.49,9.49,9.49,9.31,,9.49,,,17982,170649,30,F1,1,,,,,
10-07-2026,10-07-2026,CM,BSE,STK,513422,INE373E01015,BLOIN,X,,,,,BLOOM INDUSTRIES LTD.,33.32,35.47,32.71,33.09,32.82,34.19,,33.09,,,5818,196758,59,F1,1,,,,,
10-07-2026,10-07-2026,CM,BSE,STK,513430,INE501L01024,MAITRI,XT,,,,,Maitri Enterprises Limited,35.7,35.7,32.42,35.64,35.64,34,,35.64,,,180,5940,6,F1,1,,,,,
10-07-2026,10-07-2026,CM,BSE,STK,513436,INE640C01011,SHAHALLOYS,B,,,,,SHAH ALLOYS LTD.,75,75,73.3,73.3,73.3,74,,73.6,,,180,13462,5,F1,1,,,,,
10-07-2026,10-07-2026,CM,BSE,STK,513456,INE791E01018,KANSHST,X,,,,,KANISHK STEEL INDUSTRIES LTD.,53.23,54.48,52.01,53.4,53.4,53.23,,53.4,,,348,18358,9,F1,1,,,,,
10-07-2026,10-07-2026,CM,BSE,STK,513460,INE257F01017,MAHALXSE,Z,,,,,MAHALAXMI SEAMLESS LTD.,7.94,8.1,7.94,8.1,8.1,7.94,,8.1,,,13,104,5,F1,1,,,,,
10-07-2026,10-07-2026,CM,BSE,STK,513472,INE658D01011,SIMPLEXCAS,X,,,,,SIMPLEX CASTINGS LTD.,526.8,532,515,519.15,519.15,518.75,,519.15,,,5680,2967050,383,F1,1,,,,,
10-07-2026,10-07-2026,CM,BSE,STK,513488,INE387D01025,SSWRL,X,,,,,SHREE STEEL WIRE ROPES LTD.,23.51,27,23.51,27,27,23.4,,27,,,26885,720668,57,F1,1,,,,,
10-07-2026,10-07-2026,CM,BSE,STK,513496,INE235U01012,SIZEMASTER,XT,,,,,SIZEMASTERS TECHNOLOGY LIMITED,351.7,351.7,344.75,344.75,344.75,351.7,,344.75,,,86,29684,12,F1,1,,,,,
10-07-2026,10-07-2026,CM,BSE,STK,513498,INE308N01012,SOUTHMG,X,,,,,SOUTHERN MAGNESIUM & CHEMICALS,79,79,71.33,73.75,74.99,71.7,,73.75,,,834,62350,12,F1,1,,,,,
10-07-2026,10-07-2026,CM,BSE,STK,513502,INE927K01023,BAROEXT,X,,,,,BARODA EXTRUSION LTD.,8.55,8.55,8.3,8.35,8.34,8.32,,8.35,,,50685,424202,157,F1,1,,,,,
10-07-2026,10-07-2026,CM,BSE,STK,513509,INE314G01014,KALYANIFRG,B,,,,,KALYANI FORGE LTD.,624.85,625.7,620.35,625.65,625.7,624.85,,625.2,,,99,61784,32,F1,1,,,,,
10-07-2026,10-07-2026,CM,BSE,STK,513511,INE798F01010,PANCHMAHQ,X,,,,,PANCHMAHAL STEEL LTD.,304.95,304.95,302,302,302,296.75,,302,,,12,3653,2,F1,1,,,,,
10-07-2026,10-07-2026,CM,BSE,STK,513513,INE570B01012,ADITYA,X,,,,,ADITYA ISPAT LTD.,9.3,9.32,9.3,9.32,9.32,9.45,,9.32,,,179,1667,9,F1,1,,,,,
10-07-2026,10-07-2026,CM,BSE,STK,513517,INE124E01038,STEELCAS,B,,,,,STEELCAST LTD.,312,313.45,309.7,313.1,313.45,305.55,,312.8,,,5341,1665874,197,F1,1,,,,,
10-07-2026,10-07-2026,CM,BSE,STK,513519,INE450D01021,PITTIENG,B,,,,,PITTI ENGINEERING LIMITED,956.2,980.1,956.2,968.35,972.95,949.7,,968.85,,,3813,3701639,349,F1,1,,,,,
10-07-2026,10-07-2026,CM,BSE,STK,513528,INE741B01027,GLITTEKG,XT,,,,,GLITTEK GRANITES LTD.,48.32,48.32,48,48,48,47.38,,48,,,16728,808232,21,F1,1,,,,,
10-07-2026,10-07-2026,CM,BSE,STK,513532,INE770A01010,PRADPME,T,,,,,PRADEEP METALS LTD.,526.65,532,513.05,529.75,529.75,526.65,,521.9,,,534,277445,32,F1,1,,,,,
10-07-2026,10-07-2026,CM,BSE,STK,513536,INE207H01018,GNRL,B,,,,,GUJARAT NATURAL RESOURCES LIMI,102.6,103.7,101.5,102.2,102.8,102.4,,102.35,,,21388,2189175,1642,F1,1,,,,,
10-07-2026,10-07-2026,CM,BSE,STK,513544,INE277E01026,MSCTC,X,,,,,MARDIA SAMYOUNG CAPILLARY TUBE,40,40.9,39.7,40.54,40.6,39.01,,40.54,,,966,39210,29,F1,1,,,,,
10-07-2026,10-07-2026,CM,BSE,STK,513554,INE451L01014,MAHASTEEL,B,,,,,MAHAMAYA STEEL INDUSTRIES LTD.,831.05,866.85,831.05,865.25,865,828.35,,863.7,,,265,226645,29,F1,1,,,,,
10-07-2026,10-07-2026,CM,BSE,STK,513566,INE608C01026,NOVIS,X,,,,,NOVA IRON & STEEL LTD.,12.59,13.45,12.25,12.49,12.49,12.34,,12.49,,,7124,89916,81,F1,1,,,,,
10-07-2026,10-07-2026,CM,BSE,STK,513575,INE067E01013,STERPOW,XT,,,,,STERLING POWERGENSYS LTD,36.95,38.71,35.25,36.44,36.44,36.87,,36.44,,,8062,296349,67,F1,1,,,,,
10-07-2026,10-07-2026,CM,BSE,STK,513579,INE617C01027,FFPL,Z,,,,,FOUNDRY FUEL PRODUCTS LTD.,4.21,4.21,4.21,4.21,4.21,4.21,,4.21,,,200,842,1,F1,1,,,,,
10-07-2026,10-07-2026,CM,BSE,STK,513599,INE531E01026,HINDCOPPER,A,,,,,HINDUSTAN COPPER LTD.,495,511.65,493.55,498.75,498.75,486.3,,498.65,,,363447,183083172,6807,F1,1,,,,,
10-07-2026,10-07-2026,CM,BSE,STK,513629,INE463D01016,TULSYAN,XT,,,,,TULSYAN NEC LTD.,27.2,27.2,25.84,26.35,26.35,27.2,,26.35,,,3807,99160,29,F1,1,,,,,
10-07-2026,10-07-2026,CM,BSE,STK,513642,INE197C01012,AXELPOLY,X,,,,,AXEL POLYMERS LTD.,48,48,44.8,44.8,44.8,44.37,,44.8,,,22,999,4,F1,1,,,,,
10-07-2026,10-07-2026,CM,BSE,STK,513683,INE589A01014,NLCINDIA,A,,,,,NLC India Limited,306,315.4,302.65,314.7,314.7,303.3,,314.9,,,184176,57077525,3410,F1,1,,,,,
10-07-2026,10-07-2026,CM,BSE,STK,513687,INE848B01012,SPECTRA,Z,,,,,SPECTRA INDUSTRIES LTD.,3.9,3.9,3.9,3.9,3.9,3.83,,3.9,,,5,19,1,F1,1,,,,,
10-07-2026,10-07-2026,CM,BSE,STK,513693,INE434C01027,KAJARIR,XT,,,,,KIC METALIKS LTD.,35.18,37.85,35.18,35.87,35.85,36.85,,35.87,,,1708,63166,13,F1,1,,,,,
10-07-2026,10-07-2026,CM,BSE,STK,513699,INE584G01012,SOLIDSTON,X,,,,,SOLID STONE COMPANY LTD.,25.49,25.49,24.07,24.64,24.6,24.64,,24.64,,,146,3567,14,F1,1,,,,,
10-07-2026,10-07-2026,CM,BSE,STK,513709,INE960A01017,SHILGRAVQ,X,,,,,SHILP GRAVURES LTD.,138.15,145,138.15,143.55,144,139.95,,143.55,,,2294,329748,59,F1,1,,,,,
10-07-2026,10-07-2026,CM,BSE,STK,513713,INE146C01019,WHITEORG,X,,,,,White Organic Agro Limited,3.84,3.84,3.49,3.59,3.6,3.73,,3.59,,,84190,304087,167,F1,1,,,,,
10-07-2026,10-07-2026,CM,BSE,STK,513721,INE614F01019,MFSINTRCRP,XT,,,,,MFS INTERCORP LTD.,13.31,13.95,13.02,13.7,13.7,13.7,,13.7,,,657,8799,13,F1,1,,,,,
10-07-2026,10-07-2026,CM,BSE,STK,513729,INE210C01013,AROGRANITE,B,,,,,ARO GRANITE INDUSTRIES LTD.,25.8,25.84,25.06,25.84,25.84,25.04,,25.3,,,503,12975,3,F1,1,,,,,
10-07-2026,10-07-2026,CM,BSE,STK,514010,INE723D01021,RUDRAECO,X,,,,,RUDRA ECOVATION LIMITED,18.24,18.89,18.02,18.21,18.21,18,,18.21,,,53412,983089,156,F1,1,,,,,
10-07-2026,10-07-2026,CM,BSE,STK,514028,INE376L01013,RAJKSYN,X,,,,,RAJKAMAL SYNTHETICS LTD.,24.49,24.49,22.71,23.77,23.98,24.01,,23.77,,,7819,188168,42,F1,1,,,,,
10-07-2026,10-07-2026,CM,BSE,STK,514030,INE272C01013,DEEPAKSP,X,,,,,DEEPAK SPINNERS LTD.,138,138,135.1,135.35,137.2,134.75,,135.35,,,2457,332204,27,F1,1,,,,,
10-07-2026,10-07-2026,CM,BSE,STK,514036,INE970D01010,LOYALTEX,B,,,,,LOYAL TEXTILE MILLS LTD.,196.4,196.55,191,195.15,193.05,210.05,,196.33,,,309,59138,12,F1,1,,,,,
10-07-2026,10-07-2026,CM,BSE,STK,514043,INE049A01027,HIMATSEIDE,B,,,,,HIMATSINGKA SEIDE LTD.,85.61,87.55,85.52,86.82,86.79,85.33,,86.68,,,42600,3696275,264,F1,1,,,,,
10-07-2026,10-07-2026,CM,BSE,STK,514045,INE594B01012,BSL,B,,,,,BSL LTD.,127.1,131.05,127.05,129.55,131.05,127.5,,128.31,,,175,22441,13,F1,1,,,,,
10-07-2026,10-07-2026,CM,BSE,STK,514060,INE229N01010,NEWTRAC,X,,,,,NEWTRAC FOODS & BEVERAGES LIMI,4.72,4.8,4.53,4.64,4.64,4.68,,4.64,,,8678,40376,69,F1,1,,,,,
10-07-2026,10-07-2026,CM,BSE,STK,514087,INE501F01018,PBMPOLY,X,,,,,PBM POLYTEX LTD.,55,56,52,53.75,53,58,,53.75,,,9248,496318,65,F1,1,,,,,
10-07-2026,10-07-2026,CM,BSE,STK,514113,INE207C01019,ADINATH,XT,,,,,ADINATH TEXTILES LTD.,21.06,21.06,20.8,20.85,20.85,21.06,,20.85,,,831,17439,10,F1,1,,,,,
10-07-2026,10-07-2026,CM,BSE,STK,514138,INE132C01027,SURYALA,B,,,,,SURYALATA SPINNING MILLS LTD.,457,465,442.85,447.35,445,459,,445.5,,,308,139143,27,F1,1,,,,,
10-07-2026,10-07-2026,CM,BSE,STK,514142,INE592B01024,TTL,B,,,,,T T LTD.,6.8,6.85,6.7,6.83,6.83,6.79,,6.79,,,1857,12586,18,F1,1,,,,,
10-07-2026,10-07-2026,CM,BSE,STK,514162,INE192B01031,WELSPUNLIV,A,,,,,WELSPUN LIVING LIMITED,167.5,169,165.65,166.15,166.15,166.55,,166.17,,,117389,19610504,1171,F1,1,,,,,
10-07-2026,10-07-2026,CM,BSE,STK,514165,INE862B01013,INDIANACRY,X,,,,,INDIAN ACRYLICS LTD.,6.1,6.1,5.81,5.9,5.96,5.9,,5.9,,,11731,69172,51,F1,1,,,,,
10-07-2026,10-07-2026,CM,BSE,STK,514167,INE845D01014,GANECOS,A,,,,,GANESHA ECOSPHERE LTD.,1148.9,1150.65,1100,1110.45,1100,1135.4,,1108.75,,,6948,7862921,424,F1,1,,,,,
10-07-2026,10-07-2026,CM,BSE,STK,514171,INE760J01012,CEETAIN,X,,,,,CEETA INDUSTRIES LTD.,37.75,37.9,31.86,36.77,37,35.39,,36.77,,,25511,868635,195,F1,1,,,,,
10-07-2026,10-07-2026,CM,BSE,STK,514175,INE835A01029,VARDMNPOLY,B,,,,,VARDHMAN POLYTEX LTD.,6.74,6.94,6.61,6.62,6.67,6.64,,6.63,,,5215,34675,28,F1,1,,,,,
10-07-2026,10-07-2026,CM,BSE,STK,514177,INE351D01013,RISHYRN,XT,,,,,RISHAB SPECIAL YARNS LTD.,75.97,75.97,75.97,75.97,75.97,79.96,,75.97,,,1,75,1,F1,1,,,,,
10-07-2026,10-07-2026,CM,BSE,STK,514183,INE761G01016,BLACKROSE,T,,,,,BLACK ROSE INDUSTRIES LTD.,108.6,109.85,106.1,108.25,108.25,109.25,,108.11,,,4706,506278,136,F1,1,,,,,
10-07-2026,10-07-2026,CM,BSE,STK,514197,INE110Q01023,STCORP,XT,,,,,S&T CORPORATION LTD.,3.91,4.15,3.91,3.94,4.12,4.06,,3.94,,,6206,25467,26,F1,1,,,,,
10-07-2026,10-07-2026,CM,BSE,STK,514211,INE235C01036,SUMEETINDS,B,,,,,SUMEET INDUSTRIES LTD.,31.97,32.1,31.4,31.75,31.75,31.75,,31.72,,,59473,1887161,291,F1,1,,,,,
10-07-2026,10-07-2026,CM,BSE,STK,514223,INE410D01017,RAMGOPOLY,X,,,,,RAMGOPAL POLYTEX LTD.,17.44,17.89,16.57,17.48,17.65,17.44,,17.48,,,624,10503,16,F1,1,,,,,
10-07-2026,10-07-2026,CM,BSE,STK,514234,INE495C01010,SANGAMIND,B,,,,,SANGAM (INDIA) LTD.,562.1,563.9,556.8,557.95,556.8,558.8,,558.75,,,336,188485,37,F1,1,,,,,
10-07-2026,10-07-2026,CM,BSE,STK,514238,INE874A01010,MKVENTURES,X,,,,,MKVENTURES CAPITAL LIMITED,1177.05,1182.9,1149.95,1174.2,1161.1,1177.05,,1174.2,,,14043,16422969,75,F1,1,,,,,
10-07-2026,10-07-2026,CM,BSE,STK,514240,INE979D01011,KUSHIND,X,,,,,Kush Industries Limited,6.42,6.73,6.29,6.5,6.5,6.4,,6.5,,,7373,47740,29,F1,1,,,,,
10-07-2026,10-07-2026,CM,BSE,STK,514248,INE377C01010,SRECR,P,,,,,SREECHEM RESINS LTD.,30.9,30.9,30.9,30.9,30.9,32.51,,30.9,,,200,6180,2,F1,100,,,,,
10-07-2026,10-07-2026,CM,BSE,STK,514260,INE899E01019,SURBHIN,XT,,,,,SURBHI INDUSTRIES LTD.,65.99,66,61.3,62.33,62.33,64.51,,62.33,,,5866,373415,106,F1,1,,,,,
10-07-2026,10-07-2026,CM,BSE,STK,514264,INE707B01010,SEASONST,X,,,,,SEASONS TEXTILES LTD.,16.42,16.9,15.56,16.5,16.5,16.34,,16.5,,,1109,18545,12,F1,1,,,,,
10-07-2026,10-07-2026,CM,BSE,STK,514266,INE106C01013,ZENIFIB,X,,,,,ZENITH FIBRES LTD.,52.02,54.5,52.02,52.5,52.5,53.36,,52.5,,,226,11779,4,F1,1,,,,,
10-07-2026,10-07-2026,CM,BSE,STK,514272,INE436C01014,BHILSPIN,X,,,,,BHILWARA SPINNERS LTD.,131.8,131.8,129,129,129,125.95,,129,,,21,2720,3,F1,1,,,,,
10-07-2026,10-07-2026,CM,BSE,STK,514274,INE273D01027,VGL,B,,,,,VARVEE GLOBAL LIMITED,61.38,65.16,61.38,63.85,63.06,62.33,,63.43,,,2520,161195,204,F1,1,,,,,
10-07-2026,10-07-2026,CM,BSE,STK,514280,INE589J01015,SANTETX,X,,,,,SANRHEA TECHNICAL TEXTILES LTD,131,147.95,131,131.2,131.2,131,,131.2,,,117,15737,14,F1,1,,,,,
10-07-2026,10-07-2026,CM,BSE,STK,514286,INE440A01010,ASHIMASYN,B,,,,,ASHIMA LTD.,14.7,15.2,14.7,15.13,14.96,14.89,,15.07,,,10406,157195,28,F1,1,,,,,
10-07-2026,10-07-2026,CM,BSE,STK,514300,INE156C01018,PIONEEREMB,B,,,,,PIONEER EMBROIDERIES LTD.,24.86,24.86,24.75,24.75,24.75,22.87,,22.85,,,105,2609,5,F1,1,,,,,
10-07-2026,10-07-2026,CM,BSE,STK,514302,INE660D01017,VIPPYSP,X,,,,,VIPPY SPINPRO LTD.,177.9,177.9,162.05,162.15,163,171.3,,162.15,,,304,49435,14,F1,1,,,,,
10-07-2026,10-07-2026,CM,BSE,STK,514312,INE156E01014,JAIHIND,X,,,,,JAIHIND INDUSTRIES LIMITED,36.5,36.5,33.6,35.79,35.79,36.93,,35.79,,,149,5103,15,F1,1,,,,,
10-07-2026,10-07-2026,CM,BSE,STK,514316,INE969C01022,RAGHUSYN,X,,,,,RAGHUVIR SYNTHETICS LTD.,98.95,99,98.3,98.75,98.3,98.7,,98.75,,,1076,106330,14,F1,1,,,,,
10-07-2026,10-07-2026,CM,BSE,STK,514322,INE535C01013,KAMADGIRI,XT,,,,,KAMADGIRI FASHION LTD.,111.1,111.1,111.1,111.1,111.1,106,,111.1,,,3,333,1,F1,1,,,,,
10-07-2026,10-07-2026,CM,BSE,STK,514324,INE814D01010,OMNITEX,XT,,,,,OMNITEX INDUSTRIES (INDIA) LTD,775,790.5,775,775,775,775,,775,,,62,48065,7,F1,1,,,,,
10-07-2026,10-07-2026,CM,BSE,STK,514326,INE790C01014,PATSPINLTD,X,,,,,PATSPIN INDIA LTD.,6.8,7.67,6.68,6.72,6.95,7.1,,6.72,,,13331,90601,46,F1,1,,,,,
10-07-2026,10-07-2026,CM,BSE,STK,514330,INE670O01013,ONEGLOBAL,X,,,,,ONE GLOBAL SERVICE PROVIDER LI,612,627.85,595,613,610,618,,613,,,8458,5160516,646,F1,1,,,,,
10-07-2026,10-07-2026,CM,BSE,STK,514332,INE216I01017,NEOINFRA,X,,,,,NEO INFRACON LTD.,41,42.9,39.07,39.07,39.07,38.84,,39.07,,,46,1927,12,F1,1,,,,,
10-07-2026,10-07-2026,CM,BSE,STK,514348,INE784B01035,WINSOME,Z,,,,,WINSOME YARNS LTD.,1.95,1.98,1.92,1.92,1.92,1.95,,2.01,,,19545,37534,12,F1,1,,,,,
10-07-2026,10-07-2026,CM,BSE,STK,514354,INE309M01020,PREMIERPOL,B,,,,,PREMIER POLYFILM LTD.,66.64,66.64,63.18,63.64,63.51,63.61,,63.38,,,17525,1132955,230,F1,1,,,,,
10-07-2026,10-07-2026,CM,BSE,STK,514358,INE339D01034,EVERFIN,X,,,,,EVERLON FINANCIALS LIMITED,125,125,121.8,121.8,121.8,114.8,,121.8,,,7,856,3,F1,1,,,,,
10-07-2026,10-07-2026,CM,BSE,STK,514360,INE078T01026,KRRAIL,X,,,,,K&R RAIL ENGINEERING LIMITED,26.5,26.99,26.31,26.51,26.5,26.2,,26.51,,,16308,434560,267,F1,1,,,,,
10-07-2026,10-07-2026,CM,BSE,STK,514378,INE564C01013,YARNSYN,X,,,,,YARN SYNDICATE LTD.,14.58,14.99,14.21,14.98,14.99,14.58,,14.98,,,396,5750,12,F1,1,,,,,
10-07-2026,10-07-2026,CM,BSE,STK,514386,INE004C01028,GUJCOTEX,XT,,,,,GUJARAT COTEX LTD.,3.46,3.47,3.3,3.3,3.3,3.38,,3.3,,,229212,768522,286,F1,1,,,,,
10-07-2026,10-07-2026,CM,BSE,STK,514400,INE340D01016,GARWSYN,X,,,,,GARWARE SYNTHETICS LTD.,21.03,21.03,21.03,21.03,21.03,20.62,,21.03,,,26,546,2,F1,1,,,,,
10-07-2026,10-07-2026,CM,BSE,STK,514402,INE638N01012,ECOHOTELS,XT,,,,,ECO HOTELS AND RESORTS LIMITED,12.9,12.94,12.75,12.88,12.88,12.94,,12.88,,,5794,74126,31,F1,1,,,,,
10-07-2026,10-07-2026,CM,BSE,STK,514412,INE305D01019,SARUPINDUS,X,,,,,SARUP INDUSTRIES LTD.,135,135,134.35,134.35,134.35,141,,134.35,,,3,403,2,F1,1,,,,,
10-07-2026,10-07-2026,CM,BSE,STK,514414,INE114D01015,OXFORDIN,XT,,,,,OXFORD INDUSTRIES LTD.,9.21,10.15,9.21,9.56,10.15,9.69,,9.56,,,5146,47453,27,F1,1,,,,,
10-07-2026,10-07-2026,CM,BSE,STK,514418,INE370D01013,MANORG,T,,,,,MANGALAM ORGANICS LIMITED,540,540,530,530,530,530,,534.95,,,40,21300,4,F1,1,,,,,
10-07-2026,10-07-2026,CM,BSE,STK,514428,INE074C01013,HINDADH,X,,,,,HINDUSTAN ADHESIVES LTD.,261,266.9,261,263.3,263.5,261.75,,263.3,,,3224,848358,35,F1,1,,,,,
10-07-2026,10-07-2026,CM,BSE,STK,514440,INE439N01031,BPAGRI,B,,,,,Blue Pearl Agriventures Limite,8.55,8.55,8.55,8.55,8.55,8.99,,8.55,,,57849,494608,194,F1,1,,,,,
10-07-2026,10-07-2026,CM,BSE,STK,514442,INE009C01019,SRIKPRIND,X,,,,,SRI KPR INDUSTRIES LTD.,21.39,21.39,20.79,21.19,21.19,20.01,,21.19,,,1328,28159,18,F1,1,,,,,
10-07-2026,10-07-2026,CM,BSE,STK,514448,INE577D01013,JYOTIRES,B,,,,,JYOTI RESINS & ADHESIVES LTD.,996.65,996.65,962.5,983.3,983.3,984,,983.3,,,9187,9011860,950,F1,1,,,,,
10-07-2026,10-07-2026,CM,BSE,STK,514450,INE112D01035,MHLXMIRU,B,,,,,MAHALAXMI RUBTECH LTD.,141.4,144,138,138.7,138.7,139.7,,139.17,,,1533,214814,46,F1,1,,,,,
10-07-2026,10-07-2026,CM,BSE,STK,514454,INE410M01018,SOUTLAT,XT,,,,,SOUTHERN LATEX LTD.,34.18,34.18,34.18,34.18,34.18,35.97,,34.18,,,83,2836,2,F1,1,,,,,
10-07-2026,10-07-2026,CM,BSE,STK,514470,INE837B01031,WINSOMTX,X,,,,,WINSOME TEXTILE INDUSTRIES LTD,93.43,94.99,91.5,92.52,92.52,93.42,,92.52,,,5319,490636,79,F1,1,,,,,
10-07-2026,10-07-2026,CM,BSE,STK,515008,INE219W01012,MODINSU,XT,,,,,MODERN INSULATORS LTD.,534,541.5,524.05,541.5,541.5,515.75,,541.5,,,41819,22561558,829,F1,1,,,,,
10-07-2026,10-07-2026,CM,BSE,STK,515030,INE439A01020,ASAHIINDIA,A,,,,,ASAHI INDIA GLASS LTD.,903.55,926.05,896.9,915.1,914.25,890.4,,914.9,,,10824,9871173,514,F1,1,,,,,
10-07-2026,10-07-2026,CM,BSE,STK,515037,INE692B01014,MURUDCERA,B,,,,,MURUDESHWAR CERAMICS LTD.,30.95,32.5,30.95,31.51,31.6,30.91,,31.62,,,5531,177175,70,F1,1,,,,,
10-07-2026,10-07-2026,CM,BSE,STK,515043,INE068B01017,SEKURITIND,X,,,,,SAINT-GOBAIN SEKURIT INDIA LTD,134.9,136.2,133.65,133.8,133.8,133.45,,133.8,,,77494,10451036,734,F1,1,,,,,
10-07-2026,10-07-2026,CM,BSE,STK,515055,INE242C01024,ANANTRAJ,A,,,,,ANANT RAJ LIMITED,576.7,589,570.1,586.1,586.1,569.35,,585.85,,,266930,155716603,5508,F1,1,,,,,
10-07-2026,10-07-2026,CM,BSE,STK,515059,INE469C01023,MADHUDIN,X,,,,,MADHUSUDAN INDUSTRIES LTD.,40.01,42.98,34.95,37.29,37.85,42.06,,37.29,,,12652,518876,58,F1,1,,,,,
10-07-2026,10-07-2026,CM,BSE,STK,515085,INE298E01022,RESTILE,X,,,,,RESTILE CERAMICS LTD.,7.22,7.22,6.81,6.88,6.88,7.04,,6.88,,,7864,55034,21,F1,1,,,,,
10-07-2026,10-07-2026,CM,BSE,STK,515093,INE925C01016,MADHAV,B,,,,,MADHAV MARBLES & GRANITES LTD.,36.7,36.7,36.7,36.7,36.7,36.74,,36.3,,,5,183,2,F1,1,,,,,
10-07-2026,10-07-2026,CM,BSE,STK,515147,INE506D01020,HALDYNGL,T,,,,,HALDYN GLASS LTD,122.3,122.3,118,118.45,118.5,121.7,,118.18,,,5359,640229,67,F1,1,,,,,
10-07-2026,10-07-2026,CM,BSE,STK,516003,INE932D01010,DUROPLY,X,,,,,DUROPLY INDUSTRIES LIMITED,118.65,121.45,117.5,118.4,117.5,118,,118.4,,,4420,526049,44,F1,1,,,,,
10-07-2026,10-07-2026,CM,BSE,STK,516016,INE231C01019,SHREYANIND,B,,,,,SHREYANS INDUSTRIES LTD.,139,139,135.1,138.4,137.75,139.9,,139.11,,,816,111078,15,F1,1,,,,,
10-07-2026,10-07-2026,CM,BSE,STK,516022,INE733A01018,STARPAPER,B,,,,,STAR PAPER MILLS LTD.,140,140,137.2,138.65,138.65,138.3,,139.08,,,743,102094,29,F1,1,,,,,
10-07-2026,10-07-2026,CM,BSE,STK,516030,INE551D01018,PAKKA,B,,,,,PAKKA LIMITED,75.05,75.88,74.34,74.7,74.7,74.61,,74.52,,,3609,270549,69,F1,1,,,,,
10-07-2026,10-07-2026,CM,BSE,STK,516032,INE385D01029,TAHMARENT,XT,,,,,TAHMAR ENTERPRISES LIMITED,4.3,4.3,3.92,4.25,4.26,4.12,,4.25,,,26151,105055,71,F1,1,,,,,
10-07-2026,10-07-2026,CM,BSE,STK,516038,INE737E01011,KSSMART,X,,,,,KS Smart Technologies Limited,124,127.9,124,125.2,125,122.05,,125.2,,,4250,537887,55,F1,1,,,,,
10-07-2026,10-07-2026,CM,BSE,STK,516062,INE497C01016,NATPLY,Z,,,,,NATIONAL PLYWOOD INDUSTRIES LT,2.46,2.46,2.46,2.46,2.46,2.46,,2.46,,,277,681,6,F1,1,,,,,
10-07-2026,10-07-2026,CM,BSE,STK,516064,INE570D01018,ARROWGREEN,T,,,,,Arrow Greentech Limited,714.85,719.65,667.1,697.1,709.9,685.4,,694.8,,,1030,718291,48,F1,1,,,,,
10-07-2026,10-07-2026,CM,BSE,STK,516072,INE270I01022,VISHNU,B,,,,,VISHNU CHEMICALS LTD.,604.65,604.65,594.35,597.15,597,602.7,,597,,,5185,3113357,274,F1,1,,,,,
10-07-2026,10-07-2026,CM,BSE,STK,516078,INE699D01015,JUMBO,X,,,,,JUMBO BAG LTD.,64.79,64.79,63.39,63.73,63.69,61.85,,63.73,,,2185,139261,36,F1,1,,,,,
10-07-2026,10-07-2026,CM,BSE,STK,516082,INE740D01017,NRAIL,B,,,,,N.R.AGARWAL INDUSTRIES LTD.,419.05,419.05,419.05,419.05,419.05,414.75,,429.8,,,1,419,1,F1,1,,,,,
10-07-2026,10-07-2026,CM,BSE,STK,516092,INE105C01023,3PLAND,B,,,,,3P LAND HOLDINGS LTD.,31.4,31.63,31.4,31.42,31.42,31.41,,31.89,,,2055,64752,19,F1,1,,,,,
10-07-2026,10-07-2026,CM,BSE,STK,516096,INE384D01022,SANPA,X,,,,,SANGAL PAPERS LTD.,164.5,172,156.5,164.2,156.5,164.5,,164.2,,,216,35568,5,F1,1,,,,,
10-07-2026,10-07-2026,CM,BSE,STK,516098,INE810C01044,VENTURA,X,,,,,VENTURA TEXTILES LTD.,8.77,8.77,8.5,8.69,8.69,8.69,,8.69,,,776,6732,14,F1,1,,,,,
10-07-2026,10-07-2026,CM,BSE,STK,516106,INE538D01015,SHKARTP,X,,,,,SHREE KARTHIK PAPERS LTD.,6.92,7.09,6.8,6.99,6.99,7.1,,6.99,,,2042,14113,29,F1,1,,,,,
10-07-2026,10-07-2026,CM,BSE,STK,516108,INE088G01014,STHINPA,X,,,,,SOUTH INDIA PAPER MILLS LTD.,104.05,107.1,103.05,104.1,105,103,,104.1,,,3871,404492,31,F1,1,,,,,
10-07-2026,10-07-2026,CM,BSE,STK,516110,INE146N01016,FAMILYCARE,X,,,,,FAMILY CARE HOSPITALS LIMITED,3,3,2.93,2.95,2.96,2.96,,2.95,,,23879,70831,109,F1,1,,,,,
10-07-2026,10-07-2026,CM,BSE,STK,517015,INE707A01012,VINDHYATEL,B,,,,,VINDHYA TELELINKS LTD.,1999.9,2048.75,1978.85,1985.35,1985.2,1963.55,,1986.6,,,3260,6557197,522,F1,1,,,,,
10-07-2026,10-07-2026,CM,BSE,STK,517035,INE302D01024,RIR,B,,,,,RIR POWER ELECTRONICS LIMITED,160,162.75,157,159.55,159.55,159.4,,159.55,,,148859,23805130,1770,F1,1,,,,,
10-07-2026,10-07-2026,CM,BSE,STK,517041,INE045A01017,ADOR,B,,,,,ADOR WELDING LTD.,1308.25,1329.4,1305.9,1323.75,1327,1325.8,,1324.6,,,3016,3981834,397,F1,1,,,,,
10-07-2026,10-07-2026,CM,BSE,STK,517059,INE457F01013,SALZERELEC,B,,,,,SALZER ELECTRONICS LTD.,605.25,626.75,605.25,613.6,615.8,606.15,,613.4,,,2849,1754791,194,F1,1,,,,,
10-07-2026,10-07-2026,CM,BSE,STK,517063,INE919C01019,JETKINGQ,X,,,,,JETKING INFOTRAIN LTD.,93.15,96.7,91,94.99,95,93.08,,94.99,,,6084,572897,126,F1,1,,,,,
10-07-2026,10-07-2026,CM,BSE,STK,517077,INE115E01010,INDAGIV,XT,,,,,IND-AGIV COMMERCE LTD.,41.92,41.92,41.92,41.92,41.92,44.12,,41.92,,,14,586,3,F1,1,,,,,
10-07-2026,10-07-2026,CM,BSE,STK,517096,INE273A01015,APLAB,XT,,,,,APLAB LTD.,93.99,96.58,92.07,92.31,96.58,93.99,,92.31,,,184,17255,12,F1,1,,,,,
10-07-2026,10-07-2026,CM,BSE,STK,517119,INE834B01012,PCS,X,,,,,PCS TECHNOLOGY LTD.,20.05,20.05,18.51,19.23,19.4,19.58,,19.23,,,8101,154536,67,F1,1,,,,,
10-07-2026,10-07-2026,CM,BSE,STK,517146,INE228A01035,USHAMART,A,,,,,USHA MARTIN LTD.,502.05,515.5,502.05,509.8,510.15,501.9,,510.1,,,29279,14901362,572,F1,1,,,,,
10-07-2026,10-07-2026,CM,BSE,STK,517166,INE252A01019,SPELS,X,,,,,SPEL SEMICONDUCTOR LTD.,158.1,164,156.6,158.25,158.25,158.95,,158.25,,,57915,9212343,1240,F1,1,,,,,
10-07-2026,10-07-2026,CM,BSE,STK,517168,INE287B01021,SUBROS,B,,,,,SUBROS LTD.,814.75,825,814.75,822.4,821.95,813.95,,821.65,,,3222,2646729,177,F1,1,,,,,
10-07-2026,10-07-2026,CM,BSE,STK,517170,INE125G01014,EDVENSWA,XT,,,,,Edvenswa Enterprises Limited,23.52,23.52,21.44,23.19,23.15,22.56,,23.19,,,68597,1482025,142,F1,1,,,,,
10-07-2026,10-07-2026,CM,BSE,STK,517172,INE443P01038,PERVASIVE,XT,,,,,Pervasive Commodities Limited,4.08,4.08,4.08,4.08,4.08,4,,4.08,,,250,1020,1,F1,1,,,,,
10-07-2026,10-07-2026,CM,BSE,STK,517174,INE671A01010,HONAUT,A,,,,,HONEYWELL AUTOMATION INDIA LTD,38120.35,38500,38000,38159.5,38129.55,38121.2,,38175,,,90,3441663,68,F1,1,,,,,
10-07-2026,10-07-2026,CM,BSE,STK,517201,INE311D01017,SWITCHTE,XT,,,,,SWITCHING TECHNOLOGIES GUNTHER,155.65,156.1,141.3,146.8,146.8,148.7,,146.8,,,16279,2474547,142,F1,1,,,,,
10-07-2026,10-07-2026,CM,BSE,STK,517206,INE162B01018,LUMAXIND,B,,,,,LUMAX INDUSTRIES LTD.,5429,5448.65,5304.6,5377.75,5385,5362.4,,5381,,,502,2690617,150,F1,1,,,,,
10-07-2026,10-07-2026,CM,BSE,STK,517214,INE927C01020,DIGISPICE,T,,,,,DIGISPICE TECHNOLOGIES LIMITED,20.59,20.59,19.25,19.99,20.38,20.26,,20.04,,,59737,1165706,108,F1,1,,,,,
10-07-2026,10-07-2026,CM,BSE,STK,517236,INE216C01010,CALCOM,X,,,,,CALCOM VISION LTD.,74.99,74.99,71.4,73.89,74.9,72.07,,73.89,,,6068,446933,82,F1,1,,,,,
10-07-2026,10-07-2026,CM,BSE,STK,517238,INE083E01010,DYNAVSN,X,,,,,DYNAVISION LTD.,201,205,201,204.25,204.25,202.1,,204.25,,,211,43194,17,F1,1,,,,,
10-07-2026,10-07-2026,CM,BSE,STK,517246,INE788D01016,BCCFUBA,XT,,,,,BCC FUBA INDIA LTD.,174.9,178.65,173.6,177.85,178.5,170.15,,177.85,,,65546,11687605,243,F1,1,,,,,
10-07-2026,10-07-2026,CM,BSE,STK,517258,INE143C01024,PRECISIO,XT,,,,,PRECISION ELECTRONICS LTD.,239.25,239.25,222,222.25,222.25,228,,222.25,,,498,111960,23,F1,1,,,,,
10-07-2026,10-07-2026,CM,BSE,STK,517264,INE087E01011,FINELINE,XT,,,,,FINE-LINE CIRCUITS LTD.,65.05,67.87,61.85,62.06,61.86,65.1,,62.06,,,1405,88569,37,F1,1,,,,,
10-07-2026,10-07-2026,CM,BSE,STK,517271,INE292B01021,HBLENGINE,A,,,,,HBL ENGINEERING LIMITED,768.45,776.6,759,765.8,765.8,760.5,,765.85,,,102874,78774809,3183,F1,1,,,,,
10-07-2026,10-07-2026,CM,BSE,STK,517273,INE902B01017,S&SPOWER,B,,,,,S&S POWER SWITCHGEAR LTD.,369,369,369,369,369,352,,368.5,,,707,260883,42,F1,1,,,,,
10-07-2026,10-07-2026,CM,BSE,STK,517286,INE335Q01026,RNITAI,XT,,,,,RNIT AI SOLUTIONS LIMITED,57.88,59.9,56.25,59.63,59.5,57.25,,59.63,,,62858,3659020,225,F1,1,,,,,
10-07-2026,10-07-2026,CM,BSE,STK,517288,INE541F01022,GUJARATPOLY,XT,,,,,Gujarat Poly Electronics Limit,73.45,74.9,70.35,72.8,72.8,71.9,,72.8,,,3100,223691,67,F1,1,,,,,
10-07-2026,10-07-2026,CM,BSE,STK,517300,INE162A01010,GIPCL,B,,,,,GUJARAT INDUSTRIES POWER CO.LT,164.9,166.25,162.8,163.5,163.5,162.65,,164.03,,,17225,2828227,305,F1,1,,,,,
10-07-2026,10-07-2026,CM,BSE,STK,517320,INE898E01011,MAGNUS,XT,,,,,MAGNUS STEEL AND INFRA LIMITED,67.56,67.56,67.56,67.56,67.56,71.11,,67.56,,,10247,692287,123,F1,1,,,,,
10-07-2026,10-07-2026,CM,BSE,STK,517334,INE775A01035,MOTHERSON,A,,,,,Samvardhana Motherson Internat,143.85,144.8,142.65,143.2,143.2,142.8,,143.19,,,1552221,223120257,2703,F1,1,,,,,
10-07-2026,10-07-2026,CM,BSE,STK,517344,INE110B01017,MINDTECK,B,,,,,MINDTECK (INDIA) LTD.,205.25,215.65,205.25,210.75,208.5,205.35,,210.3,,,40122,8450144,1049,F1,1,,,,,
10-07-2026,10-07-2026,CM,BSE,STK,517354,INE176B01034,HAVELLS,A,,,,,HAVELLS INDIA LTD.,1205,1211,1177,1188.25,1188.25,1191.5,,1188.4,,,142700,170638252,5752,F1,1,,,,,
10-07-2026,10-07-2026,CM,BSE,STK,517356,INE167B01025,ACIIN,X,,,,,ACI INFOCOM LTD.,1.33,1.44,1.28,1.38,1.38,1.33,,1.38,,,129067,172955,164,F1,1,,,,,
10-07-2026,10-07-2026,CM,BSE,STK,517360,INE689V01018,SBECSYS,X,,,,,SBEC SYSTEMS (INDIA) LTD.,20,20,19.22,19.81,20,20,,19.81,,,278,5521,11,F1,1,,,,,
10-07-2026,10-07-2026,CM,BSE,STK,517370,INE437C01012,INCAP,XT,,,,,INCAP LTD.,99.75,99.75,95,98.8,99,95,,98.8,,,500,49535,12,F1,1,,,,,
10-07-2026,10-07-2026,CM,BSE,STK,517372,INE877E01015,GUJINTRX,X,,,,,GUJARAT INTRUX LTD.,437.95,442.95,433.2,436.05,436.05,436.95,,436.05,,,545,237906,52,F1,1,,,,,
10-07-2026,10-07-2026,CM,BSE,STK,517380,INE188B01013,IGARASHI,B,,,,,IGARASHI MOTORS INDIA LTD.,477,477.25,470.65,474.85,474.9,469.65,,475.25,,,5736,2719400,253,F1,1,,,,,
10-07-2026,10-07-2026,CM,BSE,STK,517385,INE225D01027,SYMPHONY,B,,,,,SYMPHONY LIMITED,696,730,696,720.45,720.45,697.25,,720.15,,,20912,15063133,1253,F1,1,,,,,
10-07-2026,10-07-2026,CM,BSE,STK,517393,INE043B01028,REGANTO,Z,,,,,REGANTO ENTERPRISES LIMITED,7.19,7.19,6.56,7.02,7.03,6.9,,7.02,,,136485,936920,315,F1,1,,,,,
10-07-2026,10-07-2026,CM,BSE,STK,517397,INE648E01010,PANELEC,X,,,,,PAN ELECTRONICS INDIA LTD.,26,27.66,26,27.66,27.66,25.15,,27.66,,,6139,169461,44,F1,1,,,,,
10-07-2026,10-07-2026,CM,BSE,STK,517399,INE756A01019,VXLINSTR,XT,,,,,VXL INSTRUMENTS LTD.,3.55,3.55,3.54,3.54,3.54,3.4,,3.54,,,3034,10740,9,F1,1,,,,,
10-07-2026,10-07-2026,CM,BSE,STK,517411,INE635A01023,SHYAMTEL,T,,,,,SHYAM TELECOM LTD.,17.53,17.53,17.53,17.53,17.53,17.88,,17.34,,,156,2734,3,F1,1,,,,,
10-07-2026,10-07-2026,CM,BSE,STK,517415,INE791B01014,LEENEE,X,,,,,LEE & NEE SOFTWARES (EXPORTS),8.04,8.04,7.52,7.92,7.93,7.64,,7.92,,,12891,97981,48,F1,1,,,,,
10-07-2026,10-07-2026,CM,BSE,STK,517417,INE082C01024,PATELSAI,XT,,,,,PATELS AIRTEMP (INDIA) LTD.,399,409,395,402.5,405.95,390.5,,402.5,,,4268,1712312,158,F1,1,,,,,
10-07-2026,10-07-2026,CM,BSE,STK,517421,INE295F01017,BUTTERFLY,B,,,,,BUTTERFLY GANDHIMATHI APPLIANC,726.3,741.45,715.1,731.15,734,719.35,,731.65,,,4800,3469007,305,F1,1,,,,,
10-07-2026,10-07-2026,CM,BSE,STK,517429,INE576B01019,ATHENAGLO,XT,,,,,Athena Global Technologies Lim,60.36,62.35,57,61.94,61.94,59.39,,61.94,,,2628,156413,17,F1,1,,,,,
10-07-2026,10-07-2026,CM,BSE,STK,517431,INE060D01028,NARMP,XT,,,,,NARMADA MACPLAST DRIP IRRIGATI,23,23,21.5,21.78,22,22.37,,21.78,,,22520,492598,56,F1,1,,,,,
10-07-2026,10-07-2026,CM,BSE,STK,517437,INE940C01015,DUTRON,X,,,,,DUTRON POLYMERS LTD.,101.75,101.75,99.3,100.7,99.3,101.75,,100.7,,,299,30362,7,F1,1,,,,,
10-07-2026,10-07-2026,CM,BSE,STK,517447,INE165B01029,RSSOFTWARE,T,,,,,R.S.SOFTWARE INDIA LTD.,33.14,34.48,33.14,34.2,34.2,33.81,,34.2,,,5320,181624,23,F1,1,,,,,
10-07-2026,10-07-2026,CM,BSE,STK,517449,INE437D01010,MAGNAELQ,XT,,,,,MAGNA ELECTRO CASTINGS LTD.,1193.6,1249,1158,1231.85,1231.85,1218,,1231.85,,,484,586621,24,F1,1,,,,,
10-07-2026,10-07-2026,CM,BSE,STK,517467,INE415B01044,MARSONS,B,,,,,MARSONS LIMITED,118,125.05,117,118.95,118.65,116.7,,118.86,,,212326,25854280,1344,F1,1,,,,,
10-07-2026,10-07-2026,CM,BSE,STK,517477,INE033C01019,ELNET,X,,,,,ELNET TECHNOLOGIES LTD.,333.45,333.45,325,327.2,327.2,326.2,,327.2,,,684,224117,39,F1,1,,,,,
10-07-2026,10-07-2026,CM,BSE,STK,517494,INE258C01038,ACCEL,X,,,,,ACCEL LIMITED,12.5,12.9,12.25,12.65,12.8,12.49,,12.65,,,4284,54344,50,F1,1,,,,,
10-07-2026,10-07-2026,CM,BSE,STK,517498,INE855C01023,WEBELSOLAR,A,,,,,WEBSOL ENERGY SYSTEM LTD.,100.85,101.95,99.1,100,100,100.45,,99.86,,,137380,13753839,1130,F1,1,,,,,
10-07-2026,10-07-2026,CM,BSE,STK,517500,INE535D01037,ROTO,B,,,,,ROTO PUMPS LTD.,70.42,70.42,69.05,69.25,69.25,69.25,,69.23,,,23030,1602781,354,F1,1,,,,,
10-07-2026,10-07-2026,CM,BSE,STK,517506,INE690A01028,TTKPRESTIG,A,,,,,TTK PRESTIGE LTD.,628,634.85,624.25,631.6,633,626.5,,631.15,,,3326,2095165,191,F1,1,,,,,
10-07-2026,10-07-2026,CM,BSE,STK,517514,INE589D01018,DHINDIA,X,,,,,D&H INDIA LTD,264.95,270,264,264.6,264.55,265.2,,264.6,,,2762,739531,28,F1,1,,,,,
10-07-2026,10-07-2026,CM,BSE,STK,517522,INE451D01029,RAJRATAN,B,,,,,RAJRATAN GLOBAL WIRE LTD.,475.1,491.8,468.95,482.45,480.8,465.05,,482.05,,,8559,4160180,401,F1,1,,,,,
10-07-2026,10-07-2026,CM,BSE,STK,517530,INE130B01031,SURANAT&P,B,,,,,SURANA TELECOM AND POWER LIMIT,18.33,19.3,18.33,18.72,18.79,18.7,,18.71,,,8475,159391,173,F1,1,,,,,
10-07-2026,10-07-2026,CM,BSE,STK,517536,INE229A01017,ONWARDTEC,B,,,,,ONWARD TECHNOLOGIES LTD.,285.6,289.2,279.95,284.05,285.7,279.95,,284.4,,,4894,1396036,124,F1,1,,,,,
10-07-2026,10-07-2026,CM,BSE,STK,517544,INE320B01020,CENTUM,B,,,,,CENTUM ELECTRONICS LTD.,3601.6,3696,3536.95,3645.05,3644.25,3559.7,,3647.5,,,3774,13694336,684,F1,1,,,,,
10-07-2026,10-07-2026,CM,BSE,STK,517546,INE209C01015,ALFATRAN,XT,,,,,ALFA TRANSFORMERS LTD.,39,39,38.26,39,39,39,,39,,,3829,148919,33,F1,1,,,,,
10-07-2026,10-07-2026,CM,BSE,STK,517554,INE141C01036,NHCFOODS,XT,,,,,NHC FOODS LTD.,1.01,1.07,1.01,1.07,1.07,1.03,,1.07,,,1475856,1563931,880,F1,1,,,,,
10-07-2026,10-07-2026,CM,BSE,STK,517556,INE362A01016,PVP,B,,,,,PVP VENTURES LTD.,27.67,27.98,26.56,27.7,27.7,27.31,,27.61,,,9967,274664,124,F1,1,,,,,
10-07-2026,10-07-2026,CM,BSE,STK,517562,INE948A01012,TRIGYN,B,,,,,TRIGYN TECHNOLOGIES LTD.,52.9,52.9,51.35,52.56,51.98,52,,52.44,,,2575,134452,69,F1,1,,,,,
10-07-2026,10-07-2026,CM,BSE,STK,517569,INE878B01027,KEI,A,,,,,KEI INDUSTRIES LTD.,5003.95,5164.35,5003.95,5144.05,5155,5002.4,,5149.5,,,6934,35507732,1726,F1,1,,,,,
10-07-2026,10-07-2026,CM,BSE,STK,518011,INE145L01012,KEERTHI,X,,,,,KEERTHI INDUSTRIES LTD.,39.99,40.89,38.15,38.23,38.15,40.54,,38.23,,,797,30740,19,F1,1,,,,,
10-07-2026,10-07-2026,CM,BSE,STK,518053,INE827D01020,SRICC,X,,,,,Sri Chakra Cement Limited,37.59,39.87,36,38.8,38.8,37.41,,38.8,,,1375,52540,14,F1,1,,,,,
10-07-2026,10-07-2026,CM,BSE,STK,518075,INE069E01019,SURAJ,Z,,,,,SURAJ PRODUCTS LTD.,226.05,236.75,220,230.65,230,230,,230.65,,,4941,1129534,63,F1,1,,,,,
10-07-2026,10-07-2026,CM,BSE,STK,518091,INE071F01012,APCL,B,,,,,ANJANI PORTLAND CEMENT LTD.,105.75,105.75,105.75,105.75,105.75,103.4,,104.95,,,50,5287,1,F1,1,,,,,
10-07-2026,10-07-2026,CM,BSE,STK,519003,INE537F01012,MODINATUR,T,,,,,MODI NATURALS LIMITED,434.55,434.55,414.65,414.65,414.65,414.65,,407.9,,,315,130859,7,F1,1,,,,,
10-07-2026,10-07-2026,CM,BSE,STK,519031,INE455D01012,SHAHFOOD,XT,,,,,SHAH FOODS LTD.,309.9,309.9,309.9,309.9,309.9,295.15,,309.9,,,229,70967,8,F1,1,,,,,
10-07-2026,10-07-2026,CM,BSE,STK,519064,INE687W01010,ZKHANDEN,XT,,,,,KHANDELWAL EXTRACTION LTD.,189.6,198,189.6,195.5,195.5,189.6,,195.5,,,7,1367,7,F1,1,,,,,
10-07-2026,10-07-2026,CM,BSE,STK,519091,INE488B01017,TASTYBITE,B,,,,,TASTY BITE EATABLES LTD.,8816.45,9165,8719.2,9076.15,9095.05,8792.25,,9093,,,207,1865361,96,F1,1,,,,,
10-07-2026,10-07-2026,CM,BSE,STK,519097,INE534D01014,RITESHIN,X,,,,,RITESH INTERNATIONAL LTD.,62.31,65.65,62.3,63.67,64.5,63.55,,63.67,,,1280,82555,34,F1,1,,,,,
10-07-2026,10-07-2026,CM,BSE,STK,519105,INE488D01021,AVTNPL,B,,,,,AVT NATURAL PRODUCTS LTD.,67.2,71.04,67.2,69.96,70.2,70.04,,70.04,,,1349,94354,62,F1,1,,,,,
10-07-2026,10-07-2026,CM,BSE,STK,519126,INE254N01026,HNDFDS,B,,,,,HINDUSTAN FOODS LTD.,550.45,573.95,547.4,569.4,569,546.55,,569.55,,,9474,5340009,505,F1,1,,,,,
10-07-2026,10-07-2026,CM,BSE,STK,519136,INE289A01011,NAHARINDUS,B,,,,,NAHAR INDUSTRIAL ENTERPRISES L,116.4,117.2,116.4,117.2,117.2,115.45,,118.01,,,30,3508,3,F1,1,,,,,
10-07-2026,10-07-2026,CM,BSE,STK,519152,INE693D01018,VADILENT,X,,,,,VADILAL ENTERPRISES LTD.,9800,9800,9800,9800,9800,9800,,9800,,,181,1773800,14,F1,1,,,,,
10-07-2026,10-07-2026,CM,BSE,STK,519156,INE694D01016,VADILALIND,B,,,,,VADILAL INDUSTRIES LTD.,6360,6495,6332,6403.05,6420,6353.85,,6410,,,234,1500499,87,F1,1,,,,,
10-07-2026,10-07-2026,CM,BSE,STK,519174,INE709D01012,ASHAI,XT,,,,,ASHIANA AGRO INDUSTRIES LTD.,10.44,10.96,9.92,10.41,10.41,10.44,,10.41,,,106,1103,7,F1,1,,,,,
10-07-2026,10-07-2026,CM,BSE,STK,519183,INE982B01027,ADFFOODS,B,,,,,ADF FOODS LTD.,319.15,322.85,313.75,320.3,320.5,316.9,,319.9,,,13088,4172122,237,F1,1,,,,,
10-07-2026,10-07-2026,CM,BSE,STK,519191,INE601N01010,RGRL,Z,,,,,Retro Green Revolution Limited,1.44,1.44,1.37,1.42,1.42,1.42,,1.42,,,7702,10694,49,F1,1,,,,,
10-07-2026,10-07-2026,CM,BSE,STK,519214,INE188E01017,WILLIMFI,X,,,,,WILLIAMSON FINANCIAL SERVICES,6.65,6.65,6.65,6.65,6.65,6.99,,6.65,,,1011,6723,3,F1,1,,,,,
10-07-2026,10-07-2026,CM,BSE,STK,519216,INE601B01023,AJANTSOY,X,,,,,AJANTA SOYA LTD.,22.1,22.85,21.85,22.2,22.28,22.18,,22.2,,,44826,990757,142,F1,1,,,,,
10-07-2026,10-07-2026,CM,BSE,STK,519224,INE210A01017,WILLAMAGOR,B,,,,,WILLIAMSON MAGOR & COMPANY LTD,26.99,26.99,26.01,26.02,26.02,26.99,,26.26,,,600,16096,3,F1,1,,,,,
10-07-2026,10-07-2026,CM,BSE,STK,519230,INE102C01020,KISAAN,X,,,,,KISAAN PARIVAR INDUSTRIES LIMI,13.98,14.4,12.1,13.7,13.7,12.85,,13.7,,,52893,706888,232,F1,1,,,,,
10-07-2026,10-07-2026,CM,BSE,STK,519234,INE843L01012,SIEL,X,,,,,SUPERIOR INDUSTRIAL ENTERPRISE,29.05,32.9,27.25,32.1,32.1,30.87,,32.1,,,339,10338,8,F1,1,,,,,
10-07-2026,10-07-2026,CM,BSE,STK,519238,INE233P01017,SPTRSHI,X,,,,,SAPTARISHI AGRO INDUSTRIES LTD,28,28,26.6,26.6,26.6,28,,26.6,,,952,25615,14,F1,1,,,,,
10-07-2026,10-07-2026,CM,BSE,STK,519260,INE890C01046,SANWARIA,Z,,,,,SANWARIA CONSUMER LIMITED,0.49,0.49,0.49,0.49,0.49,0.49,,0.19,,,213,104,3,F1,1,,,,,
10-07-2026,10-07-2026,CM,BSE,STK,519262,INE297D01018,PRIMAGR,X,,,,,PRIMA AGRO LTD.,13,13.03,13,13.03,13.03,12.41,,13.03,,,1419,18447,4,F1,1,,,,,
10-07-2026,10-07-2026,CM,BSE,STK,519285,INE906C01016,TARAI,Z,,,,,TARAI FOODS LTD.,4.21,4.25,4.21,4.25,4.25,4.3,,4.25,,,1020,4295,2,F1,1,,,,,
10-07-2026,10-07-2026,CM,BSE,STK,519287,INE617B01011,MODAIRY,X,,,,,MODERN DAIRIES LTD.,32.26,32.65,31.4,31.89,31.89,32.66,,31.89,,,23677,759097,139,F1,1,,,,,
10-07-2026,10-07-2026,CM,BSE,STK,519295,INE921D01013,BAMBINO,X,,,,,BAMBINO AGRO INDUSTRIES LTD.,204.6,211,203.6,208.1,208.05,204.6,,208.1,,,2119,441780,31,F1,1,,,,,
10-07-2026,10-07-2026,CM,BSE,STK,519299,INE543F01028,PRIMIND,XT,,,,,PRIME INDUSTRIES LTD.,43.5,46,42.51,45,45,44.74,,45,,,2343,100732,17,F1,1,,,,,
10-07-2026,10-07-2026,CM,BSE,STK,519307,INE706A01022,VIKASWSP,Z,,,,,VIKAS WSP LTD.,0.99,0.99,0.95,0.99,0.99,0.96,,0.99,,,38027,36916,64,F1,1,,,,,
10-07-2026,10-07-2026,CM,BSE,STK,519331,INE923K01014,VSFPROJ,X,,,,,VSF PROJECTS LTD.,36.99,36.99,36.8,36.8,36.8,35.95,,36.8,,,24,885,3,F1,1,,,,,
10-07-2026,10-07-2026,CM,BSE,STK,519359,INE809E01018,POONADAL,X,,,,,POONA DAL & OIL INDUSTRIES LTD,63.95,63.95,63.95,63.95,63.95,63.77,,63.95,,,4,255,1,F1,1,,,,,
10-07-2026,10-07-2026,CM,BSE,STK,519367,INE213P01027,TRANSFD,X,,,,,TRANSGLOBE FOODS LTD.,482.85,482.85,480,480,480,482.85,,480,,,16,7694,4,F1,1,,,,,
10-07-2026,10-07-2026,CM,BSE,STK,519383,INE087B01017,ANIKINDS,T,,,,,ANIK INDUSTRIES LTD.,46.2,46.2,44.82,45.21,45.34,46,,45.27,,,389,17607,5,F1,1,,,,,
10-07-2026,10-07-2026,CM,BSE,STK,519397,INE220Z01013,SHINDL,B,,,,,SHARAT INDUSTRIES LTD.,153.2,159,149,158.7,158.7,152.45,,158.51,,,73363,11242513,610,F1,1,,,,,
10-07-2026,10-07-2026,CM,BSE,STK,519421,INE953E01022,KSE,X,,,,,KSE LTD.,183.3,183.3,178,180.7,180.7,181.9,,180.7,,,13827,2503684,284,F1,1,,,,,
10-07-2026,10-07-2026,CM,BSE,STK,519457,INE295C01014,VIRATCRA,X,,,,,VIRAT CRANE INDUSTRIES LTD.,37.61,40,36.52,37.84,37,38.24,,37.84,,,4166,157422,40,F1,1,,,,,
10-07-2026,10-07-2026,CM,BSE,STK,519463,INE678B01039,IBINFO,XT,,,,,IB INFOTECH ENTERPRISES LTD.,34.58,38.22,34.58,38.2,38.19,36.4,,38.2,,,8741,326606,81,F1,1,,,,,
10-07-2026,10-07-2026,CM,BSE,STK,519471,INE072V01017,AMBARPIL,X,,,,,Ambar Protein Industries Limit,204,204,190,195.5,195.5,204,,195.5,,,811,158138,34,F1,1,,,,,
10-07-2026,10-07-2026,CM,BSE,STK,519475,INE975C01011,CHORDIA,X,,,,,CHORDIA FOOD PRODUCTS LTD.,66.8,67,66.8,67,67,68.01,,67,,,47,3148,2,F1,1,,,,,
10-07-2026,10-07-2026,CM,BSE,STK,519477,INE052V01019,CIANAGRO,T,,,,,CIAN Agro Ind & Infra Ltd,1644,1692,1556.8,1629.9,1629.9,1614.4,,1629.9,,,98582,162863254,5132,F1,1,,,,,
10-07-2026,10-07-2026,CM,BSE,STK,519479,INE112B01013,OMEAG,X,,,,,OMEGA AG-SEEDS (PUNJAB) LTD.,10.1,10.1,10.1,10.1,10.1,10.17,,10.1,,,498,5029,4,F1,1,,,,,
10-07-2026,10-07-2026,CM,BSE,STK,519483,INE358D01018,TAIIND,XT,,,,,TAI INDUSTRIES LTD.,21.92,23.07,21.92,21.94,21.92,23.07,,21.94,,,163,3574,4,F1,1,,,,,
10-07-2026,10-07-2026,CM,BSE,STK,519500,INE356C01022,BKV,X,,,,,BKV INDUSTRIES LTD.,10.34,10.34,9.41,9.42,9.42,9.73,,9.42,,,1945,18942,20,F1,1,,,,,
10-07-2026,10-07-2026,CM,BSE,STK,519506,INE630N01019,NCCBLUE,P,,,,,NCC BLUE WATER PRODUCTS LTD.,17.1,17.5,17.1,17.5,17.5,17.1,,17.5,,,400,6880,4,F1,100,,,,,
10-07-2026,10-07-2026,CM,BSE,STK,519528,INE369C01017,NORBTEAEXP,B,,,,,NORBEN TEA & EXPORTS LTD.,69,69.01,69,69,69,71.1,,71,,,279,19251,8,F1,1,,,,,
10-07-2026,10-07-2026,CM,BSE,STK,519532,INE822B01017,ASIANTNE,X,,,,,ASIAN TEA & EXPORTS LTD.,8.71,8.88,8.54,8.79,8.79,8.53,,8.79,,,12415,108298,68,F1,1,,,,,
10-07-2026,10-07-2026,CM,BSE,STK,519552,INE978A01027,HERITGFOOD,A,,,,,HERITAGE FOODS LIMITED,336.65,339,335.45,336.55,336.6,334.55,,336.65,,,5968,2012149,176,F1,1,,,,,
10-07-2026,10-07-2026,CM,BSE,STK,519566,INE354D01017,SIMRAN,X,,,,,SIMRAN FARMS LTD.,153.65,157.55,148.1,150.6,150.6,153.55,,150.6,,,1929,296013,43,F1,1,,,,,
10-07-2026,10-07-2026,CM,BSE,STK,519574,INE092301014,HINDUST,X,,,,,HINDUSTAN AGRIGENETICS LTD.,41.8,43.49,39.4,39.98,40,41.89,,39.98,,,13527,552256,87,F1,1,,,,,
10-07-2026,10-07-2026,CM,BSE,STK,519600,INE421D01022,CCL,A,,,,,CCL PRODUCTS (INDIA) LTD.,1223.85,1223.85,1199.3,1212,1212,1208.45,,1213.9,,,11211,13585612,1696,F1,1,,,,,
10-07-2026,10-07-2026,CM,BSE,STK,519602,INE164B01030,KELLTONTEC,B,,,,,KELLTON TECH SOLUTIONS LTD.,14.9,15.6,14.9,15.33,15.36,14.91,,15.36,,,218662,3366729,839,F1,1,,,,,
10-07-2026,10-07-2026,CM,BSE,STK,519604,INE565E01016,SURFI,X,,,,,SURYO FOODS & INDUSTRIES LTD.,18.75,18.75,17.83,18,18,18.75,,18,,,496,8991,11,F1,1,,,,,
10-07-2026,10-07-2026,CM,BSE,STK,519606,INE177M01013,INTEGFD,XT,,,,,INTEGRATED PROTEINS LTD.,151.9,151.9,142,142.75,142.75,148.75,,142.75,,,116,16854,15,F1,1,,,,,
10-07-2026,10-07-2026,CM,BSE,STK,519612,INE734D01010,LAKESHORE,X,,,,,LAKE SHORE REALTY LIMITED,72.5,72.5,70.5,72.45,72.45,71.82,,72.45,,,1523,108102,15,F1,1,,,,,
10-07-2026,10-07-2026,CM,BSE,STK,520008,INE209B01025,RICOAUTO,B,,,,,RICO AUTO INDUSTRIES LTD.,130.2,136.7,130.2,133,133,130.05,,132.94,,,81354,10918816,676,F1,1,,,,,
10-07-2026,10-07-2026,CM,BSE,STK,520021,INE090B01011,OMAXAUTO,T,,,,,OMAX AUTOS LTD.,233,242.85,225.05,242.85,242.85,231.3,,242.34,,,7914,1893197,121,F1,1,,,,,
10-07-2026,10-07-2026,CM,BSE,STK,520043,INE577A01027,MUNJALSHOW,B,,,,,MUNJAL SHOWA LTD.,131.95,134.85,131.95,133.75,133.75,131.95,,134.1,,,2370,317616,64,F1,1,,,,,
10-07-2026,10-07-2026,CM,BSE,STK,520051,INE039C01032,JAMNAAUTO,B,,,,,JAMNA AUTO INDUSTRIES LTD.,137.35,138.15,136.2,136.6,136.3,136,,136.56,,,61961,8486490,537,F1,1,,,,,
10-07-2026,10-07-2026,CM,BSE,STK,520056,INE105A01035,TVSHLTD,A,,,,,TVS Holdings Limited,13980,14168.55,13951,13997.8,13985.65,13933.7,,14015,,,127,1784128,49,F1,1,,,,,
10-07-2026,10-07-2026,CM,BSE,STK,520057,INE643A01035,JTEKTINDIA,B,,,,,JTEKT India Ltd,145,146.05,143.5,144.85,144.75,145.05,,144.89,,,18551,2685689,287,F1,1,,,,,
10-07-2026,10-07-2026,CM,BSE,STK,520059,INE672B01032,MUNJALAU,B,,,,,MUNJAL AUTO INDUSTRIES LTD.,101,102.47,100.65,101.11,101.49,100.78,,101.31,,,37387,3788725,306,F1,1,,,,,
10-07-2026,10-07-2026,CM,BSE,STK,520066,INE571B01036,JAYBARMARU,B,,,,,JAY BHARAT MARUTI LTD.,188.35,194.7,185.05,187.35,187.35,187.4,,187.75,,,73015,13830254,1174,F1,1,,,,,
10-07-2026,10-07-2026,CM,BSE,STK,520073,INE704B01017,RACLGEAR,B,,,,,RACL Geartech Limited,1264.05,1281.05,1260,1269.8,1260,1267.8,,1267.6,,,1038,1318011,151,F1,1,,,,,
10-07-2026,10-07-2026,CM,BSE,STK,520075,INE706B01012,SAMKRG,X,,,,,SAMKRG PISTONS & RINGS LTD.,122.9,122.9,119.1,119.45,119.25,119,,119.45,,,268,32464,16,F1,1,,,,,
10-07-2026,10-07-2026,CM,BSE,STK,520086,INE075B01020,SICALLOG,B,,,,,SICAL LOGISTICS LTD.,91.01,91.18,89,91.18,91.18,90,,90.59,,,303,27080,17,F1,1,,,,,
10-07-2026,10-07-2026,CM,BSE,STK,520111,INE703B01027,RATNAMANI,A,,,,,RATNAMANI METALS & TUBES LTD.,2648.35,2710,2648.35,2695.7,2691,2632.95,,2693.8,,,1306,3513266,155,F1,1,,,,,
10-07-2026,10-07-2026,CM,BSE,STK,520113,INE386A01023,VESUVIUS,A,,,,,VESUVIUS INDIA LTD.,471.65,471.65,462.25,464.4,464.35,463.2,,464.5,,,2274,1059939,111,F1,1,,,,,
10-07-2026,10-07-2026,CM,BSE,STK,520119,INE900C01027,ASAL,B,,,,,AUTOMOTIVE STAMPINGS & ASSEMBL,517,533,517,522.95,525.2,507.4,,523.65,,,4245,2235542,355,F1,1,,,,,
10-07-2026,10-07-2026,CM,BSE,STK,520123,INE125D01011,ABCINDQ,X,,,,,ABC INDIA LTD.,65,66.29,64.21,65.15,66.25,65.67,,65.15,,,827,53333,20,F1,1,,,,,
10-07-2026,10-07-2026,CM,BSE,STK,520127,INE654B01014,BALTE,X,,,,,BALURGHAT TECHNOLOGIES LTD.,12.5,12.99,11.82,12.72,12.72,12.25,,12.72,,,2208,27316,17,F1,1,,,,,
10-07-2026,10-07-2026,CM,BSE,STK,520141,INE441C01014,SIBARAUT,X,,,,,SIBAR AUTO PARTS LTD.,8.25,8.25,7.75,8.12,8.15,8.18,,8.12,,,4581,36962,24,F1,1,,,,,
10-07-2026,10-07-2026,CM,BSE,STK,520151,INE757B01015,TRANSWORLD,T,,,,,TRANSWORLD SHIPPING LINES LIMI,158.6,159.6,155.75,158.75,155.75,158.6,,158.35,,,429,68107,4,F1,1,,,,,
10-07-2026,10-07-2026,CM,BSE,STK,520155,INE580C01019,STARLOG,X,,,,,Starlog Enterprises Limited,40,40,37.07,37.39,38.36,38.2,,37.39,,,762,29115,20,F1,1,,,,,
10-07-2026,10-07-2026,CM,BSE,STK,521005,INE807M01031,TITANIN,X,,,,,TITAN INTECH LIMITED,0.96,0.97,0.94,0.95,0.95,0.95,,0.95,,,1798963,1720582,823,F1,1,,,,,
10-07-2026,10-07-2026,CM,BSE,STK,521014,INE022C01012,EUROTEXIND,T,,,,,EUROTEX INDUSTRIES & EXPORTS L,14.74,15.65,14.73,14.75,15.21,15.5,,14.65,,,2586,38689,10,F1,1,,,,,
10-07-2026,10-07-2026,CM,BSE,STK,521016,INE483B01026,ICIL,A,,,,,INDO COUNT INDUSTRIES LTD.,406,429.2,406,412.85,410.9,422.55,,412.55,,,18607,7746323,594,F1,1,,,,,
10-07-2026,10-07-2026,CM,BSE,STK,521018,INE882A01013,MARALOVER,T,,,,,MARAL OVERSEAS LTD.,55.65,55.65,54.43,54.43,54.43,53,,55.01,,,2002,110801,4,F1,1,,,,,
10-07-2026,10-07-2026,CM,BSE,STK,521034,INE314C01013,SOMATEX,B,,,,,SOMA TEXTILES & INDUSTRIES LTD,111,118.41,110.2,115.6,118.41,111.22,,116.51,,,15815,1798725,309,F1,1,,,,,
10-07-2026,10-07-2026,CM,BSE,STK,521036,INE695C01015,SOURCEIND,XT,,,,,SOURCE INDUSTRIES (INDIA) LTD.,24.1,24.1,24.1,24.1,24.1,23.63,,24.1,,,10,241,1,F1,1,,,,,
10-07-2026,10-07-2026,CM,BSE,STK,521048,INE900E01015,ADVLIFE,X,,,,,ADVANCE LIFESTYLES LTD.,28.7,30.21,28.7,28.7,28.7,30.21,,28.7,,,1507,43252,9,F1,1,,,,,
10-07-2026,10-07-2026,CM,BSE,STK,521054,INE092E01011,KAKTEX,X,,,,,KAKATIYA TEXTILES LTD.,8.85,9.76,8.85,9.76,9.76,9.3,,9.76,,,1643,15017,6,F1,1,,,,,
10-07-2026,10-07-2026,CM,BSE,STK,521062,INE814L01013,OCTAVE,X,,,,,PERFECT-OCTAVE MEDIA PROJECTS,4.09,4.09,3.86,3.93,3.9,4.08,,3.93,,,2519,9833,19,F1,1,,,,,
10-07-2026,10-07-2026,CM,BSE,STK,521064,INE064C01022,TRIDENT,A,,,,,TRIDENT LTD.,25.45,25.81,25.41,25.51,25.51,25.37,,25.49,,,456293,11685499,2126,F1,1,,,,,
10-07-2026,10-07-2026,CM,BSE,STK,521070,INE270A01029,ALOKINDS,A,,,,,ALOK INDUSTRIES LTD.,12.55,12.72,12.55,12.58,12.58,12.48,,12.58,,,245669,3098298,979,F1,1,,,,,
10-07-2026,10-07-2026,CM,BSE,STK,521080,INE604F01010,PASARI,X,,,,,PASARI SPINNING MILLS LTD.,6.55,6.99,6.55,6.99,6.99,6.99,,6.99,,,765,5125,4,F1,1,,,,,
10-07-2026,10-07-2026,CM,BSE,STK,521097,INE484D01012,AMARJOTHI,X,,,,,AMARJOTHI SPINNING MILLS LTD.,159.9,167.8,159.9,165.9,165.1,158.5,,165.9,,,8917,1467403,82,F1,1,,,,,
10-07-2026,10-07-2026,CM,BSE,STK,521105,INE482O01021,OLYMPTX,X,,,,,OLYMPIA INDUSTRIES LTD.,30.85,30.85,30.39,30.39,30.39,29.8,,30.39,,,9,276,6,F1,1,,,,,
10-07-2026,10-07-2026,CM,BSE,STK,521109,INE123B01028,NAGREEKEXP,B,,,,,NAGREEKA EXPORTS LTD.,23.5,24.82,22.2,24.21,24.21,24.04,,24.07,,,3133,74788,95,F1,1,,,,,
10-07-2026,10-07-2026,CM,BSE,STK,521113,INE691D01012,SUDTIND-B,X,,,,,SUDITI INDUSTRIES LTD.,82.9,84,80.05,81,81,80.09,,81,,,5254,428202,55,F1,1,,,,,
10-07-2026,10-07-2026,CM,BSE,STK,521131,INE363D01018,SBFL,X,,,,,Shree Bhavya Fabrics Limited,21.58,21.58,21.49,21.49,21.49,21.58,,21.49,,,43,927,2,F1,1,,,,,
10-07-2026,10-07-2026,CM,BSE,STK,521137,INE958A01011,EUREKAI,XT,,,,,EUREKA INDUSTRIES LTD.,13.66,13.66,13.66,13.66,13.66,13.93,,13.66,,,5129,70062,27,F1,1,,,,,
10-07-2026,10-07-2026,CM,BSE,STK,521141,INE122D01026,ADITYASP,X,,,,,ADITYA SPINNERS LTD.,15.5,15.9,15.01,15.65,15.9,15.98,,15.65,,,1030,15765,20,F1,1,,,,,
10-07-2026,10-07-2026,CM,BSE,STK,521149,INE419E01024,PRIMEURB,X,,,,,PRIME URBAN DEVELOPMENT INDIA,7.97,8.35,7.9,8.28,8.28,7.97,,8.28,,,348,2856,15,F1,1,,,,,
10-07-2026,10-07-2026,CM,BSE,STK,521161,INE456D01010,SLSTLQ,X,,,,,SRI LAKSHMI SARASWATHI TEXTILE,32.3,33.9,32.3,33.9,33.9,34,,33.9,,,501,16183,4,F1,1,,,,,
10-07-2026,10-07-2026,CM,BSE,STK,521163,INE206B01013,ZODIACLOTH,B,,,,,ZODIAC CLOTHING CO.LTD.,77.75,79.82,77.75,79.82,79.82,77.75,,78.08,,,103,8010,3,F1,1,,,,,
10-07-2026,10-07-2026,CM,BSE,STK,521167,INE485D01043,MAXGROW,XT,,,,,MAXGROW INDIA LIMITED,66.2,69.51,66.2,69.51,69.51,66.2,,69.51,,,9360,642233,36,F1,1,,,,,
10-07-2026,10-07-2026,CM,BSE,STK,521178,INE306D01017,SRMCL,XT,,,,,SRI RAMAKRISHNA MILLS (COIMBAT,54,54,52.8,53.91,54,53.84,,53.91,,,1523,81546,15,F1,1,,,,,
10-07-2026,10-07-2026,CM,BSE,STK,521180,INE662A01027,SUPERSPIN,T,,,,,SUPER SPINNING MILLS LTD.,5.05,5.15,5.05,5.15,5.15,5.14,,5.15,,,4782,24427,14,F1,1,,,,,
10-07-2026,10-07-2026,CM,BSE,STK,521194,INE923A01015,SILINV,B,,,,,SIL INVESTMENTS LTD.,417.4,417.4,417.4,417.4,417.4,415.45,,420.05,,,2,834,2,F1,1,,,,,
10-07-2026,10-07-2026,CM,BSE,STK,521200,INE713B01026,SURYALAXMI,B,,,,,SURYALAKSHMI COTTON MILLS LTD.,67,67,60,60.04,60.04,62.89,,58.5,,,125,7624,15,F1,1,,,,,
10-07-2026,10-07-2026,CM,BSE,STK,521206,INE931D01020,SAMTEX,X,,,,,SAMTEX FASHIONS LTD.,1.51,1.53,1.44,1.47,1.53,1.51,,1.47,,,11219,16708,40,F1,1,,,,,
10-07-2026,10-07-2026,CM,BSE,STK,521216,INE220C01012,DHANROTO,X,,,,,DHANALAXMI ROTO SPINNERS LTD.,76.5,76.5,73,74.23,74.01,74.06,,74.23,,,2256,167757,21,F1,1,,,,,
10-07-2026,10-07-2026,CM,BSE,STK,521226,INE980D01019,UNIROYAL,X,,,,,UNIROYAL INDUSTRIES LTD.,19.5,19.5,19.49,19.49,19.49,18.95,,19.49,,,19,370,3,F1,1,,,,,
10-07-2026,10-07-2026,CM,BSE,STK,521228,INE083G01031,TATIAGLOB,X,,,,,TATIA GLOBAL VENNTURE LTD.,2.38,2.4,2.35,2.37,2.37,2.37,,2.37,,,44516,105602,114,F1,1,,,,,
10-07-2026,10-07-2026,CM,BSE,STK,521234,INE443E01016,SRINACHA,X,,,,,SRI NACHAMMAI COTTON MILLS LTD,28.5,29.35,28.5,29.35,29.35,28.5,,29.35,,,104,2967,2,F1,1,,,,,
10-07-2026,10-07-2026,CM,BSE,STK,521238,INE893C01032,BGDL,B,,,,,BHARAT GLOBAL DEVELOPERS LIMIT,96,99.49,93.62,95.3,95.3,95.98,,95.3,,,6867,661040,244,F1,1,,,,,
10-07-2026,10-07-2026,CM,BSE,STK,521240,INE304D01012,SAMBANDAM,X,,,,,SAMBANDAM SPINNING MILLS LTD.,99,111,99,107.55,107.55,97.2,,107.55,,,1003,107855,13,F1,1,,,,,
10-07-2026,10-07-2026,CM,BSE,STK,521244,INE676G01024,MKPMOB,X,,,,,MKP Mobility Limited,133,139.85,133,139.85,139.85,133.2,,139.85,,,54,7476,6,F1,1,,,,,
10-07-2026,10-07-2026,CM,BSE,STK,521246,INE162C01024,PARASPETRO,B,,,,,PARAS PETROFILS LTD.,1.95,2.17,1.95,2.11,2.11,2.08,,2.1,,,43985,90832,91,F1,1,,,,,
10-07-2026,10-07-2026,CM,BSE,STK,521248,INE602G01020,KITEX,A,,,,,KITEX GARMENTS LTD.,153.65,155.05,153,153.35,153.8,153.3,,153.35,,,24230,3728763,438,F1,1,,,,,
10-07-2026,10-07-2026,CM,BSE,STK,522001,INE608B01010,CRANEX,XT,,,,,CRANEX LTD.,94.5,94.5,91.5,91.9,91.65,90,,91.9,,,13619,1285229,55,F1,1,,,,,
10-07-2026,10-07-2026,CM,BSE,STK,522004,INE177C01022,BATLIBOI,B,,,,,BATLIBOI LTD.,83,85.3,83,85.13,85.17,82.55,,84.38,,,2374,200373,87,F1,1,,,,,
10-07-2026,10-07-2026,CM,BSE,STK,522005,INE759F01012,AUSTENG,X,,,,,AUSTIN ENGINEERING CO.LTD.,144.95,145,142.1,143.8,145,141.1,,143.8,,,773,111513,32,F1,1,,,,,
10-07-2026,10-07-2026,CM,BSE,STK,522014,INE961D01019,UNIDT,T,,,,,UNITED DRILLING TOOLS LTD.,232.2,232.8,223.65,228.35,232.3,232.75,,227.12,,,781,179852,34,F1,1,,,,,
10-07-2026,10-07-2026,CM,BSE,STK,522017,INE459C01016,FLUIDOM,X,,,,,FLUIDOMAT LTD.,896,919.95,896,902.3,902,901.55,,902.3,,,817,740602,76,F1,1,,,,,
10-07-2026,10-07-2026,CM,BSE,STK,522027,INE279D01016,EMAINDIA,XT,,,,,EMA INDIA LTD.,776.7,792.15,761.2,791,791,776.7,,791,,,219,170325,15,F1,1,,,,,
10-07-2026,10-07-2026,CM,BSE,STK,522029,INE052A01021,WINDMACHIN,B,,,,,WINDSOR MACHINES LTD.,320.25,326.4,308.75,310.05,310.25,317.05,,311.55,,,7332,2293490,132,F1,1,,,,,
10-07-2026,10-07-2026,CM,BSE,STK,522034,INE631A01022,SHANTIGEAR,B,,,,,SHANTHI GEARS LTD.,442.1,445.65,439.9,443.85,443.85,443.55,,442.6,,,647,286198,73,F1,1,,,,,
10-07-2026,10-07-2026,CM,BSE,STK,522064,INE634A01018,HONDAPOWER,B,,,,,HONDA INDIA POWER PRODUCTS LIM,2120.8,2150.2,2099,2102.3,2101,2099.6,,2108.3,,,274,578641,50,F1,1,,,,,
10-07-2026,10-07-2026,CM,BSE,STK,522073,INE127B01011,HITECHGEAR,T,,,,,The Hi-Tech Gears Ltd,630.05,649,630.05,642.25,649,650,,646.7,,,227,145685,9,F1,1,,,,,
10-07-2026,10-07-2026,CM,BSE,STK,522074,INE285A01027,ELGIEQUIP,A,,,,,ELGI EQUIPMENTS LTD.,597.4,597.4,569.7,576.25,576.25,588.65,,576.35,,,1202723,703302442,1442,F1,1,,,,,
10-07-2026,10-07-2026,CM,BSE,STK,522091,INE890G01047,UVDRHOR,XT,,,,,UNITED VAN DER HORST LTD.,33.3,33.48,33.3,33.47,33.47,33.82,,33.47,,,1793,59979,31,F1,1,,,,,
10-07-2026,10-07-2026,CM,BSE,STK,522101,INE338F01015,KLBRENG-B,B,,,,,KILBURN ENGINEERING LTD.,463,471.95,448.4,454.2,450,461.3,,453.15,,,21426,9775567,423,F1,1,,,,,
10-07-2026,10-07-2026,CM,BSE,STK,522105,INE372E01025,BIRLAPREC,B,,,,,BIRLA PRECISION TECHNOLOGIES L,36.5,37.5,35.69,36.9,36.9,36.14,,36.79,,,11107,404899,132,F1,1,,,,,
10-07-2026,10-07-2026,CM,BSE,STK,522108,INE384C01016,YUKEN,B,,,,,YUKEN INDIA LTD.,770.05,787.45,766,771,771,750.1,,773.05,,,264,205049,58,F1,1,,,,,
10-07-2026,10-07-2026,CM,BSE,STK,522113,INE325A01013,TIMKEN,A,,,,,TIMKEN INDIA LTD.,3250,3250,3198.75,3206.1,3203.65,3217.55,,3205,,,835,2686878,178,F1,1,,,,,
10-07-2026,10-07-2026,CM,BSE,STK,522122,INE285C01015,VOITHPAPR,X,,,,,VOITH PAPER FABRICS INDIA LTD.,1471.2,1495.9,1465.8,1490.65,1470.2,1448.7,,1490.65,,,335,493689,43,F1,1,,,,,
10-07-2026,10-07-2026,CM,BSE,STK,522134,INE133D01023,ARTSON,XT,,,,,ARTSON LIMITED,159,162.9,152.55,158.1,158.1,156.05,,158.1,,,1654,260433,27,F1,1,,,,,
10-07-2026,10-07-2026,CM,BSE,STK,522152,INE410A01013,SOLIMAC,X,,,,,SOLITAIRE MACHINE TOOLS LTD.,89,90.45,87,90.01,87.85,88,,90.01,,,6700,590176,26,F1,1,,,,,
10-07-2026,10-07-2026,CM,BSE,STK,522163,INE989C01038,DIACABS,B,,,,,DIAMOND POWER INFRASTRUCTURE L,242.65,243,223.3,229.05,229.05,239.15,,229.01,,,444778,102429445,4397,F1,1,,,,,
10-07-2026,10-07-2026,CM,BSE,STK,522165,INE867D01018,INDSILHYD,X,,,,,INDSIL HYDRO POWER AND MANGANE,38.05,38.99,37.5,37.75,37.8,38.28,,37.75,,,18031,682476,94,F1,1,,,,,
10-07-2026,10-07-2026,CM,BSE,STK,522183,INE478D01014,ITL,X,,,,,ITL INDUSTRIES LTD.,296,297,280.2,285.95,292,289.35,,285.95,,,513,146724,60,F1,1,,,,,
10-07-2026,10-07-2026,CM,BSE,STK,522195,INE572D01014,FRONTSP,B,,,,,FRONTIER SPRINGS LTD.,1479.95,1479.95,1430.4,1439.5,1446.9,1439.65,,1437.9,,,884,1274392,158,F1,1,,,,,
10-07-2026,10-07-2026,CM,BSE,STK,522205,INE074A01025,PRAJIND,A,,,,,PRAJ INDUSTRIES LTD.,354.45,360.95,354.45,355.95,356.5,354,,355.8,,,30998,11064306,749,F1,1,,,,,
10-07-2026,10-07-2026,CM,BSE,STK,522207,INE682D01011,RASANDIK,X,,,,,RASANDIK ENGINEERING INDUSTRIE,63,64.34,61,64.34,64.34,62.6,,64.34,,,369,23162,9,F1,1,,,,,
10-07-2026,10-07-2026,CM,BSE,STK,522209,INE429B01011,YOGISUNG,XT,,,,,YOGI SUNG-WON (INDIA) LTD.,6.78,7.25,6.78,7.22,7.23,7.13,,7.22,,,12333,83627,46,F1,1,,,,,
10-07-2026,10-07-2026,CM,BSE,STK,522215,INE461D01028,HLEGLAS,B,,,,,HLE GLASCOAT LIMITED,422.15,434.4,412.05,419.1,419.75,418.45,,419.05,,,19461,8172381,557,F1,1,,,,,
10-07-2026,10-07-2026,CM,BSE,STK,522217,INE826C01016,GUJAPOLLO,B,,,,,GUJARAT APOLLO INDUSTRIES LTD.,353.9,372,349.25,369.15,370,350.95,,368.6,,,1124,408725,121,F1,1,,,,,
10-07-2026,10-07-2026,CM,BSE,STK,522229,INE692C01020,TANAA,X,,,,,TANEJA AEROSPACE & AVIATION LT,295.7,300,290.6,296.6,293.45,295.7,,296.6,,,8829,2601426,289,F1,1,,,,,
10-07-2026,10-07-2026,CM,BSE,STK,522231,INE714D01020,CONART,X,,,,,CONART ENGINEERS LTD.,93.45,97.78,91.5,94.08,95,92.99,,94.08,,,1057,98357,22,F1,1,,,,,
10-07-2026,10-07-2026,CM,BSE,STK,522235,INE097E01028,MINALIND,X,,,,,MINAL INDUSTRIES LIMITED,2.35,2.39,2.2,2.38,2.39,2.34,,2.38,,,51394,120730,60,F1,1,,,,,
10-07-2026,10-07-2026,CM,BSE,STK,522237,INE092H01014,SHIVAGR,X,,,,,SHIVAGRICO IMPLEMENTS LTD.,24.3,25.88,23.62,24.73,25.48,25.8,,24.73,,,566,13770,19,F1,1,,,,,
10-07-2026,10-07-2026,CM,BSE,STK,522241,INE227C01017,MMFL,B,,,,,M.M.FORGINGS LTD.,510.65,526,510.65,523.4,520,510.95,,523.4,,,13489,7017960,1237,F1,1,,,,,
10-07-2026,10-07-2026,CM,BSE,STK,522249,INE040D01038,MAYURUNIQ,B,,,,,MAYUR UNIQUOTERS LTD.,840.95,840.95,806.4,832.9,836,833.6,,833.5,,,7438,6127567,362,F1,1,,,,,
10-07-2026,10-07-2026,CM,BSE,STK,522251,INE627F01011,CENLUB,X,,,,,CENLUB INDUSTRIES LTD.,209,214.85,205.6,208.1,209.95,209.65,,208.1,,,1691,352184,79,F1,1,,,,,
10-07-2026,10-07-2026,CM,BSE,STK,522257,INE535F01024,RAJOOENG,T,,,,,RAJOO ENGINEERS LTD.,50.92,50.92,49.55,50.18,50.2,50.03,,50.27,,,23797,1190609,187,F1,1,,,,,
10-07-2026,10-07-2026,CM,BSE,STK,522261,INE920A01037,DOLPHIN,B,,,,,DOLPHIN OFFSHORE ENTERPRISES (,374.4,385,374.4,384.7,385,386.05,,385.15,,,955,364517,99,F1,1,,,,,
10-07-2026,10-07-2026,CM,BSE,STK,522267,INE466D01019,VJLAXMIE,X,,,,,VEEJAY LAKSHMI ENGINEERING WOR,35.8,37.85,35.8,37.54,37.54,36.95,,37.54,,,1576,56574,6,F1,1,,,,,
10-07-2026,10-07-2026,CM,BSE,STK,522273,INE868C01018,AHMDSTE,XT,,,,,AHMEDABAD STEELCRAFT LTD.,214.1,214.1,214.1,214.1,214.1,225.35,,214.1,,,349,74720,20,F1,1,,,,,
10-07-2026,10-07-2026,CM,BSE,STK,522275,INE200A01026,GVT&D,A,,,,,GE Vernova T&D India Limited,4708.75,4735,4603.5,4675.8,4675.8,4643,,4677.1,,,12544,58614231,2222,F1,1,,,,,
10-07-2026,10-07-2026,CM,BSE,STK,522281,INE207E01023,RAMRAT,B,,,,,RAM RATNA WIRES LTD.,422,425.9,409.65,413.6,417,411.05,,418.85,,,8101,3375219,231,F1,1,,,,,
10-07-2026,10-07-2026,CM,BSE,STK,522285,INE854B01010,JAYNECOIND,B,,,,,JAYASWAL NECO INDUSTRIES LTD.,89.01,92.39,89,91.58,91.72,88.32,,91.49,,,127929,11721161,805,F1,1,,,,,
10-07-2026,10-07-2026,CM,BSE,STK,522287,INE220B01022,KPIL,A,,,,,KALPATARU PROJECTS INTERNATION,1373.45,1373.45,1343.8,1351.3,1353,1350.2,,1352,,,7687,10396912,597,F1,1,,,,,
10-07-2026,10-07-2026,CM,BSE,STK,522289,INE169F01014,NMSGLOBAL,X,,,,,NMS GLOBAL LIMITED,72.5,76.98,72.06,72.06,72.06,75.85,,72.06,,,4247,306925,74,F1,1,,,,,
10-07-2026,10-07-2026,CM,BSE,STK,522292,INE713D01055,CANDOUR,X,,,,,CANDOUR TECHTEX LIMITED,79.77,79.77,75,75.94,78.7,76.85,,75.94,,,6745,516417,84,F1,1,,,,,
10-07-2026,10-07-2026,CM,BSE,STK,522294,INE811B01010,TIGLOB,X,,,,,T & I GLOBAL LTD.,177.05,177.05,168.2,168.2,168.2,167.1,,168.2,,,18,3041,3,F1,1,,,,,
10-07-2026,10-07-2026,CM,BSE,STK,522295,INE663B01015,CONTROLPR,B,,,,,CONTROL PRINT LTD.,655.2,656.35,643.35,644.7,643.85,644.95,,645.45,,,268,174556,46,F1,1,,,,,
10-07-2026,10-07-2026,CM,BSE,STK,522650,INE142E01022,BEMHY,X,,,,,BEMCO HYDRAULICS LTD.,97.98,100.95,94.14,99.2,99.99,95.69,,99.2,,,12155,1194824,192,F1,1,,,,,
10-07-2026,10-07-2026,CM,BSE,STK,523007,INE030C01015,ANSALBU,X,,,,,ANSAL BUILDWELL LTD.,78,78.61,74.51,75.08,75,77.95,,75.08,,,7027,537410,103,F1,1,,,,,
10-07-2026,10-07-2026,CM,BSE,STK,523011,INE080A01014,WEIZMANIND,B,,,,,WEIZMANN LTD.,80.06,80.06,78.25,78.66,79,80.06,,79.34,,,120,9438,10,F1,1,,,,,
10-07-2026,10-07-2026,CM,BSE,STK,523019,INE710D01028,BNRSEC,X,,,,,B.N.RATHI SECURITIES LTD.,17.17,17.46,16.76,17.05,17.07,17.05,,17.05,,,10746,183710,145,F1,1,,,,,
10-07-2026,10-07-2026,CM,BSE,STK,523021,INE989D01010,RISHITECH,X,,,,,RISHI TECHTEX LTD.,38.73,38.73,37.7,37.7,37.7,38.92,,37.7,,,580,22069,4,F1,1,,,,,
10-07-2026,10-07-2026,CM,BSE,STK,523023,INE985A01022,SINCLAIR,B,,,,,SINCLAIRS HOTELS LTD.,75.25,76,74.95,75.15,76,75.1,,75.66,,,944,71188,30,F1,1,,,,,
10-07-2026,10-07-2026,CM,BSE,STK,523025,INE429E01023,SAFARI,A,,,,,SAFARI INDUSTRIES (INDIA) LTD.,1629.65,1642.8,1625.75,1630.8,1633.4,1621.15,,1631.2,,,2821,4595005,284,F1,1,,,,,
10-07-2026,10-07-2026,CM,BSE,STK,523062,INE584C01011,JJFINCOR,X,,,,,J.J.FINANCE CORPORATION LTD.,44.09,47.92,44,44,44,45.64,,44,,,176,8321,6,F1,1,,,,,
10-07-2026,10-07-2026,CM,BSE,STK,523100,INE124B01018,COSMOFE,XT,,,,,COSMO FERRITES LTD.,207.05,215.2,207.05,215.2,215.2,211,,215.2,,,3750,796727,29,F1,1,,,,,
10-07-2026,10-07-2026,CM,BSE,STK,523105,INE293E01031,CROPSTER,B,,,,,CROPSTER AGRO LIMITED,5.36,5.36,5.17,5.2,5.19,5.21,,5.2,,,35518,185012,123,F1,1,,,,,
10-07-2026,10-07-2026,CM,BSE,STK,523116,INE391G01012,SANCTRN,X,,,,,SANCO TRANS LTD.,780,780,780,780,780,774.5,,780,,,1,780,1,F1,1,,,,,
10-07-2026,10-07-2026,CM,BSE,STK,523120,INE628D01014,THRIVE,X,,,,,THRIVE FUTURE HABITATS LIMITED,88.72,92.35,88.28,91.9,91.9,88.28,,91.9,,,195,17510,9,F1,1,,,,,
10-07-2026,10-07-2026,CM,BSE,STK,523127,INE276C01014,EIHAHOTELS,B,,,,,EIH ASSOCIATED HOTELS LTD.,319.4,328.2,314.95,319.15,319.15,317.85,,319.7,,,2124,679916,114,F1,1,,,,,
10-07-2026,10-07-2026,CM,BSE,STK,523144,INE442D01010,MEDICAPQ,X,,,,,MEDI-CAPS LTD.,26.51,27.25,26.51,26.67,26.65,26.53,,26.67,,,977,26506,15,F1,1,,,,,
10-07-2026,10-07-2026,CM,BSE,STK,523151,INE910B01028,OTCO,XT,,,,,OTCO INTERNATIONAL LTD.,8,8.4,7.6,8.4,8.4,8,,8.4,,,6933,56852,17,F1,1,,,,,
10-07-2026,10-07-2026,CM,BSE,STK,523160,INE599F01020,FOSECOC,X,,,,,FOSECO CRUCIBLE INDIA LIMITED,1387,1388.05,1356.65,1360.15,1360,1386.55,,1360.15,,,540,739170,62,F1,1,,,,,
10-07-2026,10-07-2026,CM,BSE,STK,523186,INE00FM01013,BAPACK,X,,,,,B&A PACKAGING INDIA LIMITED,170.55,179.85,170.2,179.85,179.85,176.95,,179.85,,,64,11261,8,F1,1,,,,,
10-07-2026,10-07-2026,CM,BSE,STK,523204,INE421A01028,ABAN,T,,,,,ABAN OFFSHORE LTD.,12.86,14.2,12.86,13.29,14,13.53,,13.42,,,61719,819395,179,F1,1,,,,,
10-07-2026,10-07-2026,CM,BSE,STK,523207,INE760A01029,KOKUYOCMLN,B,,,,,KOKUYO CAMLIN LTD.,87.22,87.95,86.72,87.95,87.95,86.79,,87.71,,,233,20358,38,F1,1,,,,,
10-07-2026,10-07-2026,CM,BSE,STK,523222,INE173J01018,SRMENERGY,XT,,,,,SRM ENERGY LTD.,24.76,24.76,22.42,22.42,22.42,23.59,,22.42,,,16446,383577,75,F1,1,,,,,
10-07-2026,10-07-2026,CM,BSE,STK,523229,INE415D01024,BHARATSE,B,,,,,BHARAT SEATS LTD.,248.8,249.1,240.5,241.45,240.5,245.65,,241.53,,,41989,10252824,895,F1,1,,,,,
10-07-2026,10-07-2026,CM,BSE,STK,523232,INE369D01023,CONTPTR,X,,,,,CONTINENTAL PETROLEUMS LTD.,81.9,84.9,81.9,82,82,81.9,,82,,,60,4948,5,F1,1,,,,,
10-07-2026,10-07-2026,CM,BSE,STK,523242,INE006F01018,NBFOOT,P,,,,,NB FOOTWEAR LTD.,6.2,6.4,6.2,6.4,6.4,6.52,,6.4,,,7300,46680,4,F1,100,,,,,
10-07-2026,10-07-2026,CM,BSE,STK,523248,INE082B01018,MACPLASQ,X,,,,,MACHINO PLASTICS LTD.,280.05,288.4,271,273,275,279.7,,273,,,1153,317394,48,F1,1,,,,,
10-07-2026,10-07-2026,CM,BSE,STK,523260,INE844A01013,PEARLPOLY,T,,,,,PEARL POLYMERS LTD.,17.5,18.35,17.5,17.98,17.98,18.33,,17.89,,,3389,59448,11,F1,1,,,,,
10-07-2026,10-07-2026,CM,BSE,STK,523261,INE398A01010,VENKEYS,B,,,,,VENKYS (INDIA) LTD.,1408.5,1500,1408.5,1484.7,1484.7,1408,,1485.6,,,6409,9415761,513,F1,1,,,,,
10-07-2026,10-07-2026,CM,BSE,STK,523269,INE199C01026,ADVANIHOTR,B,,,,,ADVANI HOTELS & RESORTS (INDIA,53,53.6,52.81,52.81,52.81,52.99,,52.71,,,289,15302,27,F1,1,,,,,
10-07-2026,10-07-2026,CM,BSE,STK,523283,INE712B01010,SUPERHOUSE,B,,,,,SUPERHOUSE LTD.,158.8,158.8,158.05,158.6,158.6,155.15,,157.79,,,161,25483,4,F1,1,,,,,
10-07-2026,10-07-2026,CM,BSE,STK,523289,INE763B01013,RAMAVISION,X,,,,,RAMA VISION LTD.,145.95,145.95,137.7,138.35,138,143.4,,138.35,,,1103,153778,62,F1,1,,,,,
10-07-2026,10-07-2026,CM,BSE,STK,523301,INE822C01015,TCPLPACK,B,,,,,TCPL PACKAGING LTD.,2995,3027.4,2929.8,2996.95,3024,2960.75,,3019,,,77,229386,30,F1,1,,,,,
10-07-2026,10-07-2026,CM,BSE,STK,523309,INE241V01018,SHRIGANG,X,,,,,SHRI GANG INDUSTRIES AND ALLIE,66.51,67.95,65.3,66.69,66.69,66.5,,66.69,,,27922,1865380,123,F1,1,,,,,
10-07-2026,10-07-2026,CM,BSE,STK,523319,INE164A01016,BALMLAWRIE,B,,,,,BALMER LAWRIE & CO.LTD.,176.45,180.85,176.45,179.6,180,176.6,,179.37,,,10738,1926026,354,F1,1,,,,,
10-07-2026,10-07-2026,CM,BSE,STK,523323,INE177F01017,KOVAI,B,,,,,KOVAI MEDICAL CENTER & HOSPITA,6000.9,6025.55,5960,5981.1,5981,5971.6,,5988.5,,,325,1947133,131,F1,1,,,,,
10-07-2026,10-07-2026,CM,BSE,STK,523329,INE668G01021,ELDEHSG,B,,,,,ELDECO HOUSING & INDUSTRIES LT,846.15,846.15,830,830.05,830.05,805,,809.3,,,501,415871,3,F1,1,,,,,
10-07-2026,10-07-2026,CM,BSE,STK,523367,INE499A01024,DCMSHRIRAM,A,,,,,DCM SHRIRAM LIMITED,1059.95,1062,1044.3,1052.3,1052.3,1045.7,,1054.8,,,1680,1777797,142,F1,1,,,,,
10-07-2026,10-07-2026,CM,BSE,STK,523369,INE843D01027,DCMSRIND,B,,,,,DCM SHRIRAM INDUSTRIES LTD.,41.66,41.8,39.9,40.25,40.5,41.41,,40.13,,,15281,623892,214,F1,1,,,,,
10-07-2026,10-07-2026,CM,BSE,STK,523371,INE636A01039,MAWANASUG,T,,,,,MAWANA SUGARS LTD.,110.1,113,110.1,110.6,110.6,111.9,,111.99,,,1412,157431,25,F1,1,,,,,
10-07-2026,10-07-2026,CM,BSE,STK,523373,INE281E01028,MINID,X,,,,,MINI DIAMONDS (INDIA) LTD.,6.22,6.22,6.03,6.13,6.16,6.01,,6.13,,,311683,1905328,333,F1,1,,,,,
10-07-2026,10-07-2026,CM,BSE,STK,523384,INE843B01013,MAHAPEXLTD,B,,,,,MAHA RASHTRA APEX CORPORATION,45.95,49.84,43.21,43.61,43.47,43.68,,44.42,,,796,35907,39,F1,1,,,,,
10-07-2026,10-07-2026,CM,BSE,STK,523385,INE310A01015,NILKAMAL,B,,,,,NILKAMAL LTD.,1309.95,1319.15,1295.7,1304.2,1302.6,1310.05,,1303.5,,,6073,7929171,516,F1,1,,,,,
10-07-2026,10-07-2026,CM,BSE,STK,523387,INE982C01033,HOM,XT,,,,,HOMRE LIMITED,1.66,1.82,1.66,1.67,1.67,1.74,,1.67,,,381938,649344,392,F1,1,,,,,
10-07-2026,10-07-2026,CM,BSE,STK,523391,INE308A01027,NAHARPOLY,B,,,,,NAHAR POLYFILMS LTD.,250,254,250,253.25,253,249.2,,253.05,,,196,49262,55,F1,1,,,,,
10-07-2026,10-07-2026,CM,BSE,STK,523395,INE470A01017,3MINDIA,A,,,,,3M INDIA LTD.,35264.75,35450,34745.05,35357.3,35220,34759.1,,35370,,,296,10434537,192,F1,1,,,,,
10-07-2026,10-07-2026,CM,BSE,STK,523398,INE782A01015,BOSCH-HCIL,B,,,,,BOSCH HOME COMFORT INDIA LIMIT,1352.55,1357,1339,1339.7,1339.05,1343.25,,1348.4,,,429,578614,50,F1,1,,,,,
10-07-2026,10-07-2026,CM,BSE,STK,523405,INE780C01023,JMFINANCIL,A,,,,,JM FINANCIAL LTD.,126.15,126.95,124.2,124.7,124.7,124.6,,124.61,,,191940,24013026,1623,F1,1,,,,,
10-07-2026,10-07-2026,CM,BSE,STK,523411,INE833A01016,ADCINDIA,XT,,,,,ADC INDIA COMMUNICATIONS LIMIT,2270,2314.35,2270,2314.35,2314.35,2269,,2314.35,,,669,1543865,42,F1,1,,,,,
10-07-2026,10-07-2026,CM,BSE,STK,523419,INE141D01018,TNTELE,B,,,,,TAMILNADU TELECOMMUNICATIONS L,8.81,9.28,8.81,9.25,9.25,9.14,,9.11,,,1651,14919,11,F1,1,,,,,
10-07-2026,10-07-2026,CM,BSE,STK,523425,INE459D01014,SUNRAJDI,X,,,,,SUNRAJ DIAMOND EXPORTS LTD.,12.1,12.1,11.5,11.5,11.5,12.05,,11.5,,,102,1181,5,F1,1,,,,,
10-07-2026,10-07-2026,CM,BSE,STK,523445,INE046A01015,RIIL,B,,,,,RELIANCE INDUSTRIAL INFRASTRUC,800.1,822.3,785.6,792.8,790,791.7,,793.2,,,8310,6666774,599,F1,1,,,,,
10-07-2026,10-07-2026,CM,BSE,STK,523457,INE473A01011,LINDEINDIA,A,,,,,Linde India Limited,6982.8,7167,6970,7043.5,7022.5,6995.3,,7034,,,952,6704636,383,F1,1,,,,,
10-07-2026,10-07-2026,CM,BSE,STK,523465,INE969D01012,INDBNK,B,,,,,IND BANK HOUSING LTD.,54.9,54.9,50,53.38,53.38,53.03,,53.38,,,1980,103352,38,F1,1,,,,,
10-07-2026,10-07-2026,CM,BSE,STK,523467,INE250C01027,JAIMATAG,X,,,,,JAI MATA GLASS LTD.,1.67,1.73,1.54,1.69,1.69,1.7,,1.69,,,126764,206246,141,F1,1,,,,,
10-07-2026,10-07-2026,CM,BSE,STK,523475,INE026D01011,LOTUSCHO,B,,,,,LOTUS CHOCOLATE CO.LTD.,671.05,677.9,652,664,667,672.7,,664,,,6308,4192112,375,F1,1,,,,,
10-07-2026,10-07-2026,CM,BSE,STK,523483,INE883C01025,PACIFICI,X,,,,,PACIFIC INDUSTRIES LTD.,132,139.75,132,139.65,139.65,134.85,,139.65,,,216,30049,6,F1,1,,,,,
10-07-2026,10-07-2026,CM,BSE,STK,523489,INE889F01017,CMMHOSP,X,,,,,CHENNAI MEENAKSHI MULTISPECIAL,40.48,40.48,36.05,38.61,38.6,40.48,,38.61,,,805,30567,28,F1,1,,,,,
10-07-2026,10-07-2026,CM,BSE,STK,523537,INE170D01025,APMIN,X,,,,,APM INDUSTRIES LTD.,49,51.35,47.15,51,51,49,,51,,,3290,162833,27,F1,1,,,,,
10-07-2026,10-07-2026,CM,BSE,STK,523539,INE372C01037,PRECWIRE,B,,,,,PRECISION WIRES INDIA LTD.,390,397.3,382.5,385.8,387.05,389.85,,385.8,,,25627,9883843,794,F1,1,,,,,
10-07-2026,10-07-2026,CM,BSE,STK,523550,INE951B01014,KRYPTONQ,X,,,,,KRYPTON INDUSTRIES LTD.,40.15,41.7,39.11,40.7,40.7,40.97,,40.7,,,2362,95910,35,F1,1,,,,,
10-07-2026,10-07-2026,CM,BSE,STK,523558,INE010C01025,SWISSMLTRY,X,,,,,SWISS MILITARY CONSUMER GOODS,15.34,15.83,15.3,15.37,15.37,15.58,,15.37,,,76244,1179309,374,F1,1,,,,,
10-07-2026,10-07-2026,CM,BSE,STK,523566,INE199D01016,MARBU,X,,,,,MARTIN BURN LTD.,44.5,44.58,42.2,42.2,42.2,44,,42.2,,,446,19832,6,F1,1,,,,,
10-07-2026,10-07-2026,CM,BSE,STK,523574,INE623B01027,FEL,Z,,,,,Future Enterprises Limited,0.49,0.49,0.49,0.49,0.49,0.49,,0.39,,,14061,6889,6,F1,1,,,,,
10-07-2026,10-07-2026,CM,BSE,STK,523586,INE826B01018,INDTONER,X,,,,,INDIAN TONERS & DEVELOPERS LTD,288.6,296.65,288.6,293.45,293.5,288.35,,293.45,,,6682,1962204,260,F1,1,,,,,
10-07-2026,10-07-2026,CM,BSE,STK,523594,INE638D01021,KUNSTOFF,X,,,,,KUNSTSTOFFE INDUSTRIES LTD.,23.5,23.5,22,23.45,23.45,23.15,,23.45,,,723,16790,14,F1,1,,,,,
10-07-2026,10-07-2026,CM,BSE,STK,523598,INE109A01011,SCI,A,,,,,SHIPPING CORPORATION OF INDIA,279.95,286.5,279.9,284.9,286.5,277.45,,284.9,,,144533,41056828,1713,F1,1,,,,,
10-07-2026,10-07-2026,CM,BSE,STK,523606,INE438E01032,SIKA,B,,,,,SIKA INTERPLANT SYSTEMS LTD.,1206.75,1278,1191.35,1204.9,1216.75,1216.75,,1206.7,,,23219,28783729,1484,F1,1,,,,,
10-07-2026,10-07-2026,CM,BSE,STK,523610,INE248A01017,ITI,A,,,,,ITI LTD.,287.7,294.5,287.7,290.4,290.4,287.55,,290.25,,,22430,6553336,445,F1,1,,,,,
10-07-2026,10-07-2026,CM,BSE,STK,523618,INE506A01018,DREDGECORP,B,,,,,DREDGING CORPORATION OF INDIA,1062,1073.15,1046.1,1051.7,1051.7,1055.45,,1048.8,,,4597,4888622,285,F1,1,,,,,
10-07-2026,10-07-2026,CM,BSE,STK,523620,INE486I01016,PHRMASI,X,,,,,PHAARMASIA LTD.,100.37,100.37,95.52,95.52,95.52,98.89,,95.52,,,182,17551,12,F1,1,,,,,
10-07-2026,10-07-2026,CM,BSE,STK,523630,INE870D01012,NFL,B,,,,,NATIONAL FERTILIZERS LTD.,73.6,74.17,73.44,73.92,73.92,72.93,,73.76,,,36169,2670709,251,F1,1,,,,,
10-07-2026,10-07-2026,CM,BSE,STK,523638,INE558A01019,IPRINGLTD,X,,,,,IP RINGS LTD.,119.35,129.3,119.35,127.55,127.95,119.55,,127.55,,,2711,342965,54,F1,1,,,,,
10-07-2026,10-07-2026,CM,BSE,STK,523642,INE603J01030,PIIND,A,,,,,P.I.INDUSTRIES LTD.,2596.95,2626.65,2596.9,2606.35,2610,2599.6,,2607.4,,,28362,74267749,1215,F1,1,,,,,
10-07-2026,10-07-2026,CM,BSE,STK,523648,INE083C01022,PLASTIBLEN,B,,,,,PLASTIBLENDS INDIA LTD.,177.4,182,177.4,181.5,181,176.3,,182.74,,,582,105276,50,F1,1,,,,,
10-07-2026,10-07-2026,CM,BSE,STK,523650,INE823D01011,YASHINNO,X,,,,,YASH INNOVENTURES LIMITED,27.19,28.45,26.5,28.45,28.45,27.1,,28.45,,,71711,2024079,95,F1,1,,,,,
10-07-2026,10-07-2026,CM,BSE,STK,523652,INE465K01016,KKPLASTICK,X,,,,,Kkalpana Plastick Limited,28.88,28.88,28.88,28.88,28.88,27.51,,28.88,,,10,288,1,F1,1,,,,,
10-07-2026,10-07-2026,CM,BSE,STK,523660,INE054C01015,WATERBASE,X,,,,,WATERBASE LTD.,43.86,45.5,43.11,45.04,45.04,43.53,,45.04,,,22478,999271,289,F1,1,,,,,
10-07-2026,10-07-2026,CM,BSE,STK,523672,INE954B01018,FLEXFO,X,,,,,FLEX FOODS LTD.,44.95,44.95,43,43.18,43.99,43.95,,43.18,,,2250,97812,28,F1,1,,,,,
10-07-2026,10-07-2026,CM,BSE,STK,523676,INE798D01015,GOLKUNDIA,X,,,,,GOLKUNDA DIAMONDS & JEWELLERY,265,269,251.05,262.25,263.95,246.9,,262.25,,,4851,1274095,191,F1,1,,,,,
10-07-2026,10-07-2026,CM,BSE,STK,523694,INE116A01032,APCOTEXIND,B,,,,,APCOTEX INDUSTRIES LTD.,512,514.25,502,506.7,502,505.65,,507.35,,,14982,7625287,237,F1,1,,,,,
10-07-2026,10-07-2026,CM,BSE,STK,523696,INE842B01015,FORTISMLR,X,,,,,FORTIS MALAR HOSPITALS LIMITED,52.5,52.5,50.58,51.48,51.79,51.15,,51.48,,,5748,294899,179,F1,1,,,,,
10-07-2026,10-07-2026,CM,BSE,STK,523704,INE759A01021,MASTEK,A,,,,,MASTEK LTD.,1635.55,1690.7,1635.55,1677.95,1682,1611.7,,1680,,,45491,75474760,514,F1,1,,,,,
10-07-2026,10-07-2026,CM,BSE,STK,523708,INE158B01016,EIMCOELECO,B,,,,,EIMCO ELECON (INDIA) LTD.,1817,1830.45,1730.65,1743.9,1743.9,1783.6,,1744.6,,,4271,7628248,442,F1,1,,,,,
10-07-2026,10-07-2026,CM,BSE,STK,523716,INE365D01021,ASHIANA,B,,,,,ASHIANA HOUSING LTD.,375.2,384.95,371.3,375.75,373.4,374.85,,374.65,,,2686,1017618,156,F1,1,,,,,
10-07-2026,10-07-2026,CM,BSE,STK,523722,INE119B01018,SVAMSOF,X,,,,,SVAM SOFTWARE LTD.,5.82,6.2,5.81,5.95,6.15,5.91,,5.95,,,3887,23087,25,F1,1,,,,,
10-07-2026,10-07-2026,CM,BSE,STK,523732,INE866A01016,ECOBOAR,X,,,,,ECOBOARD INDUSTRIES LTD.,56.5,57,56.5,56.5,56.5,55.86,,56.5,,,1952,110388,15,F1,1,,,,,
10-07-2026,10-07-2026,CM,BSE,STK,523736,INE477B01010,DVL,B,,,,,Dhunseri Ventures Limited,243.6,244.85,239.2,241.95,241.95,241,,241.16,,,181,43841,14,F1,1,,,,,
10-07-2026,10-07-2026,CM,BSE,STK,523752,INE502D01011,TIHIL,XT,,,,,TRANS INDIA HOUSE IMPEX LIMITE,3.9,3.99,3.9,3.92,3.95,3.95,,3.92,,,19202,75625,64,F1,1,,,,,
10-07-2026,10-07-2026,CM,BSE,STK,523754,INE215D01010,MAHEPC,B,,,,,MAHINDRA EPC IRRIGATION LIMITE,116,120.65,115.55,120.55,120.6,115.65,,119.52,,,6439,761243,111,F1,1,,,,,
10-07-2026,10-07-2026,CM,BSE,STK,523782,INE844D01017,MITSHI,X,,,,,Mitshi India Limited,13.82,13.82,13.76,13.76,13.76,13.64,,13.76,,,2,27,2,F1,1,,,,,
10-07-2026,10-07-2026,CM,BSE,STK,523792,INE885E01042,MAZDA,T,,,,,MAZDA LTD.,240,248.8,238.5,244.2,244.8,237.7,,242.37,,,2108,507469,62,F1,1,,,,,
10-07-2026,10-07-2026,CM,BSE,STK,523796,INE048C01025,VHLTD,T,,,,,VICEROY HOTELS LTD.,130,131.55,128,130.7,130.7,128.8,,130.66,,,104107,13606724,50,F1,1,,,,,
10-07-2026,10-07-2026,CM,BSE,STK,523826,INE959D01013,SOVERDIA,X,,,,,SOVEREIGN DIAMONDS LTD.,20.82,21.65,20.82,21,21,20.62,,21,,,1629,34712,19,F1,1,,,,,
10-07-2026,10-07-2026,CM,BSE,STK,523828,INE071D01033,MENONBE,T,,,,,MENON BEARINGS LTD.,171.8,178.65,170,171.45,172,175.75,,171.51,,,4924,849522,87,F1,1,,,,,
10-07-2026,10-07-2026,CM,BSE,STK,523832,INE862C01029,MUKATPIP,XT,,,,,MUKAT PIPES LTD.,15.01,16.54,15.01,16.54,16.54,15.76,,16.54,,,4694,77222,27,F1,1,,,,,
10-07-2026,10-07-2026,CM,BSE,STK,523836,INE610B01024,GUJRAFFIA,B,,,,,GUJARAT RAFFIA INDUSTRIES LTD.,39.51,39.6,38.72,39.41,39.55,38.51,,39.07,,,643,25360,20,F1,1,,,,,
10-07-2026,10-07-2026,CM,BSE,STK,523838,INE059B01024,SIMPLEXINF,B,,,,,SIMPLEX INFRASTRUCTURES LTD.,269.75,275,267.15,271.3,272,267.8,,271.75,,,7556,2065561,180,F1,1,,,,,
10-07-2026,10-07-2026,CM,BSE,STK,523840,INE965C01038,INNOVTEC,X,,,,,INNOVATIVE TECH PACK LTD.,13.67,13.7,13.46,13.49,13.49,13.61,,13.49,,,2813,38150,23,F1,1,,,,,
10-07-2026,10-07-2026,CM,BSE,STK,523842,INE460D01038,SUPTANERY,X,,,,,SUPER TANNERY LIMITED,6.87,7.1,6.82,7.05,7.1,6.95,,7.05,,,21044,144922,99,F1,1,,,,,
10-07-2026,10-07-2026,CM,BSE,STK,523844,INE537B01011,CONSTRONIC,X,,,,,CONSTRONICS INFRA LIMITED,50,50,50,50,50,48.43,,50,,,1001,50050,2,F1,1,,,,,
10-07-2026,10-07-2026,CM,BSE,STK,523850,INE767C01012,AXTEL,X,,,,,AXTEL INDUSTRIES LTD.,433,444.8,432.95,440.85,440.85,430.8,,440.85,,,3049,1341177,99,F1,1,,,,,
10-07-2026,10-07-2026,CM,BSE,STK,523862,INE926B01016,GRANDOAK,B,,,,,GRAND OAK CANYONS DISTILLERY L,48.4,48.4,45.29,45.29,45.29,47.67,,45.3,,,1101,51450,14,F1,1,,,,,
10-07-2026,10-07-2026,CM,BSE,STK,523874,INE191C01023,EASTINDIA,XT,,,,,East India Drums and Barrels M,100.5,100.5,98,98,98,96.8,,98,,,443,44294,20,F1,1,,,,,
10-07-2026,10-07-2026,CM,BSE,STK,523888,INE317D01014,MEGAMONT,XT,,,,,MEGAMONT LIMITED,177,177,177,177,177,177.25,,177,,,6,1062,3,F1,1,,,,,
10-07-2026,10-07-2026,CM,BSE,STK,524000,INE511C01022,POONAWALLA,A,,,,,POONAWALLA FINCORP LIMITED,467.25,480.4,467.25,476.75,476.75,463.95,,477,,,116523,55504468,3052,F1,1,,,,,
10-07-2026,10-07-2026,CM,BSE,STK,524019,INE473D01015,KINGFA,B,,,,,Kingfa Science & Technology (I,5099.6,5157,5041,5149.85,5157,5048.05,,5146.5,,,82,416857,50,F1,1,,,,,
10-07-2026,10-07-2026,CM,BSE,STK,524031,INE637N01014,PATIDAR,X,,,,,PATIDAR BUILDCON LIMITED,6,6.14,6,6.14,6.14,5.85,,6.14,,,50,300,2,F1,1,,,,,
10-07-2026,10-07-2026,CM,BSE,STK,524037,INE809A01032,RAMAPHO,B,,,,,RAMA PHOSPHATES LTD.,122.8,122.8,122.8,122.8,122.8,124.9,,125.13,,,75,9210,2,F1,1,,,,,
10-07-2026,10-07-2026,CM,BSE,STK,524038,INE204D01022,VENLONENT,X,,,,,VENLON ENTERPRISES LTD.,4.14,4.15,3.58,3.66,3.65,3.81,,3.66,,,8375,31362,22,F1,1,,,,,
10-07-2026,10-07-2026,CM,BSE,STK,524051,INE633B01018,POLYPLEX,B,,,,,POLYPLEX CORPORATION LTD.,1032.35,1075,1032.35,1060.65,1066,1028.2,,1060.55,,,13661,14448368,1246,F1,1,,,,,
10-07-2026,10-07-2026,CM,BSE,STK,524075,INE155C01010,ALBERTDAVD,B,,,,,ALBERT DAVID LTD.,699.95,709.65,690.1,694,694,694,,700.95,,,78,54865,13,F1,1,,,,,
10-07-2026,10-07-2026,CM,BSE,STK,524080,INE681F01018,HARLETH,X,,,,,HARYANA LEATHER CHEMICALS LTD.,61.25,63.8,59.5,59.9,60.9,61.25,,59.9,,,3913,236360,63,F1,1,,,,,
10-07-2026,10-07-2026,CM,BSE,STK,524091,INE482D01024,CARYSIL,B,,,,,CARYSIL LIMITED,1180.95,1190.45,1153.95,1178.15,1189,1187.6,,1173.2,,,2876,3386213,304,F1,1,,,,,
10-07-2026,10-07-2026,CM,BSE,STK,524109,INE900B01029,KABRAEXTRU,B,,,,,KABRA EXTRUSIONTECHNIK LTD.,296,298.9,292.35,292.7,292.35,295.4,,294.3,,,2993,886623,106,F1,1,,,,,
10-07-2026,10-07-2026,CM,BSE,STK,524129,INE250B01029,VINYLINDIA,B,,,,,VINYL CHEMICALS (INDIA) LTD.,257.05,261.5,252.75,256.75,256.8,255.8,,256.9,,,1044,266335,29,F1,1,,,,,
10-07-2026,10-07-2026,CM,BSE,STK,524136,INE417E01010,PCCOSMA,X,,,,,PEE CEE COSMA SOPE LTD.,319.7,319.7,310,312.3,313.95,306.95,,312.3,,,949,296776,37,F1,1,,,,,
10-07-2026,10-07-2026,CM,BSE,STK,524156,INE034F01010,TCMLMTD,X,,,,,TCM LTD.,43.58,44,43.25,43.9,43.35,43.25,,43.9,,,209,9090,11,F1,1,,,,,
10-07-2026,10-07-2026,CM,BSE,STK,524164,INE485C01029,IOLCP,B,,,,,IOL CHEMICALS & PHARMACEUTICAL,169.6,173.5,165,171.1,171.1,168.05,,171.06,,,297402,50201599,2198,F1,1,,,,,
10-07-2026,10-07-2026,CM,BSE,STK,524174,INE133C01033,KESARPE,X,,,,,KESAR PETROPRODUCTS LTD.,18.77,19.49,18.4,18.56,18.56,18.77,,18.56,,,66684,1254708,248,F1,1,,,,,
10-07-2026,10-07-2026,CM,BSE,STK,524200,INE410B01037,VINATIORGA,A,,,,,VINATI ORGANICS LTD.,1327.7,1350.95,1317.6,1334.35,1330,1313.25,,1333.2,,,7954,10606247,502,F1,1,,,,,
10-07-2026,10-07-2026,CM,BSE,STK,524202,INE058I01013,LACTOSE,X,,,,,LACTOSE (INDIA) LTD.,101.05,101.05,98.3,100,100,98.8,,100,,,4077,407404,73,F1,1,,,,,
10-07-2026,10-07-2026,CM,BSE,STK,524204,INE757D01011,TEEAI,X,,,,,TEESTA AGRO INDUSTRIES LTD.,118.9,124.95,118.1,122.75,122.9,118.35,,122.75,,,196,23383,10,F1,1,,,,,
10-07-2026,10-07-2026,CM,BSE,STK,524208,INE769A01020,AARTIIND,A,,,,,AARTI INDUSTRIES LTD.,469.5,495.6,469.5,484.15,484.15,467.65,,484.1,,,34597,16833006,1161,F1,1,,,,,
10-07-2026,10-07-2026,CM,BSE,STK,524210,INE702E01015,PNTKYOR,X,,,,,PENTOKEY ORGANY (INDIA) LTD.,35.1,38.84,35.1,36.01,36.01,35.9,,36.01,,,283,10752,11,F1,1,,,,,
10-07-2026,10-07-2026,CM,BSE,STK,524212,INE107F01022,WANBURY,B,,,,,WANBURY LTD.,282.7,303.1,276.8,297.1,300,284.55,,297.75,,,30496,8906533,738,F1,1,,,,,
10-07-2026,10-07-2026,CM,BSE,STK,524218,INE486D01017,RESONANCE,XT,,,,,RESONANCE SPECIALTIES LTD.,134.1,139.95,130.5,134.75,134,134.75,,134.75,,,2760,375073,66,F1,1,,,,,
10-07-2026,10-07-2026,CM,BSE,STK,524226,INE036B01030,GAEL,B,,,,,GUJARAT AMBUJA EXPORTS LTD.,157.8,159,153.4,154.25,153.95,158.85,,154.29,,,463921,71920736,1109,F1,1,,,,,
10-07-2026,10-07-2026,CM,BSE,STK,524230,INE027A01015,RCF,A,,,,,RASHTRIYA CHEMICALS & FERTILIZ,131.25,134.3,131,131.35,131.3,131.8,,131.4,,,80255,10625850,793,F1,1,,,,,
10-07-2026,10-07-2026,CM,BSE,STK,524238,INE659F01022,GUJINJEC,XT,,,,,GUJARAT INJECT (KERALA) LTD.,13.7,14.05,13.45,13.65,13.65,13.4,,13.65,,,769154,10655902,1059,F1,1,,,,,
10-07-2026,10-07-2026,CM,BSE,STK,524280,INE082A01010,KOPRAN,T,,,,,KOPRAN LTD.,192.8,198.45,186.2,197.6,194.15,189,,196.88,,,9067,1750316,115,F1,1,,,,,
10-07-2026,10-07-2026,CM,BSE,STK,524288,INE008B01013,AIMCOPEST,X,,,,,AIMCO PESTICIDES LTD.,51.52,53.77,49.9,52.81,53.77,51.52,,52.81,,,554,28796,27,F1,1,,,,,
10-07-2026,10-07-2026,CM,BSE,STK,524314,INE499G01013,GUJTERC,X,,,,,GUJARAT TERCE LABORATORIES LTD,33.6,34,32.98,33.71,34,32.4,,33.71,,,2607,86934,27,F1,1,,,,,
10-07-2026,10-07-2026,CM,BSE,STK,524322,INE323K01017,KABRADG,X,,,,,KABRA DRUGS LTD.,22.69,22.69,21.51,21.7,21.7,21.74,,21.7,,,38265,839406,102,F1,1,,,,,
10-07-2026,10-07-2026,CM,BSE,STK,524324,INE573R01012,SEYAIND,T,,,,,SEYA INDUSTRIES LTD.,13.05,13.05,13,13,13,12.8,,13,,,1250,16258,5,F1,1,,,,,
10-07-2026,10-07-2026,CM,BSE,STK,524330,INE785A01026,JAYAGROGN,B,,,,,JAYANT AGRO-ORGANICS LTD.,210,225.95,209.05,221.95,222,207.4,,222.41,,,2428,533844,156,F1,1,,,,,
10-07-2026,10-07-2026,CM,BSE,STK,524332,INE412G01024,BCLIND,B,,,,,BCL INDUSTRIES LIMITED,33.88,34.44,33.7,34.14,34.35,33.99,,34.23,,,25910,882084,286,F1,1,,,,,
10-07-2026,10-07-2026,CM,BSE,STK,524336,INE065E01017,SHHARICH,X,,,,,SHREE HARI CHEMICALS EXPORT LT,107.9,111.7,107.2,110.3,111,107.9,,110.3,,,1565,169449,14,F1,1,,,,,
10-07-2026,10-07-2026,CM,BSE,STK,524342,INE803D01021,INDOBORAX,B,,,,,INDO BORAX & CHEMICALS LTD.,442.7,456.8,442.7,453.25,455.5,435.15,,453.7,,,59126,26615923,1764,F1,1,,,,,
10-07-2026,10-07-2026,CM,BSE,STK,524348,INE767A01016,AARTIDRUGS,B,,,,,AARTI DRUGS LTD.,399.75,400.65,395,396.4,397.7,395.75,,396.8,,,5155,2052651,235,F1,1,,,,,
10-07-2026,10-07-2026,CM,BSE,STK,524370,INE338D01028,BODALCHEM,T,,,,,BODAL CHEMICALS LTD.,59.99,62.4,56.98,57.87,57.87,59.97,,58.1,,,14970,890637,147,F1,1,,,,,
10-07-2026,10-07-2026,CM,BSE,STK,524372,INE191A01027,ORCHPHARMA,B,,,,,Orchid Pharma Limited,1064.75,1069.05,1000,1007.85,1007.85,1050.7,,1012.15,,,12266,12521705,685,F1,1,,,,,
10-07-2026,10-07-2026,CM,BSE,STK,524394,INE579C01029,VIMTALABS,B,,,,,VIMTA LABS LTD.,553.9,569.25,553.9,566.1,563.7,558.95,,566.1,,,6552,3691440,264,F1,1,,,,,
10-07-2026,10-07-2026,CM,BSE,STK,524396,INE829A01014,BIOFILCHEM,B,,,,,BIOFIL CHEMICALS & PHARMACEUTI,35,35,33.98,34.07,34.49,34,,34.07,,,1563,53331,16,F1,1,,,,,
10-07-2026,10-07-2026,CM,BSE,STK,524400,INE806D01016,ISHITADR,X,,,,,ISHITA DRUGS & INDUSTRIES LTD.,72.12,73,72.12,73,73,72.11,,73,,,115,8381,2,F1,1,,,,,
10-07-2026,10-07-2026,CM,BSE,STK,524404,INE750C01026,MARKSANS,A,,,,,MARKSANS PHARMA LTD.,279.1,281,270.1,272.35,272.35,276.85,,272.4,,,161804,44365624,2625,F1,1,,,,,
10-07-2026,10-07-2026,CM,BSE,STK,524408,INE113E01015,UNIVSTAR,XT,,,,,UNIVERSAL STARCH-CHEM ALLIED L,200,200,186.15,186.95,198.4,193.1,,186.95,,,651,122829,21,F1,1,,,,,
10-07-2026,10-07-2026,CM,BSE,STK,524412,INE198H01019,AAREYDRUGS,T,,,,,AAREY DRUGS & PHARMACEUTICALS,85.46,85.46,85.46,85.46,85.46,87.2,,85.46,,,421,35978,5,F1,1,,,,,
10-07-2026,10-07-2026,CM,BSE,STK,524414,INE744C01029,NORRIS,X,,,,,NORRIS MEDICINES LTD.,17.99,17.99,16.96,17.8,17.87,17.85,,17.8,,,1371,23571,25,F1,1,,,,,
10-07-2026,10-07-2026,CM,BSE,STK,524434,INE810M01019,ASINPET,X,,,,,ASIAN PETROPRODUCTS & EXPORTS,9.35,9.8,9.33,9.47,9.8,9.74,,9.47,,,5193,49510,34,F1,1,,,,,
10-07-2026,10-07-2026,CM,BSE,STK,524440,INE198C01010,CAMEXLTD,X,,,,,CAMEX LTD.,39.69,41.5,39.69,40,40,39.88,,40,,,1367,55047,13,F1,1,,,,,
10-07-2026,10-07-2026,CM,BSE,STK,524444,INE313M01030,EVEXIA,XT,,,,,EVEXIA LIFECARE LIMITED,1.62,1.69,1.58,1.61,1.61,1.64,,1.61,,,3465705,5675027,665,F1,1,,,,,
10-07-2026,10-07-2026,CM,BSE,STK,524458,INE319N01019,INDOEURO,X,,,,,INDO EURO INDCHEM LTD.,9.99,9.99,9.06,9.12,9.12,9.99,,9.12,,,1337,12171,7,F1,1,,,,,
10-07-2026,10-07-2026,CM,BSE,STK,524470,INE312C01025,SYNCOMF,B,,,,,SYNCOM FORMULATIONS (INDIA) LT,14.03,14.5,14.03,14.18,14.18,14.01,,14.18,,,304563,4345351,1410,F1,1,,,,,
10-07-2026,10-07-2026,CM,BSE,STK,524480,INE249D01019,RIDDHI,XT,,,,,RIDDHI SIDDHI GLUCO BIOLS LTD.,716.55,722,706.05,718.1,710.9,713,,718.1,,,839,603578,30,F1,1,,,,,
10-07-2026,10-07-2026,CM,BSE,STK,524488,INE038B01010,SVCIND,X,,,,,SVC INDUSTRIES LIMITED,2.11,2.2,2.11,2.14,2.13,2.14,,2.14,,,7585,16363,41,F1,1,,,,,
10-07-2026,10-07-2026,CM,BSE,STK,524494,INE571A01038,IPCALAB,A,,,,,IPCA LABORATORIES LTD.,1764.55,1796.7,1747.9,1787.55,1786.75,1771.75,,1787.9,,,9392,16617444,974,F1,1,,,,,
10-07-2026,10-07-2026,CM,BSE,STK,524500,INE729D01010,KILITCH,T,,,,,KILITCH DRUGS (INDIA) LTD.,181.15,185,177.15,185,185,184,,183.1,,,2812,510741,29,F1,1,,,,,
10-07-2026,10-07-2026,CM,BSE,STK,524506,INE683E01017,CORALAB,XT,,,,,CORAL LABORATORIES LTD.,588.9,614,588.9,599.7,612,588.9,,599.7,,,651,395321,27,F1,1,,,,,
10-07-2026,10-07-2026,CM,BSE,STK,524516,INE711D01018,BACPHAR,X,,,,,BACIL PHARMA LTD.,39.5,39.89,37.26,38.38,38.5,38.36,,38.38,,,229906,8896662,147,F1,1,,,,,
10-07-2026,10-07-2026,CM,BSE,STK,524518,INE268B01013,KREBSBIO,B,,,,,KREBS BIOCHEMICALS & INDUSTRIE,59.5,59.5,54.6,54.91,54.91,56.67,,55.52,,,964,53596,27,F1,1,,,,,
10-07-2026,10-07-2026,CM,BSE,STK,524520,INE879K01018,KMCSHIL,B,,,,,KMC SPECIALITY HOSPITALS (INDI,137.8,138,132.6,135.05,135.05,136.25,,135.05,,,107574,14585824,1375,F1,1,,,,,
10-07-2026,10-07-2026,CM,BSE,STK,524522,INE919B01011,LAFFANSQ,X,,,,,LAFFANS PETROCHEMICALS LTD.,28,28.01,27.23,27.23,27.23,28,,27.23,,,1551,43001,9,F1,1,,,,,
10-07-2026,10-07-2026,CM,BSE,STK,524534,INE972C01018,BHASKAGR,X,,,,,BHASKAR AGROCHEMICALS LTD.,125,126.8,114,121.45,120.05,120.6,,121.45,,,1440,172974,45,F1,1,,,,,
10-07-2026,10-07-2026,CM,BSE,STK,524542,INE450E01029,SUKHJITS,B,,,,,SUKHJIT STARCH & CHEMICALS LTD,173.5,175.05,172.35,174.15,173.5,171.35,,173.32,,,65,11337,12,F1,1,,,,,
10-07-2026,10-07-2026,CM,BSE,STK,524548,INE465H01012,SHARMEH,X,,,,,SHARMA EAST INDIA HOSPITALS &,106,106,97,100.44,105.47,107.95,,100.44,,,557,55989,22,F1,1,,,,,
10-07-2026,10-07-2026,CM,BSE,STK,524558,INE794A01010,NEULANDLAB,A,,,,,NEULAND LABORATORIES LTD.,19848.45,19848.45,19366.25,19516.65,19551.75,19519.45,,19507,,,1586,30935812,382,F1,1,,,,,
10-07-2026,10-07-2026,CM,BSE,STK,524564,INE052E01015,GAYATRIBI,X,,,,,GAYATRI BIOORGANICS LTD.,8.2,8.2,7.44,7.44,7.44,7.83,,7.44,,,27836,209704,114,F1,1,,,,,
10-07-2026,10-07-2026,CM,BSE,STK,524570,INE371C01013,PODDARMENT,B,,,,,PODDAR PIGMENTS LTD.,238.15,242.85,234.75,237.5,241.65,230.4,,237.02,,,258,60880,101,F1,1,,,,,
10-07-2026,10-07-2026,CM,BSE,STK,524572,INE117D01018,PHARMAID,X,,,,,PHARMAIDS PHARMACEUTICALS LTD.,36.8,36.8,34.3,35,35,33.79,,35,,,7120,250602,81,F1,1,,,,,
10-07-2026,10-07-2026,CM,BSE,STK,524576,INE737C01023,VIVIDIND,X,,,,,VIVID GLOBAL INDUSTRIES LTD.,20.47,20.47,20.1,20.46,20.47,20.48,,20.46,,,439,8938,9,F1,1,,,,,
10-07-2026,10-07-2026,CM,BSE,STK,524582,INE314D01011,TIRUSTA,X,,,,,TIRUPATI STARCH & CHEMICALS LT,173.8,173.8,152.8,157.65,161.3,158,,157.65,,,1131,184524,35,F1,1,,,,,
10-07-2026,10-07-2026,CM,BSE,STK,524592,INE263B01022,JAYSYNTH,X,,,,,JAYSYNTH ORGOCHEM LIMITED,11.91,12.65,11.91,12.57,12.6,11.9,,12.57,,,24975,309440,90,F1,1,,,,,
10-07-2026,10-07-2026,CM,BSE,STK,524594,INE994D01010,AEONXDIGI,X,,,,,Aeonx Digital Technology Limit,118,122,115.55,121.7,121.7,118,,121.7,,,377,45829,12,F1,1,,,,,
10-07-2026,10-07-2026,CM,BSE,STK,524598,INE542B01011,AKSHARCHEM,T,,,,,AKSHARCHEM (INDIA) LTD.,226,235.45,215.25,235.45,235.45,224.25,,235.02,,,215,47583,6,F1,1,,,,,
10-07-2026,10-07-2026,CM,BSE,STK,524602,INE875N01036,BANDARAM,X,,,,,BANDARAM PHARMA PACKTECH LIMIT,23.39,24.78,22.22,23.32,24.78,22.93,,23.32,,,4874,113612,30,F1,1,,,,,
10-07-2026,10-07-2026,CM,BSE,STK,524606,INE415H01017,BERLDRG,X,,,,,BERYL DRUGS LTD.,22.81,24.95,22.5,24.42,24.38,22.81,,24.42,,,368,8898,9,F1,1,,,,,
10-07-2026,10-07-2026,CM,BSE,STK,524614,INE056E01024,INDXTRA,X,,,,,IEL LIMITED,6.45,6.74,6.45,6.5,6.54,6.57,,6.5,,,22982,150290,99,F1,1,,,,,
10-07-2026,10-07-2026,CM,BSE,STK,524622,INE532B01020,ISTRNETWK,XT,,,,,ISTREET NETWORK LIMITED,50.44,50.9,48.4,49.77,49.89,49.3,,49.77,,,37161,1849946,127,F1,1,,,,,
10-07-2026,10-07-2026,CM,BSE,STK,524624,INE076D01016,GAGAN,XT,,,,,GAGAN GASES LTD.,20.19,20.2,19.35,19.51,19.51,19.35,,19.51,,,2003,39345,36,F1,1,,,,,
10-07-2026,10-07-2026,CM,BSE,STK,524628,INE750B01010,PARKERAC,X,,,,,PARKER AGROCHEM EXPORTS LTD.,14.47,14.5,14.47,14.5,14.5,14.47,,14.5,,,4,57,3,F1,1,,,,,
10-07-2026,10-07-2026,CM,BSE,STK,524632,INE551C01044,SHUKRAPHAR,B,,,,,Shukra Pharmaceuticals Limited,35.35,35.74,33.8,34.45,34.45,34.46,,34.45,,,226394,7888291,1404,F1,1,,,,,
10-07-2026,10-07-2026,CM,BSE,STK,524634,INE058F01019,ALUFLUOR,X,,,,,ALUFLUORIDE LTD.,457.3,463.7,451.15,453.3,453.3,456.2,,453.3,,,6530,2978861,267,F1,1,,,,,
10-07-2026,10-07-2026,CM,BSE,STK,524636,INE102E01018,OXYGENTAPH,X,,,,,OXYGENTA PHARMACEUTICAL LIMITE,47.98,48.74,46.6,48.41,48.25,46.25,,48.41,,,5398,257342,43,F1,1,,,,,
10-07-2026,10-07-2026,CM,BSE,STK,524640,INE078I01011,ARCHITORG,XT,,,,,ARCHIT ORGANOSYS LTD.,55.24,57.5,55.24,56.9,57.5,56.42,,56.9,,,8841,497206,54,F1,1,,,,,
10-07-2026,10-07-2026,CM,BSE,STK,524648,INE760F01028,INDOAMIN,T,,,,,INDO AMINES LTD.,128,129.3,125,126.25,126.15,129.1,,127.29,,,3361,428650,70,F1,1,,,,,
10-07-2026,10-07-2026,CM,BSE,STK,524654,INE936B01015,NATCAPSUQ,B,,,,,NATURAL CAPSULES LTD.,144.45,164,140.75,142,141.35,141,,143.1,,,1802,267944,27,F1,1,,,,,
10-07-2026,10-07-2026,CM,BSE,STK,524661,INE331C01025,WELCURE,X,,,,,WELCURE DRUGS & PHARMACEUTICAL,0.26,0.27,0.25,0.25,0.26,0.26,,0.25,,,4967017,1280630,464,F1,1,,,,,
10-07-2026,10-07-2026,CM,BSE,STK,524663,INE994B01014,BIBCL,B,,,,,BHARAT IMMUNOLOGICALS & BIOLOG,16.95,17.2,16.55,17.02,17.02,16.58,,17.02,,,22139,374318,125,F1,1,,,,,
10-07-2026,10-07-2026,CM,BSE,STK,524667,INE035D01020,SOTL,B,,,,,SAVITA OIL TECHNOLOGIES LTD.,582.05,620,577.5,606.9,606.9,582.05,,607.4,,,44738,27196080,1331,F1,1,,,,,
10-07-2026,10-07-2026,CM,BSE,STK,524669,INE782E01017,HESTERBIO,B,,,,,HESTER BIOSCIENCES LTD.,2102.35,2144.35,2102.35,2109.4,2109.4,2094.2,,2120.9,,,91,192922,26,F1,1,,,,,
10-07-2026,10-07-2026,CM,BSE,STK,524675,INE645C01010,KABSON,XT,,,,,KABSONS INDUSTRIES LTD.,21.49,21.49,20.19,20.71,21.49,21.25,,20.71,,,5313,108341,41,F1,1,,,,,
10-07-2026,10-07-2026,CM,BSE,STK,524687,INE473E01021,BASANTGL,X,,,,,BASANT AGRO TECH (INDIA) LTD.,11.1,11.42,11.1,11.3,11.39,11.17,,11.3,,,22257,251117,99,F1,1,,,,,
10-07-2026,10-07-2026,CM,BSE,STK,524703,INE751D01014,SANDUPHQ,X,,,,,SANDU PHARMACEUTICALS LTD.,41.02,41.47,40.67,41,41,40.57,,41,,,1191,48813,16,F1,1,,,,,
10-07-2026,10-07-2026,CM,BSE,STK,524709,INE295D01020,NACLIND,B,,,,,NACL Industries Limited,228,237.4,222.6,234.65,234.65,226.35,,234.57,,,146703,33847479,2057,F1,1,,,,,
10-07-2026,10-07-2026,CM,BSE,STK,524711,INE427C01021,VISTAPH,X,,,,,VISTA PHARMACEUTICALS LTD.,7.2,7.63,7.2,7.28,7.28,7.23,,7.28,,,904,6554,21,F1,1,,,,,
10-07-2026,10-07-2026,CM,BSE,STK,524715,INE044A01036,SUNPHARMA,A,,,,,SUN PHARMACEUTICAL INDUSTRIES,1948,1953.75,1926.05,1935.25,1935.25,1938.85,,1935.5,,,45628,88381223,4420,F1,1,,,,,
10-07-2026,10-07-2026,CM,BSE,STK,524717,INE150C01029,TITANBIO,XT,,,,,TITAN BIOTECH LTD.,394.75,407,390.75,400.95,402,390.7,,400.95,,,23729,9486111,431,F1,1,,,,,
10-07-2026,10-07-2026,CM,BSE,STK,524723,INE491D01017,BIJHANS,X,,,,,BIJOY HANS LTD.,85.62,85.62,85.62,85.62,85.62,81.55,,85.62,,,275,23545,2,F1,1,,,,,
10-07-2026,10-07-2026,CM,BSE,STK,524727,INE004E01016,SDL,X,,,,,Span Divergent Limited,38.11,38.11,36,36.02,36.02,36.3,,36.02,,,256,9491,15,F1,1,,,,,
10-07-2026,10-07-2026,CM,BSE,STK,524731,INE354A01013,JENBURPH,X,,,,,JENBURKT PHARMACEUTICALS LTD.,1106,1135,1092,1114.65,1114.8,1101.3,,1114.65,,,984,1097978,94,F1,1,,,,,
10-07-2026,10-07-2026,CM,BSE,STK,524735,INE475B01022,HIKAL,B,,,,,HIKAL LTD.,238.05,247.65,232.3,244.75,244.75,233.4,,244.75,,,55644,13489694,789,F1,1,,,,,
10-07-2026,10-07-2026,CM,BSE,STK,524742,INE475E01026,CAPLIPOINT,A,,,,,CAPLIN POINT LABORATORIES LTD.,2627.05,2689,2565.1,2585.4,2603.4,2620.4,,2583.6,,,5832,15293419,949,F1,1,,,,,
10-07-2026,10-07-2026,CM,BSE,STK,524743,INE771F01041,FISCHER,B,,,,,FISCHER MEDICAL VENTURES LIMIT,38.68,38.93,37.4,38.74,38.49,38.1,,38.69,,,95615,3678131,450,F1,1,,,,,
10-07-2026,10-07-2026,CM,BSE,STK,524748,INE302F01011,LINKPH,X,,,,,LINK PHARMA CHEM LTD.,24.51,26.77,24.23,26.77,26.77,25.5,,26.77,,,705,17138,12,F1,1,,,,,
10-07-2026,10-07-2026,CM,BSE,STK,524752,INE643N01012,DECIPHER,X,,,,,DECIPHER LABS LIMITED,6.05,6.25,6.05,6.06,6.06,6.25,,6.06,,,11779,73374,24,F1,1,,,,,
10-07-2026,10-07-2026,CM,BSE,STK,524768,INE634B01016,EMMESSA,X,,,,,EMMESSAR BIOTECH & NUTRITION L,25.38,25.38,24.57,24.67,24.61,24.56,,24.67,,,1242,31128,30,F1,1,,,,,
10-07-2026,10-07-2026,CM,BSE,STK,524774,INE887E01022,NGLFINE,B,,,,,NGL FINE-CHEM LTD.,3223.5,3226.55,3120,3189.2,3201.7,3201.05,,3193.5,,,277,875987,95,F1,1,,,,,
10-07-2026,10-07-2026,CM,BSE,STK,524790,INE334C01029,EVERESTO,X,,,,,EVEREST ORGANICS LTD.,307,314.85,295,312.05,312,306.15,,312.05,,,1439,440920,35,F1,1,,,,,
10-07-2026,10-07-2026,CM,BSE,STK,524804,INE406A01037,AUROPHARMA,A,,,,,AUROBINDO PHARMA LTD.,1580.85,1581,1543.7,1564.65,1567.6,1586.5,,1564.7,,,27881,43499804,2749,F1,1,,,,,
10-07-2026,10-07-2026,CM,BSE,STK,524808,INE037C01010,PHYTO,X,,,,,PHYTO CHEM (INDIA) LTD.,24.45,24.49,24,24.42,24.49,24.49,,24.42,,,1431,34964,12,F1,1,,,,,
10-07-2026,10-07-2026,CM,BSE,STK,524816,INE987B01026,NATCOPHARM,A,,,,,NATCO PHARMA LTD.,967.9,987.95,947.95,983.55,983.55,961.45,,984.1,,,30172,29211038,1950,F1,1,,,,,
10-07-2026,10-07-2026,CM,BSE,STK,524818,INE457C01010,DYNAMIND,X,,,,,DYNAMIC INDUSTRIES LTD.,107.4,107.8,105.7,105.85,105.7,108.5,,105.85,,,712,76357,17,F1,1,,,,,
10-07-2026,10-07-2026,CM,BSE,STK,524820,INE305C01029,PANAMAPET,B,,,,,PANAMA PETROCHEM LTD.,430,432.6,427.1,429.2,428.45,425.85,,428.1,,,3582,1537837,137,F1,1,,,,,
10-07-2026,10-07-2026,CM,BSE,STK,524824,INE083D01012,BALPHARMA,B,,,,,BAL PHARMA LTD.,78.01,81.3,78.01,79.68,79.68,77.81,,79.4,,,161,12933,12,F1,1,,,,,
10-07-2026,10-07-2026,CM,BSE,STK,524828,INE278D01018,BDH,X,,,,,BDH INDUSTRIES LTD.,509.95,520,508,519.95,520,518,,519.95,,,3208,1662832,71,F1,1,,,,,
10-07-2026,10-07-2026,CM,BSE,STK,526001,INE593O01017,JAUSPOL,XT,,,,,JAUSS POLYMERS LTD.,24.38,25.5,23.28,25.48,25.48,24.5,,25.48,,,6663,158857,19,F1,1,,,,,
10-07-2026,10-07-2026,CM,BSE,STK,526025,INE064L01015,GLOBUSCON,X,,,,,GLOBUS CONSTRUCTORS & DEVELOPE,12.75,13.49,12.11,13.29,13.3,12.31,,13.29,,,8767,112994,45,F1,1,,,,,
10-07-2026,10-07-2026,CM,BSE,STK,526027,INE144D01012,CUBEXTUB,B,,,,,CUBEX TUBINGS LTD.,79.9,82.89,79.9,80.92,80.9,81.39,,80.9,,,6660,539232,167,F1,1,,,,,
10-07-2026,10-07-2026,CM,BSE,STK,526043,INE809B01014,POLYCHMP,X,,,,,POLYMECHPLAST MACHINES LTD.,51.49,51.49,50,51.3,51.3,51.49,,51.3,,,813,41233,13,F1,1,,,,,
10-07-2026,10-07-2026,CM,BSE,STK,526071,INE395F01023,STELLANT,XT,,,,,STELLANT SECURITIES (INDIA) LT,604,605,574.1,594.35,599.8,603.45,,594.35,,,7733,4614092,228,F1,1,,,,,
10-07-2026,10-07-2026,CM,BSE,STK,526073,INE020S01012,GALXBRG,XT,,,,,GALAXY BEARINGS LTD.,1010,1010,950.3,983.45,983.45,989.65,,983.45,,,1571,1535299,108,F1,1,,,,,
10-07-2026,10-07-2026,CM,BSE,STK,526075,INE092O01028,VINRKLB,XT,,,,,REKVINA LABORATORIES LTD.,35,35,35,35,35,36,,35,,,1000,35000,1,F1,1,,,,,
10-07-2026,10-07-2026,CM,BSE,STK,526081,INE895E01017,SCAGRO,X,,,,,SC Agrotech Limited,26.45,28.28,25,27.38,27.99,27.37,,27.38,,,103320,2720497,135,F1,1,,,,,
10-07-2026,10-07-2026,CM,BSE,STK,526095,INE427E01027,RALEGRA,XT,,,,,RAVILEELA GRANITES LTD.,53.81,53.81,53.81,53.81,53.81,53.81,,53.81,,,1,53,1,F1,1,,,,,
10-07-2026,10-07-2026,CM,BSE,STK,526113,INE602H01010,UNRYLMA,X,,,,,UNIROYAL MARINE EXPORTS LTD.,15.62,16.35,15.5,15.5,15.5,15.62,,15.5,,,1168,18142,9,F1,1,,,,,
10-07-2026,10-07-2026,CM,BSE,STK,526115,INE327D01013,KARANWO,X,,,,,KARAN WOO-SIN LTD.,8.86,8.89,8.85,8.89,8.89,9.31,,8.89,,,2850,25329,6,F1,1,,,,,
10-07-2026,10-07-2026,CM,BSE,STK,526117,INE011D01013,SHERVANI,X,,,,,SHERVANI INDUSTRIAL SYNDICATE,282,282,270,274.05,274.05,284,,274.05,,,140,38482,20,F1,1,,,,,
10-07-2026,10-07-2026,CM,BSE,STK,526125,INE00HZ01011,BNAGROCHEM,T,,,,,BN AGROCHEM LIMITED,283,284.75,272.3,284.75,284.75,283,,285,,,230,63208,7,F1,1,,,,,
10-07-2026,10-07-2026,CM,BSE,STK,526133,INE881B01054,SUPERTEX,X,,,,,SUPERTEX INDUSTRIES LTD.,5.55,6.2,5.55,5.55,5.55,6.13,,5.55,,,11381,63267,18,F1,1,,,,,
10-07-2026,10-07-2026,CM,BSE,STK,526137,INE278C01010,SHETR,X,,,,,SHETRON LTD.,92.92,93,91.36,91.77,91.52,91.36,,91.77,,,2087,192397,22,F1,1,,,,,
10-07-2026,10-07-2026,CM,BSE,STK,526139,INE773D01018,TRABI,X,,,,,TRANSGENE BIOTEK LTD.,3.15,3.15,3.06,3.08,3.08,3.08,,3.08,,,24297,75508,45,F1,1,,,,,
10-07-2026,10-07-2026,CM,BSE,STK,526143,INE343A01016,MPL,X,,,,,MPL PLASTICS LTD.,6.27,6.27,6.27,6.27,6.27,6.27,,6.27,,,2780,17430,5,F1,1,,,,,
10-07-2026,10-07-2026,CM,BSE,STK,526159,INE926C01022,NIKHILAD,X,,,,,NIKHIL ADHESIVES LTD.,73,73.3,72.16,72.84,72.84,72.03,,72.84,,,2992,218208,65,F1,1,,,,,
10-07-2026,10-07-2026,CM,BSE,STK,526161,INE175C01018,SPENTA,X,,,,,SPENTA INTERNATIONAL LTD.,103.06,103.1,103.05,103.1,103.1,102.8,,103.1,,,30,3091,3,F1,1,,,,,
10-07-2026,10-07-2026,CM,BSE,STK,526169,INE678F01014,MULTIBASE,X,,,,,MULTIBASE INDIA LTD.,179,181.9,174,176.75,177,177.85,,176.75,,,10674,1881723,239,F1,1,,,,,
10-07-2026,10-07-2026,CM,BSE,STK,526173,INE449C01025,ANDREWYU,B,,,,,ANDREW YULE & COMPANY LTD.,24.79,25.44,24.79,25.11,25.11,24.53,,25.11,,,101809,2554197,564,F1,1,,,,,
10-07-2026,10-07-2026,CM,BSE,STK,526179,INE983C01015,LUDLOWJUT,XT,,,,,LUDLOW JUTE & SPECIALITIES LTD,389,389.9,370,370.75,370,375.55,,370.75,,,1253,473050,49,F1,1,,,,,
10-07-2026,10-07-2026,CM,BSE,STK,526187,INE293C01019,ASHRAM,X,,,,,ASHRAM ONLINE.COM LTD.,5.5,5.5,5.5,5.5,5.5,5.5,,5.5,,,1,5,1,F1,1,,,,,
10-07-2026,10-07-2026,CM,BSE,STK,526193,INE618A01011,ROYALCU,X,,,,,ROYAL CUSHION VINYL PRODUCTS L,16.53,17.65,16.08,17.26,17.54,17,,17.26,,,8744,142247,58,F1,1,,,,,
10-07-2026,10-07-2026,CM,BSE,STK,526211,INE170U01011,SURJIND,XT,,,,,SURAJ INDUSTRIES LTD.,55.7,56.85,52.92,53.28,52.94,55.7,,53.28,,,229,12417,35,F1,1,,,,,
10-07-2026,10-07-2026,CM,BSE,STK,526217,INE120D01012,HITECHCORP,T,,,,,Hitech Corporation Limited,334,334,316.65,320.7,318.55,327.6,,321.35,,,3908,1282892,83,F1,1,,,,,
10-07-2026,10-07-2026,CM,BSE,STK,526225,INE253C01013,BLOOM,X,,,,,BLOOM DEKOR LTD.,9.14,9.14,9.14,9.14,9.14,9.14,,9.14,,,10,91,1,F1,1,,,,,
10-07-2026,10-07-2026,CM,BSE,STK,526227,INE816B01035,FILATEX,B,,,,,FILATEX INDIA LTD.,61.4,63.03,60.02,62.12,61.6,60.99,,62.24,,,191465,11783839,1045,F1,1,,,,,
10-07-2026,10-07-2026,CM,BSE,STK,526231,INE307D01015,STDSFAC,X,,,,,STANDARD SURFACTANTS LTD.,52.89,52.89,50.29,52,52,52.94,,52,,,157,8038,8,F1,1,,,,,
10-07-2026,10-07-2026,CM,BSE,STK,526237,INE902C01015,MORGAN,X,,,,,MORGAN VENTURES LTD.,44.06,45.7,44.06,45.49,45.49,44.06,,45.49,,,1061,48234,30,F1,1,,,,,
10-07-2026,10-07-2026,CM,BSE,STK,526241,INE762C01021,AMRAPLIN,XT,,,,,AMRAPALI INDUSTRIES LTD.,35.3,35.32,34.55,35.32,35.32,33.64,,35.32,,,24600,867467,85,F1,1,,,,,
10-07-2026,10-07-2026,CM,BSE,STK,526247,INE863B01029,PREMEXPLN,A,,,,,PREMIER EXPLOSIVES LTD.,721,724.4,684.85,687.15,687.15,714.75,,687.5,,,113006,78888102,3941,F1,1,,,,,
10-07-2026,10-07-2026,CM,BSE,STK,526251,INE033E01015,MIDEASTP,XT,,,,,MID EAST PORTFOLIO MANAGEMENT,40.35,40.46,36.7,36.74,39.9,38.56,,36.74,,,1310,51788,28,F1,1,,,,,
10-07-2026,10-07-2026,CM,BSE,STK,526263,INE835B01035,MOLDTECH,B,,,,,MOLD-TEK TECHNOLOGIES LTD.,127.85,131.2,127.45,127.5,129.05,127.2,,128.11,,,3006,389159,88,F1,1,,,,,
10-07-2026,10-07-2026,CM,BSE,STK,526269,INE293N01016,CRSTCHM,XT,,,,,CRESTCHEM LTD.,128,131.95,121.5,131.15,131.5,127.65,,131.15,,,1582,203569,39,F1,1,,,,,
10-07-2026,10-07-2026,CM,BSE,STK,526299,INE356A01018,MPHASIS,A,,,,,MPHASIS LTD.,2270.95,2366.9,2270.95,2321,2322,2261.5,,2321.8,,,49541,115096872,4300,F1,1,,,,,
10-07-2026,10-07-2026,CM,BSE,STK,526315,INE410G01010,DIVSHKT,X,,,,,DIVYASHAKTI LIMITED,51,51.9,48,48.26,48.94,50.9,,48.26,,,788,39015,33,F1,1,,,,,
10-07-2026,10-07-2026,CM,BSE,STK,526325,INE609C01024,ORIENTLTD,B,,,,,ORIENT PRESS LTD.,71.83,71.83,65.35,69.09,71.25,66.75,,70.94,,,116,8003,11,F1,1,,,,,
10-07-2026,10-07-2026,CM,BSE,STK,526335,INE115F01017,SHREYASI,X,,,,,SHREYAS INTERMEDIATES LTD.,6.03,6.18,5.7,5.76,5.72,6.02,,5.76,,,3402,20063,29,F1,1,,,,,
10-07-2026,10-07-2026,CM,BSE,STK,526345,INE744D01019,PANJON,X,,,,,PANJON LTD.,18.5,19.25,18.28,18.78,18.52,17.91,,18.78,,,4694,87227,82,F1,1,,,,,
10-07-2026,10-07-2026,CM,BSE,STK,526355,INE138B01018,DUROPACK,X,,,,,DUROPACK LTD.,56.27,57.31,56.27,57.31,57.31,56.85,,57.31,,,410,23172,3,F1,1,,,,,
10-07-2026,10-07-2026,CM,BSE,STK,526365,INE967A01012,SWARNSAR,X,,,,,SWARNSARITA JEWELS INDIA LIMIT,32.34,33.05,31,32.24,32.49,32.75,,32.24,,,6390,204736,60,F1,1,,,,,
10-07-2026,10-07-2026,CM,BSE,STK,526367,INE460C01014,GANESHHOU,A,,,,,GANESH HOUSING LIMITED,878.7,878.7,855,865.6,865.6,866.45,,869.5,,,4691,4048774,314,F1,1,,,,,
10-07-2026,10-07-2026,CM,BSE,STK,526371,INE584A01023,NMDC,A,,,,,NMDC LTD.,84.79,86.02,84.7,84.88,84.88,84.38,,84.92,,,385378,32879846,2529,F1,1,,,,,
10-07-2026,10-07-2026,CM,BSE,STK,526381,INE529D01014,PATINTLOG,T,,,,,PATEL INTEGRATED LOGISTICS LTD,15.52,16.1,15.52,15.92,15.97,15.88,,15.84,,,24089,380320,78,F1,1,,,,,
10-07-2026,10-07-2026,CM,BSE,STK,526397,INE137C01018,ALPHAGEO,B,,,,,ALPHAGEO (INDIA) LTD.,195.05,200.95,195.05,195.75,195.8,197,,198.93,,,599,119177,55,F1,1,,,,,
10-07-2026,10-07-2026,CM,BSE,STK,526407,INE299D01022,HAMPTON,X,,,,,HAMPTON SKY REALTY LIMITED,9.1,9.1,8.6,8.95,9,8.75,,8.95,,,21776,193231,115,F1,1,,,,,
10-07-2026,10-07-2026,CM,BSE,STK,526409,INE301C01028,KKALPANAIND,X,,,,,KKALPANA INDUSTRIES (INDIA) LT,6.65,7.09,6.65,6.84,6.72,6.9,,6.84,,,40312,274561,84,F1,1,,,,,
10-07-2026,10-07-2026,CM,BSE,STK,526415,INE870B01024,OKPLA,XT,,,,,OK PLAY INDIA LTD.,4.14,4.14,3.95,3.98,3.96,4.05,,3.98,,,151277,605674,234,F1,1,,,,,
10-07-2026,10-07-2026,CM,BSE,STK,526423,INE479D01038,KRITI,T,,,,,KRITI INDUSTRIES (INDIA) LTD.,70.4,70.94,67.55,69.24,70.94,70.38,,69.24,,,461,31969,20,F1,1,,,,,
10-07-2026,10-07-2026,CM,BSE,STK,526431,INE662D01013,WELTI,XT,,,,,WELTERMAN INTERNATIONAL LTD.,26.02,26.02,23.56,23.56,23.56,24.79,,23.56,,,201,4738,2,F1,1,,,,,
10-07-2026,10-07-2026,CM,BSE,STK,526433,INE867C01010,ASMTEC,B,,,,,ASM TECHNOLOGIES LTD.,4180.75,4270,4155.8,4205.45,4205.45,4119.75,,4205.45,,,22945,96397895,2223,F1,1,,,,,
10-07-2026,10-07-2026,CM,BSE,STK,526435,INE759I01024,PERFEPA,X,,,,,PERFECTPAC LTD.,73.7,73.7,70.51,72.12,71,70.46,,72.12,,,897,64145,13,F1,1,,,,,
10-07-2026,10-07-2026,CM,BSE,STK,526439,INE267C01013,AMBIT,X,,,,,AMBITIOUS PLASTOMAC COMPANY LT,9.29,9.29,9.29,9.29,9.29,9.35,,9.29,,,216,2006,6,F1,1,,,,,
10-07-2026,10-07-2026,CM,BSE,STK,526441,INE515B01025,VISIONCINE,XT,,,,,VISION CINEMAS LTD.,1.19,1.22,1.19,1.22,1.22,1.17,,1.22,,,21213,25805,20,F1,1,,,,,
10-07-2026,10-07-2026,CM,BSE,STK,526443,INE072B01027,AEIM,X,,,,,Artificial Electronics Intelli,94.5,94.8,92.15,93.95,94,92.2,,93.95,,,31419,2943794,362,F1,1,,,,,
10-07-2026,10-07-2026,CM,BSE,STK,526445,INE007C01021,INDRANIB,XT,,,,,INDRAYANI BIOTECH LTD.,8.05,8.06,7.76,7.93,7.95,7.76,,7.93,,,41109,323246,88,F1,1,,,,,
10-07-2026,10-07-2026,CM,BSE,STK,526468,INE940E01011,EUROLED,X,,,,,EURO LEDER FASHION LTD.,16.01,16.49,16.01,16.27,16.4,16.68,,16.27,,,772,12495,18,F1,1,,,,,
10-07-2026,10-07-2026,CM,BSE,STK,526471,INE391C01011,WINSOMBR,X,,,,,WINSOME BREWERIES LTD.,20.87,21.44,20.76,21.24,20.97,20.87,,21.24,,,1540,32269,65,F1,1,,,,,
10-07-2026,10-07-2026,CM,BSE,STK,526473,INE152E01013,ELEFLOR,X,,,,,ELEGANT FLORICULTURE & AGROTEC,4.89,5.1,4.67,4.85,4.86,4.89,,4.85,,,13101,63404,51,F1,1,,,,,
10-07-2026,10-07-2026,CM,BSE,STK,526479,INE765B01018,SKYIND,X,,,,,SKY INDUSTRIES LTD.,90,90.9,88.64,89.73,88.71,89.2,,89.73,,,2698,240792,34,F1,1,,,,,
10-07-2026,10-07-2026,CM,BSE,STK,526481,INE245B01011,PHOENXINTL,X,,,,,PHOENIX INTERNATIONAL LTD.,32,32,29.91,30.4,30.4,29.4,,30.4,,,4550,138182,39,F1,1,,,,,
10-07-2026,10-07-2026,CM,BSE,STK,526488,INE432N01010,BHUDEVI,XT,,,,,BHUDEVI INFRA PROJECTS LIMITED,170.35,178.85,164.2,178.5,178.5,170.35,,178.5,,,24143,4288824,92,F1,1,,,,,
10-07-2026,10-07-2026,CM,BSE,STK,526490,INE206C01029,PRATIK,X,,,,,PRATIK PANELS LTD.,5.8,5.87,5.57,5.85,5.86,5.55,,5.85,,,48875,283046,70,F1,1,,,,,
10-07-2026,10-07-2026,CM,BSE,STK,526492,INE582D01013,RISHIROOP,X,,,,,Rishiroop Limited,92.71,96.88,92.7,93.01,94.65,93.36,,93.01,,,3821,358347,17,F1,1,,,,,
10-07-2026,10-07-2026,CM,BSE,STK,526494,INE818D01011,PROMACT,X,,,,,Promact Plastics Limited,9.5,9.5,9.5,9.5,9.5,9.5,,9.5,,,1251,11884,6,F1,1,,,,,
10-07-2026,10-07-2026,CM,BSE,STK,526506,INE356B01024,SYSTMTXC,T,,,,,SYSTEMATIX CORPORATE SERVICES,65.2,65.2,62.3,65,65,62.1,,64.98,,,638,41356,17,F1,1,,,,,
10-07-2026,10-07-2026,CM,BSE,STK,526508,INE825D01016,SHAHISHIP,X,,,,,Shahi Shipping Limited,12.78,12.99,12.41,12.93,12.57,12.77,,12.93,,,9153,116741,96,F1,1,,,,,
10-07-2026,10-07-2026,CM,BSE,STK,526519,INE840D01015,ALPINEHOU,X,,,,,ALPINE HOUSING DEVELOPMENT COR,102.99,102.99,95.31,101.07,101.5,100.79,,101.07,,,5398,532645,35,F1,1,,,,,
10-07-2026,10-07-2026,CM,BSE,STK,526530,INE670C01026,IIRM,XT,,,,,IIRM HOLDINGS INDIA LIMITED,128.15,134.25,122.6,127,127,128.15,,127,,,13509,1693457,68,F1,1,,,,,
10-07-2026,10-07-2026,CM,BSE,STK,526532,INE716K01020,SFPIL,X,,,,,SQUARE FOUR PROJECTS INDIA LIM,8.77,9.18,7.83,9.07,9.07,8.2,,9.07,,,6927,61284,57,F1,1,,,,,
10-07-2026,10-07-2026,CM,BSE,STK,526544,INE967B01028,SGLRES,XT,,,,,SGL RESOURCES LIMITED,2.75,2.75,2.75,2.75,2.75,2.8,,2.75,,,41336,113674,23,F1,1,,,,,
10-07-2026,10-07-2026,CM,BSE,STK,526546,INE493D01013,CHOKSILA,XT,,,,,CHOKSI LABORATORIES LTD.,121.9,121.9,121.9,121.9,121.9,120.6,,121.9,,,60,7314,2,F1,1,,,,,
10-07-2026,10-07-2026,CM,BSE,STK,526550,INE652F01027,CCHHL,B,,,,,COUNTRY CLUB HOSPITALITY AND H,12.77,12.99,12.76,12.82,12.76,12.96,,12.84,,,3075,39277,69,F1,1,,,,,
10-07-2026,10-07-2026,CM,BSE,STK,526570,INE519N01014,REMAGNET,T,,,,,MIDWEST ENERGY LIMITED,4067.95,4068.65,3980,4000.5,3980,4068.65,,4000.5,,,2411,9661915,92,F1,1,,,,,
10-07-2026,10-07-2026,CM,BSE,STK,526582,INE413G01022,TPLPLASTEH,B,,,,,TPL PLASTECH LTD.,84.16,84.5,81.59,82.15,84.5,82.51,,82.56,,,10143,836415,263,F1,1,,,,,
10-07-2026,10-07-2026,CM,BSE,STK,526588,INE813B01016,PHOTOQUP,X,,,,,PHOTOQUIP INDIA LTD.,13,13,12.99,12.99,12.99,12.58,,12.99,,,1000,12999,7,F1,1,,,,,
10-07-2026,10-07-2026,CM,BSE,STK,526596,INE557B01019,LIBERTSHOE,B,,,,,LIBERTY SHOES LTD.,280,287.5,272.3,272.85,275.2,273.3,,274.05,,,6859,1928668,330,F1,1,,,,,
10-07-2026,10-07-2026,CM,BSE,STK,526604,INE845B01018,LIPPISYS,XT,,,,,LIPPI SYSTEMS LTD.,221.45,221.45,221.45,221.45,221.45,210.95,,221.45,,,8265,1830284,49,F1,1,,,,,
10-07-2026,10-07-2026,CM,BSE,STK,526608,INE822G01016,ELECTHERM,B,,,,,ELECTROTHERM (INDIA) LTD.,1126.6,1127.2,1108.05,1121.15,1121.15,1119.25,,1119.6,,,686,768324,91,F1,1,,,,,
10-07-2026,10-07-2026,CM,BSE,STK,526612,INE233B01017,BLUEDART,A,,,,,BLUE DART EXPRESS LTD.,4840.05,4939,4840.05,4918.65,4924.9,4846.65,,4918.4,,,612,2991522,79,F1,1,,,,,
10-07-2026,10-07-2026,CM,BSE,STK,526614,INE561D01025,EXPOEAPL,X,,,,,EXPO ENGINEERING AND PROJECTS,76.59,79.69,75,75.11,76.93,76.21,,75.11,,,2497,188722,33,F1,1,,,,,
10-07-2026,10-07-2026,CM,BSE,STK,526616,INE233D01013,NATPLAS,X,,,,,NATIONAL PLASTIC INDUSTRIES LT,44.98,44.98,44,44.6,44.83,43.93,,44.6,,,2670,117516,19,F1,1,,,,,
10-07-2026,10-07-2026,CM,BSE,STK,526622,INE244C01020,MFLINDIA,X,,,,,MFL INDIA LTD.,0.4,0.4,0.39,0.39,0.39,0.4,,0.39,,,254139,100208,198,F1,1,,,,,
10-07-2026,10-07-2026,CM,BSE,STK,526628,INE863E01015,AJWAFUN,P,,,,,AJWA FUN WORLD & RESORT LTD.,45,45,45,45,45,45,,45,,,100,4500,1,F1,100,,,,,
10-07-2026,10-07-2026,CM,BSE,STK,526638,INE594V01028,TEXELIN,X,,,,,TEXEL INDUSTRIES LTD.,74.97,75,71.05,72.19,72.19,73.49,,72.19,,,7607,557536,117,F1,1,,,,,
10-07-2026,10-07-2026,CM,BSE,STK,526640,INE008C01011,RAYALEMA,X,,,,,ROYALE MANOR HOTELS & INDUSTRI,29.5,29.95,28.1,29.12,29,28.77,,29.12,,,3747,106057,30,F1,1,,,,,
10-07-2026,10-07-2026,CM,BSE,STK,526642,INE771A01026,MIRZAINT,B,,,,,MIRZA INTERNATIONAL LTD.,40.49,41.43,39.32,39.79,39.68,38.91,,39.85,,,106542,4280094,637,F1,1,,,,,
10-07-2026,10-07-2026,CM,BSE,STK,526650,INE305A01023,TFCILTD,B,,,,,TOURISM FINANCE CORPORATION OF,75.17,76.09,74.5,75.11,75.3,75.15,,75.15,,,135774,10189452,583,F1,1,,,,,
10-07-2026,10-07-2026,CM,BSE,STK,526654,INE403F01017,THAKDEV,B,,,,,THAKKERS DEVELOPERS LTD.,143.2,143.2,143.2,143.2,143.2,137.25,,140.67,,,50,7160,1,F1,1,,,,,
10-07-2026,10-07-2026,CM,BSE,STK,526662,INE610C01014,ARENTERP,B,,,,,RAJDARSHAN INDUSTRIES LTD.,40.76,40.76,34,34,34,34,,36.74,,,2,74,2,F1,1,,,,,
10-07-2026,10-07-2026,CM,BSE,STK,526666,INE828A01016,BIL,B,,,,,BHARTIYA INTERNATIONAL LTD.,760.35,860,723.1,723.1,723.1,726.05,,729.85,,,639,493050,148,F1,1,,,,,
10-07-2026,10-07-2026,CM,BSE,STK,526668,INE967C01018,KAMATHOTEL,B,,,,,KAMAT HOTELS (INDIA) LTD.,187.6,189,186,188.1,188.95,184.25,,188.97,,,1208,227219,56,F1,1,,,,,
10-07-2026,10-07-2026,CM,BSE,STK,526675,INE008N01018,TIRTPLS,X,,,,,TIRTH PLASTIC LTD.,26.98,28.14,26.98,27.99,27.99,27.06,,27.99,,,2752,75570,38,F1,1,,,,,
10-07-2026,10-07-2026,CM,BSE,STK,526677,INE055C01020,KEEPLEARN,B,,,,,DSJ KEEP LEARNING LIMITED,1.86,1.9,1.75,1.89,1.89,1.88,,1.87,,,5425,9783,32,F1,1,,,,,
10-07-2026,10-07-2026,CM,BSE,STK,526703,INE423D01010,ECOPLAST,X,,,,,ECOPLAST LTD.,475,475,464.1,475,475,463.35,,475,,,165,77892,15,F1,1,,,,,
10-07-2026,10-07-2026,CM,BSE,STK,526705,INE095B01010,ELEMARB,X,,,,,ELEGANT MARBLES & GRANI INDUST,185.5,185.5,175,177,177,182.2,,177,,,566,100289,39,F1,1,,,,,
10-07-2026,10-07-2026,CM,BSE,STK,526709,INE839A01021,BITS,X,,,,,BITS LTD.,7.8,8,7.72,7.88,7.9,7.8,,7.88,,,28926,227388,215,F1,1,,,,,
10-07-2026,10-07-2026,CM,BSE,STK,526711,INE627D01016,ADARSHPL,X,,,,,ADARSH PLANT PROTECT LTD.,30.3,31.5,28.5,31.12,31,30,,31.12,,,4774,147967,20,F1,1,,,,,
10-07-2026,10-07-2026,CM,BSE,STK,526717,INE136C01044,HPBL,XT,,,,,HCP PLASTENE BULKPACK LIMITED,197.45,197.45,183.2,185.3,184.1,190.5,,185.3,,,71610,13246896,92,F1,1,,,,,
10-07-2026,10-07-2026,CM,BSE,STK,526721,INE653C01022,NICCOPAR,X,,,,,NICCO PARKS & RESORTS LTD.,80.01,81.94,80,81,81,80,,81,,,787,63694,22,F1,1,,,,,
10-07-2026,10-07-2026,CM,BSE,STK,526723,INE920C01017,NTCIND,X,,,,,NTC INDUSTRIES LTD.,147.5,150,147,148.3,147,147.5,,148.3,,,853,126670,30,F1,1,,,,,
10-07-2026,10-07-2026,CM,BSE,STK,526725,INE583B01015,SANDESH,B,,,,,SANDESH LTD.,998,998,998,998,998,991.85,,981.4,,,5,4990,1,F1,1,,,,,
10-07-2026,10-07-2026,CM,BSE,STK,526727,INE797D01017,GARNET,X,,,,,GARNET CONSTRUCTION LTD.,68.6,72,68.6,69.4,69.4,68.82,,69.4,,,2483,174302,51,F1,1,,,,,
10-07-2026,10-07-2026,CM,BSE,STK,526729,INE025B01025,GOLDIAM,A,,,,,GOLDIAM INTERNATIONAL LTD.,324.85,378.9,317.35,378.7,378.7,421,,378.05,,,685367,252138983,5688,F1,1,,,,,
10-07-2026,10-07-2026,CM,BSE,STK,526731,INE630D01010,BRIGHTBR,X,,,,,BRIGHT BROTHERS LTD.,236.45,239.95,231.15,236.85,238.5,234.05,,236.85,,,954,225115,64,F1,1,,,,,
10-07-2026,10-07-2026,CM,BSE,STK,526739,INE869A01010,SHAWGELTIN,X,,,,,NARMADA GELATINES LTD.,499.5,518.95,498,515.05,515,490.4,,515.05,,,14125,7219080,320,F1,1,,,,,
10-07-2026,10-07-2026,CM,BSE,STK,526747,INE078D01012,PGFOILQ,X,,,,,PG FOILS LTD.,193.15,193.5,187,192.45,192.95,191.6,,192.45,,,8913,1712126,120,F1,1,,,,,
10-07-2026,10-07-2026,CM,BSE,STK,526751,INE915E01013,GRATEXI,X,,,,,GRATEX INDUSTRIES LTD.,26.09,26.09,26.09,26.09,26.09,26.09,,26.09,,,5,130,1,F1,1,,,,,
10-07-2026,10-07-2026,CM,BSE,STK,526755,INE548D01014,VELHO,X,,,,,VELAN HOTELS LTD.,6.35,6.35,5.85,5.9,5.85,6.08,,5.9,,,16762,98947,26,F1,1,,,,,
10-07-2026,10-07-2026,CM,BSE,STK,526761,INE931B01016,HOWARHO,X,,,,,HOWARD HOTELS LTD.,21.3,22.96,21.3,21.77,21.77,22.98,,21.77,,,9,196,4,F1,1,,,,,
10-07-2026,10-07-2026,CM,BSE,STK,526775,INE760B01019,VALIANT,X,,,,,VALIANT COMMUNICATIONS LTD.,1099,1110,1070.85,1084.1,1080,1070.85,,1084.1,,,7563,8303539,457,F1,1,,,,,
10-07-2026,10-07-2026,CM,BSE,STK,526783,INE934C01018,DRAGARWQ,B,,,,,DR.AGARWALS EYE HOSPITAL LTD.,5079.95,5079.95,4894.95,4904.8,4895.95,4981.2,,4903,,,205,1012132,74,F1,1,,,,,
10-07-2026,10-07-2026,CM,BSE,STK,526795,INE007G01014,MHSGRMS,ZP,,,,,MAHASAGAR TRAVELS LTD.,4.88,4.88,4.85,4.85,4.85,4.65,,4.85,,,4500,21831,5,F1,100,,,,,
10-07-2026,10-07-2026,CM,BSE,STK,526797,INE461C01038,GREENPLY,B,,,,,GREENPLY INDUSTRIES LTD.,315.95,319.2,314.2,316.75,315,311.2,,316.75,,,6527,2067005,233,F1,1,,,,,
10-07-2026,10-07-2026,CM,BSE,STK,526807,INE497B01018,SEAMECLTD,B,,,,,SEAMEC LTD.,1420.2,1454.65,1412.05,1425.25,1429.55,1449.15,,1424.9,,,876,1258774,169,F1,1,,,,,
10-07-2026,10-07-2026,CM,BSE,STK,526813,INE753B01014,RAGHUNAT,X,,,,,RAGHUNATH INTERNATIONAL LTD.,11.19,11.19,10.18,11,11,10.18,,11,,,325,3497,11,F1,1,,,,,
10-07-2026,10-07-2026,CM,BSE,STK,526817,INE974B01016,CHEVIOT,B,,,,,CHEVIOT CO.LTD.,1133.8,1136.55,1112,1132,1132,1128.9,,1132.7,,,305,343297,42,F1,1,,,,,
10-07-2026,10-07-2026,CM,BSE,STK,526821,INE928C01010,DAICHI,T,,,,,DAI-ICHI KARKARIA LTD.,316,326.45,314,326.45,326.45,315.3,,321.45,,,253,81465,8,F1,1,,,,,
10-07-2026,10-07-2026,CM,BSE,STK,526823,INE016C01014,RAJINFRA,Z,,,,,RAJESWARI INFRASTRUCTURE LIMIT,4.63,4.63,4.2,4.58,4.58,4.42,,4.58,,,1697,7303,10,F1,1,,,,,
10-07-2026,10-07-2026,CM,BSE,STK,526827,INE882D01017,SPICEISLIN,XT,,,,,SPICE ISLANDS INDUSTRIES LIMIT,509,509,485,498.2,497.45,502.8,,498.2,,,10608,5290224,283,F1,1,,,,,
10-07-2026,10-07-2026,CM,BSE,STK,526829,INE552D01024,CONFIPET,B,,,,,CONFIDENCE PETROLEUM INDIA LTD,70.2,77.05,70.2,76.38,76.39,72.32,,76.45,,,209105,15690010,1282,F1,1,,,,,
10-07-2026,10-07-2026,CM,BSE,STK,526839,INE413C01013,SIPL,X,,,,,SHELTER INFRA PROJECTS LTD.,16.01,16.01,16.01,16.01,16.01,16,,16.01,,,112,1793,8,F1,1,,,,,
10-07-2026,10-07-2026,CM,BSE,STK,526841,INE794C01016,SHAKTIPR,XT,,,,,SHAKTI PRESS LTD.,15.78,17.44,15.78,17.44,17.44,16.61,,17.44,,,1445369,24185157,3948,F1,1,,,,,
10-07-2026,10-07-2026,CM,BSE,STK,526847,INE338C01012,ASHSI,X,,,,,ASHIRWAD STEELS & INDUSTRIES L,21.3,21.8,21,21.51,21.51,21.29,,21.51,,,417,8906,15,F1,1,,,,,
10-07-2026,10-07-2026,CM,BSE,STK,526849,INE655B01011,BANARBEADS,B,,,,,BANARAS BEADS LTD.,110.65,118.95,110,115.05,114.45,114.05,,115.42,,,5618,645843,89,F1,1,,,,,
10-07-2026,10-07-2026,CM,BSE,STK,526853,INE986A01012,BI,B,,,,,BILCARE LTD.,63.99,66.89,62.55,63.16,62.55,64.52,,63.09,,,2232,143333,53,F1,1,,,,,
10-07-2026,10-07-2026,CM,BSE,STK,526859,INE973B01026,ISFL,X,,,,,ISF LIMITED,0.65,0.66,0.65,0.66,0.66,0.66,,0.66,,,136661,88857,36,F1,1,,,,,
10-07-2026,10-07-2026,CM,BSE,STK,526861,INE988D01012,RISHILASE,X,,,,,RISHI LASER LTD.,130.65,131.65,125.15,131.6,131.6,130,,131.6,,,8342,1078408,40,F1,1,,,,,
10-07-2026,10-07-2026,CM,BSE,STK,526865,INE966C01010,JAINCO,X,,,,,JAINCO PROJECTS (INDIA) LTD.,4.5,4.5,4.5,4.5,4.5,4.5,,4.5,,,502,2259,5,F1,1,,,,,
10-07-2026,10-07-2026,CM,BSE,STK,526871,INE017E01018,INTECCAP,XT,,,,,INTEC CAPITAL LTD.,15.45,15.93,15.45,15.47,15.93,15.52,,15.47,,,75,1159,3,F1,1,,,,,
10-07-2026,10-07-2026,CM,BSE,STK,526873,INE184D01026,RAJSEC,X,,,,,RAJASTHAN SECURITIES LIMITED,57.63,57.73,57.53,57.68,57.73,58.72,,57.68,,,1313850,75703981,118,F1,1,,,,,
10-07-2026,10-07-2026,CM,BSE,STK,526881,INE111B01023,63MOONS,A,,,,,63 Moons Technologies Limited,677.35,684.65,661.6,677.8,678.5,671.1,,678.6,,,11567,7800033,510,F1,1,,,,,
10-07-2026,10-07-2026,CM,BSE,STK,526883,INE641B01011,SHIKHAR,X,,,,,SHIKHAR CONSULTANTS LTD.,11.48,11.48,10.4,11.32,11.32,10.94,,11.32,,,548,5703,12,F1,1,,,,,
10-07-2026,10-07-2026,CM,BSE,STK,526885,INE453D01025,SARLAPOLY,B,,,,,SARLA PERFORMANCE FIBERS LTD.,103.58,103.68,101.54,103,103,102.2,,102.74,,,1496,153309,49,F1,1,,,,,
10-07-2026,10-07-2026,CM,BSE,STK,526887,INE147D01015,INDOCRED,XT,,,,,INDO CREDIT CAPITAL LTD.,9.43,9.43,9.43,9.43,9.43,8.99,,9.43,,,1745,16455,26,F1,1,,,,,
10-07-2026,10-07-2026,CM,BSE,STK,526899,INE552B01010,HFIL,X,,,,,HIMALAYA FOOD INTERNATIONAL LI,8.84,9.19,8.84,9,9.02,8.84,,9,,,22026,198751,87,F1,1,,,,,
10-07-2026,10-07-2026,CM,BSE,STK,526901,INE344I01017,SONALAD,X,,,,,SONAL ADHESIVES LTD.,46.53,48,46.53,48,48,47,,48,,,190,9014,6,F1,1,,,,,
10-07-2026,10-07-2026,CM,BSE,STK,526905,INE743D01011,PADMAIND,XT,,,,,Padmanabh Industries Ltd,8.84,8.84,8.83,8.83,8.83,8.88,,8.83,,,8,70,2,F1,1,,,,,
10-07-2026,10-07-2026,CM,BSE,STK,526921,INE253B01015,21STCENMGM,B,,,,,TWENTYFIRST CENTURY MANAGEMENT,30.9,32,30.9,32,32,31.42,,31.89,,,1336,42743,17,F1,1,,,,,
10-07-2026,10-07-2026,CM,BSE,STK,526931,INE400G01011,HRYNSHP,X,,,,,HARIYANA SHIP BREAKERS LTD.,110,113.8,109,112.35,111.65,106.25,,112.35,,,3633,409004,104,F1,1,,,,,
10-07-2026,10-07-2026,CM,BSE,STK,526935,INE377D01018,KALIND,XT,,,,,Kalind Limited,87.96,87.99,85,86.93,86.93,86.76,,86.93,,,328692,28435554,783,F1,1,,,,,
10-07-2026,10-07-2026,CM,BSE,STK,526941,INE116E01018,VAICC,P,,,,,VAISHNO CEMENT CO.LTD.,5.13,5.13,4.65,4.65,4.65,4.89,,4.65,,,57100,272585,23,F1,100,,,,,
10-07-2026,10-07-2026,CM,BSE,STK,526945,INE945B01016,TYROON,X,,,,,TYROON TEA CO.LTD.,95,95,86,90.29,90.29,90.39,,90.29,,,5,451,5,F1,1,,,,,
10-07-2026,10-07-2026,CM,BSE,STK,526947,INE059D01020,LAOPALA,B,,,,,LA OPALA RG LTD.,176.65,180.35,176.65,178.65,180.15,177.3,,179.47,,,4076,729266,140,F1,1,,,,,
10-07-2026,10-07-2026,CM,BSE,STK,526951,INE239C01020,STYLAMIND,B,,,,,STYLAM INDUSTRIES LIMITED,3188.35,3310,3183.85,3285.95,3297.6,3143.05,,3284.8,,,1815,5921379,348,F1,1,,,,,
10-07-2026,10-07-2026,CM,BSE,STK,526953,INE411B01019,VENUSREM,T,,,,,VENUS REMEDIES LTD.,1720,1778.2,1705,1735.1,1717,1704.1,,1720.1,,,1911,3336083,157,F1,1,,,,,
10-07-2026,10-07-2026,CM,BSE,STK,526961,INE404B01022,LASTMILE,XT,,,,,LAST MILE ENTERPRISES LIMITED,8.21,8.38,7.75,7.87,7.77,8.05,,7.87,,,67403,534968,159,F1,1,,,,,
10-07-2026,10-07-2026,CM,BSE,STK,526965,INE372D01019,GUJCRAFT,X,,,,,GUJARAT CRAFT INDUSTRIES LTD.,98,98,95.5,95.97,96,97.68,,95.97,,,2485,239702,42,F1,1,,,,,
10-07-2026,10-07-2026,CM,BSE,STK,526967,INE025D01013,HEERAISP,X,,,,,HEERA ISPAT LTD.,6.51,6.51,5.91,5.91,5.91,6.2,,5.91,,,205,1331,2,F1,1,,,,,
10-07-2026,10-07-2026,CM,BSE,STK,526971,INE313G01016,DHOOTIN,X,,,,,DHOOT INDUSTRIAL FINANCE LTD.,239.4,239.4,226.1,227.6,234.9,226.25,,227.6,,,720,165029,24,F1,1,,,,,
10-07-2026,10-07-2026,CM,BSE,STK,526981,INE402H01015,SHBAJRG,B,,,,,SHRI BAJRANG ALLIANCE LIMITED,196,196,173.15,183.5,184.9,196.95,,184.34,,,6024,1107101,510,F1,1,,,,,
10-07-2026,10-07-2026,CM,BSE,STK,526987,INE550C01020,URJA,B,,,,,URJA GLOBAL LTD.,9.48,9.61,9.46,9.55,9.59,9.46,,9.56,,,109585,1044734,581,F1,1,,,,,
10-07-2026,10-07-2026,CM,BSE,STK,527001,INE348A01023,ASHAPURMIN,A,,,,,ASHAPURA MINECHEM LTD.,647.6,656.55,643.5,646.7,647.85,636.95,,646.4,,,10824,7021961,282,F1,1,,,,,
10-07-2026,10-07-2026,CM,BSE,STK,527005,INE847D01010,SHREEPAC,X,,,,,SHREE PACETRONIX LTD.,143,155,141,152.05,152,139.25,,152.05,,,7265,1082609,257,F1,1,,,,,
10-07-2026,10-07-2026,CM,BSE,STK,530001,INE186A01019,GUJALKALI,B,,,,,GUJARAT ALKALIES & CHEMICALS L,591,598,587,589.7,590,590.3,,588.55,,,1426,848060,100,F1,1,,,,,
10-07-2026,10-07-2026,CM,BSE,STK,530005,INE383A01012,INDIACEM,A,,,,,INDIA CEMENTS LTD.,374.9,382.75,374.9,380.35,379,372.2,,380.5,,,13986,5320382,705,F1,1,,,,,
10-07-2026,10-07-2026,CM,BSE,STK,530007,INE573A01042,JKTYRE,A,,,,,JK TYRE & INDUSTRIES LTD.,410.5,415.25,407,410.35,409.25,404.3,,410.3,,,66389,27388202,1372,F1,1,,,,,
10-07-2026,10-07-2026,CM,BSE,STK,530017,INE173A01025,SIL,B,,,,,STANDARD INDUSTRIES LTD.,16.45,16.77,16.2,16.38,16.57,16.01,,16.45,,,2771,45538,17,F1,1,,,,,
10-07-2026,10-07-2026,CM,BSE,STK,530019,INE700A01033,JUBLPHARMA,A,,,,,JUBILANT PHARMOVA LIMITED,980.15,985.5,954.95,960.9,967.85,968.3,,963.25,,,28886,27901294,737,F1,1,,,,,
10-07-2026,10-07-2026,CM,BSE,STK,530023,INE924D01017,THEINVEST,B,,,,,THE INVESTMENT TRUST OF INDIA,99.15,101.9,98.18,101.9,101.9,104.78,,99.26,,,19,1884,4,F1,1,,,,,
10-07-2026,10-07-2026,CM,BSE,STK,530025,INE607G01011,SAMYAKINT,X,,,,,SAMYAK INTERNATIONAL LTD.,15.86,15.98,14.95,15.14,15.84,15.48,,15.14,,,23820,360449,48,F1,1,,,,,
10-07-2026,10-07-2026,CM,BSE,STK,530027,INE563D01013,AADIIND,X,,,,,AADI INDUSTRIES LTD.,8.9,8.9,8.75,8.75,8.75,8.9,,8.75,,,2674,23644,18,F1,1,,,,,
10-07-2026,10-07-2026,CM,BSE,STK,530037,INE618F01010,SPARKLEGR,X,,,,,SPARKLE GOLD ROCK LIMITED,68,68,62.53,64.88,63,66.2,,64.88,,,1107,72529,32,F1,1,,,,,
10-07-2026,10-07-2026,CM,BSE,STK,530043,INE326C01017,ACKNIT,X,,,,,ACKNIT INDUSTRIES LTD.,295,314,295,306.55,300,292.2,,306.55,,,1296,390122,21,F1,1,,,,,
10-07-2026,10-07-2026,CM,BSE,STK,530045,INE090D01017,TITANSEC,X,,,,,TITAN SECURITIES LTD.,41.2,43.59,41.2,42.79,42.55,42.01,,42.79,,,15378,656615,64,F1,1,,,,,
10-07-2026,10-07-2026,CM,BSE,STK,530053,INE055E01034,REALECO,X,,,,,REAL ECO-ENERGY LIMITED,4.23,4.27,4.1,4.13,4.1,4.15,,4.13,,,11959,49364,92,F1,1,,,,,
10-07-2026,10-07-2026,CM,BSE,STK,530057,INE984E01035,VIVANZA,X,,,,,Vivanza Biosciences Limited,1.8,1.8,1.78,1.79,1.79,1.9,,1.79,,,35947,64187,40,F1,1,,,,,
10-07-2026,10-07-2026,CM,BSE,STK,530063,INE095C01018,YASHRAJC,XT,,,,,YASHRAJ CONTAINEURS LTD.,4.3,4.49,4.28,4.4,4.4,4.28,,4.4,,,869,3739,10,F1,1,,,,,
10-07-2026,10-07-2026,CM,BSE,STK,530067,INE718F01018,CSLFINANCE,B,,,,,CSL Finance Limited,227.75,227.75,223.9,224.1,224,227.85,,224.44,,,1502,337749,62,F1,1,,,,,
10-07-2026,10-07-2026,CM,BSE,STK,530073,INE989A01032,SANGHVIMOV,B,,,,,SANGHVI MOVERS LTD.,472.85,472.85,453,459.05,458,464.15,,459.25,,,26218,12046740,443,F1,1,,,,,
10-07-2026,10-07-2026,CM,BSE,STK,530075,INE818A01017,ANTELOPUS,B,,,,,Antelopus Selan Energy Limited,795,824.25,790.75,817.25,817,795.2,,817.3,,,5918,4780737,396,F1,1,,,,,
10-07-2026,10-07-2026,CM,BSE,STK,530077,INE795D01011,PURETROP,X,,,,,PURETROP FRUITS LIMITED,154.7,154.75,152.5,152.5,152.5,154.7,,152.5,,,585,89450,8,F1,1,,,,,
10-07-2026,10-07-2026,CM,BSE,STK,530079,INE963C01033,FAZE3Q,B,,,,,FAZE THREE LTD.,579.3,597.5,572.4,588.7,585,580.75,,589.1,,,1354,792624,86,F1,1,,,,,
10-07-2026,10-07-2026,CM,BSE,STK,530109,INE069B01023,ANUPAM,X,,,,,ANUPAM FINSERV LIMITED,1.8,1.87,1.8,1.85,1.86,1.87,,1.85,,,252194,462453,251,F1,1,,,,,
10-07-2026,10-07-2026,CM,BSE,STK,530117,INE959A01019,PRIVISCL,A,,,,,PRIVI SPECIALITY CHEMICALS LIM,3634.85,3671,3571.9,3662.6,3667.15,3620.1,,3662.8,,,1221,4439269,320,F1,1,,,,,
10-07-2026,10-07-2026,CM,BSE,STK,530125,INE103E01016,SAMRATPH,XT,,,,,SAMRAT PHARMACHEM LTD.,245,259.8,245,254,254,254.15,,254,,,1256,314163,35,F1,1,,,,,
10-07-2026,10-07-2026,CM,BSE,STK,530127,INE446D01011,NPRFIN,X,,,,,NPR FINANCE LTD.,20.75,20.75,20.75,20.75,20.75,20.74,,20.75,,,5,103,1,F1,1,,,,,
10-07-2026,10-07-2026,CM,BSE,STK,530129,INE445D01013,NILE,B,,,,,NILE LTD.,1769.6,2010,1769.6,1926.95,1945,1750,,1918.5,,,5269,10152498,710,F1,1,,,,,
10-07-2026,10-07-2026,CM,BSE,STK,530133,INE924B01011,AMCOIND,X,,,,,AMCO INDIA LTD.,63,63,63,63,63,62,,63,,,3,189,2,F1,1,,,,,
10-07-2026,10-07-2026,CM,BSE,STK,530135,INE350C01017,OPTIEMUS,B,,,,,OPTIEMUS INFRACOM LTD,565.7,565.7,536.1,540.9,541.5,563.6,,541.05,,,19097,10433831,608,F1,1,,,,,
10-07-2026,10-07-2026,CM,BSE,STK,530139,INE302C01018,KREONFIN,XT,,,,,KREON FINNANCIAL SERVICES LTD.,77.5,80,74.25,76.26,76,76.42,,76.26,,,2817,217159,30,F1,1,,,,,
10-07-2026,10-07-2026,CM,BSE,STK,530141,INE487G01018,GYANDEV,XT,,,,,GYAN DEVELOPERS & BUILDERS LTD,49,49,48.02,48.02,48.02,47.28,,48.02,,,1164,55896,2,F1,1,,,,,
10-07-2026,10-07-2026,CM,BSE,STK,530145,INE017C01012,KISAN,XT,,,,,KISAN MOULDINGS LTD.,24.1,25.5,24,25.34,25.34,25.16,,25.34,,,168450,4188376,358,F1,1,,,,,
10-07-2026,10-07-2026,CM,BSE,STK,530163,INE817B01025,KERALAYUR,X,,,,,KERALA AYURVEDA LTD.,167.8,169.4,163.05,165.75,165.75,163.15,,165.75,,,5406,901211,107,F1,1,,,,,
10-07-2026,10-07-2026,CM,BSE,STK,530167,INE153K01018,MONGIPA,X,,,,,MOONGIPA CAPITAL FINANCE LTD.,16,16,15.6,15.6,15.6,16.21,,15.6,,,36355,580762,30,F1,1,,,,,
10-07-2026,10-07-2026,CM,BSE,STK,530169,INE388C01017,MOHITPPR,X,,,,,MOHIT PAPER MILLS LTD.,26.5,27.25,26.02,26.32,26.1,26.57,,26.32,,,319,8387,13,F1,1,,,,,
10-07-2026,10-07-2026,CM,BSE,STK,530171,INE108C01019,DAULAT,X,,,,,DAULAT SECURITIES LTD.,28,29.99,26.1,29,29,29,,29,,,80,2233,13,F1,1,,,,,
10-07-2026,10-07-2026,CM,BSE,STK,530175,INE213B01019,ODYSSEY,X,,,,,ODYSSEY TECHNOLOGIES LTD.,40.7,43.89,40.5,42.15,42.15,39.63,,42.15,,,18686,782912,127,F1,1,,,,,
10-07-2026,10-07-2026,CM,BSE,STK,530179,INE015F01019,RSCINT,XT,,,,,RSC INTERNATIONAL LTD.,38.88,38.88,35.18,37.82,38.88,37.03,,37.82,,,29454,1140915,55,F1,1,,,,,
10-07-2026,10-07-2026,CM,BSE,STK,530185,INE936A01025,SURATRAML,X,,,,,Surat Trade and Mercantile Lim,4.46,4.54,4.4,4.47,4.45,4.46,,4.47,,,48931,217573,154,F1,1,,,,,
10-07-2026,10-07-2026,CM,BSE,STK,530187,INE354E01031,ATHARVENT,X,,,,,ATHARV ENTERPRISES LTD.,3.8,3.8,3.51,3.53,3.53,3.89,,3.53,,,3650,13128,17,F1,1,,,,,
10-07-2026,10-07-2026,CM,BSE,STK,530197,INE365H01014,FUNDVISER,XT,,,,,FUNDVISER CAPITAL (INDIA) LIMI,395,395,395,395,395,399,,395,,,859,339305,8,F1,1,,,,,
10-07-2026,10-07-2026,CM,BSE,STK,530199,INE083B01024,THEMISMED,B,,,,,THEMIS MEDICARE LTD.,117,120.65,115.95,117,117.8,116.65,,116.98,,,18190,2127459,123,F1,1,,,,,
10-07-2026,10-07-2026,CM,BSE,STK,530201,INE629F01025,KALLAM,XT,,,,,KALLAM TEXTILES LTD,2.45,2.62,2.45,2.5,2.53,2.56,,2.5,,,42508,106830,60,F1,1,,,,,
10-07-2026,10-07-2026,CM,BSE,STK,530207,INE899B01015,BRAWN,X,,,,,BRAWN BIOTECH LTD.,22,22,21.02,21.02,21.02,22,,21.02,,,1652,34872,6,F1,1,,,,,
10-07-2026,10-07-2026,CM,BSE,STK,530213,INE501D01013,FORINTL,X,,,,,FORTUNE INTERNATIONAL LTD.,88.94,88.94,77,77,77,78,,77,,,1612,124237,12,F1,1,,,,,
10-07-2026,10-07-2026,CM,BSE,STK,530215,INE050N01010,KINGSINFR,X,,,,,KINGS INFRA VENTURES LIMITED,122.95,123.45,120.1,121.3,121.85,120.55,,121.3,,,8344,1011987,148,F1,1,,,,,
10-07-2026,10-07-2026,CM,BSE,STK,530217,INE295B01016,SWOJAS,XT,,,,,SWOJAS FOODS LIMITED,9.14,9.35,8.9,9.23,9.24,9.07,,9.23,,,19582,178891,30,F1,1,,,,,
10-07-2026,10-07-2026,CM,BSE,STK,530233,INE292C01011,AUROLAB,X,,,,,AURO LABORATORIES LTD.,254.7,254.7,246.4,248.8,251.5,250.65,,248.8,,,479,119388,31,F1,1,,,,,
10-07-2026,10-07-2026,CM,BSE,STK,530235,INE533C01018,KJMCFIN,X,,,,,KJMC FINANCIAL SERVICES LTD.,58.7,58.7,53.44,54.15,54.15,51.1,,54.15,,,233,12837,13,F1,1,,,,,
10-07-2026,10-07-2026,CM,BSE,STK,530239,INE495B01038,SUVEN,B,,,,,SUVEN LIFE SCIENCES LTD.,348.5,370.7,339.8,358.2,360,346.2,,357.85,,,206780,73468312,3335,F1,1,,,,,
10-07-2026,10-07-2026,CM,BSE,STK,530245,INE032E01017,ARYAMAN,X,,,,,ARYAMAN FINANCIAL SERVICES LTD,590,590,581,588.9,589.5,596.5,,588.9,,,302,176894,19,F1,1,,,,,
10-07-2026,10-07-2026,CM,BSE,STK,530249,INE958C01025,BRIDGESE,X,,,,,BRIDGE SECURITIES LTD.,17.89,18,17.77,17.92,17.94,17.78,,17.92,,,185348,3320119,300,F1,1,,,,,
10-07-2026,10-07-2026,CM,BSE,STK,530251,INE001O01029,RISAINTL,X,,,,,RISA INTERNATIONAL LTD.,0.46,0.46,0.46,0.46,0.46,0.46,,0.46,,,20993,9656,35,F1,1,,,,,
10-07-2026,10-07-2026,CM,BSE,STK,530253,INE497E01020,RAJTUBE,XT,,,,,RAJASTHAN TUBE MANUFACTURING C,12.2,12.29,11.5,12.04,12.04,11.96,,12.04,,,8494,100631,71,F1,1,,,,,
10-07-2026,10-07-2026,CM,BSE,STK,530255,INE961B01013,KAYPOWR,X,,,,,KAY POWER AND PAPER LTD.,8.84,8.84,8.36,8.4,8.74,8.52,,8.4,,,14481,123052,31,F1,1,,,,,
10-07-2026,10-07-2026,CM,BSE,STK,530259,INE003B01014,INTSTOIL,X,,,,,INTER STATE OIL CARRIER LTD.,42,42,37.52,39.45,39.5,37.31,,39.45,,,221,8531,24,F1,1,,,,,
10-07-2026,10-07-2026,CM,BSE,STK,530263,INE062C01042,GLOBALCA,X,,,,,GLOBAL CAPITAL MARKETS LTD.,0.46,0.46,0.42,0.42,0.43,0.46,,0.42,,,633727,275357,222,F1,1,,,,,
10-07-2026,10-07-2026,CM,BSE,STK,530265,INE584B01013,SAINIK,X,,,,,SAINIK FINANCE & INDUSTRIES LT,39.1,39.1,39.1,39.1,39.1,38,,39.1,,,1,39,1,F1,1,,,,,
10-07-2026,10-07-2026,CM,BSE,STK,530267,INE021N01011,ARIGATO,XT,,,,,ARIGATO UNIVERSE LIMITED,44.3,48.9,44.3,48.9,48.9,46.58,,48.9,,,116,5219,7,F1,1,,,,,
10-07-2026,10-07-2026,CM,BSE,STK,530271,INE652D01014,RICHUNV,XT,,,,,RICH UNIVERSE NETWORK LTD.,9.93,10.2,9.93,10.2,10.2,9.93,,10.2,,,902,8958,7,F1,1,,,,,
10-07-2026,10-07-2026,CM,BSE,STK,530281,INE373C01019,QUANTDIA,XT,,,,,QUANTUM DIGITAL VISION (INDIA),23.5,23.5,23.49,23.5,23.5,23.5,,23.5,,,140,3289,8,F1,1,,,,,
10-07-2026,10-07-2026,CM,BSE,STK,530289,INE102F01015,SPCAPIT,X,,,,,SP CAPITAL FINANCING LTD.,52.14,52.14,52.13,52.13,52.13,52.14,,52.13,,,82,4275,4,F1,1,,,,,
10-07-2026,10-07-2026,CM,BSE,STK,530295,INE418K01015,SHRAJOI,X,,,,,SHRI RAJIVLOCHAN OIL EXTRACTIO,22.08,22.08,22.08,22.08,22.08,22.08,,22.08,,,97,2141,2,F1,1,,,,,
10-07-2026,10-07-2026,CM,BSE,STK,530299,INE823A01017,KOTHARIPRO,B,,,,,KOTHARI PRODUCTS LTD.,70.99,71.72,70.99,71.72,71.72,69.08,,69.82,,,20,1433,2,F1,1,,,,,
10-07-2026,10-07-2026,CM,BSE,STK,530305,INE546C01010,PICCADIL,B,,,,,PICCADILY AGRO INDUSTRIES LTD.,663.95,674.1,656.3,671.25,674,649.25,,671.75,,,21460,14285520,1578,F1,1,,,,,
10-07-2026,10-07-2026,CM,BSE,STK,530307,INE419D01026,CLSEL,B,,,,,CHAMAN LAL SETIA EXPORTS LTD.,289.8,291.45,286.55,288.6,289.25,288.05,,288,,,2142,616783,60,F1,1,,,,,
10-07-2026,10-07-2026,CM,BSE,STK,530309,INE368D01025,CHANDRAP,XT,,,,,CHANDRA PRABHU INTERNATIONAL L,11.08,11.33,11.02,11.03,11.03,11.03,,11.03,,,11848,130712,25,F1,1,,,,,
10-07-2026,10-07-2026,CM,BSE,STK,530313,INE285U01025,KIMIABL,X,,,,,KIMIA BIOSCIENCES LIMITED,30.16,31.77,30,31.03,31.03,30.3,,31.03,,,2952,90484,39,F1,1,,,,,
10-07-2026,10-07-2026,CM,BSE,STK,530315,INE428D01019,HINDTIN,X,,,,,HINDUSTAN TIN WORKS LTD.,106.35,108.55,104.15,107.6,107.6,103.5,,107.6,,,12268,1313897,122,F1,1,,,,,
10-07-2026,10-07-2026,CM,BSE,STK,530317,INE362C01012,GODAVARI,XT,,,,,GODAVARI DRUGS LTD.,128,128,120.5,123,123,122,,123,,,1319,160680,22,F1,1,,,,,
10-07-2026,10-07-2026,CM,BSE,STK,530331,INE001E01012,PREMCO,B,,,,,PREMCO GLOBAL LTD.,361.1,371.8,361.1,364.95,366,367.15,,372.65,,,727,267431,47,F1,1,,,,,
10-07-2026,10-07-2026,CM,BSE,STK,530341,INE596B01017,MUKESHB,X,,,,,MUKESH BABU FINANCIAL SERVICES,121,122.95,121,122.95,122.95,117.1,,122.95,,,580,71247,12,F1,1,,,,,
10-07-2026,10-07-2026,CM,BSE,STK,530343,INE955D01029,GENUSPOWER,A,,,,,GENUS POWER INFRASTRUCTURES LT,309.2,318.25,306.55,316.85,316.85,307.25,,317.05,,,163605,51270217,2031,F1,1,,,,,
10-07-2026,10-07-2026,CM,BSE,STK,530355,INE276G01015,ASIANENE,B,,,,,ASIAN ENERGY SERVICES LTD,329.5,340,329.5,333.4,335,331.15,,333.65,,,14663,4895228,1547,F1,1,,,,,
10-07-2026,10-07-2026,CM,BSE,STK,530357,INE883D01023,KBSINDIA,X,,,,,KBS INDIA LIMITED,1.38,1.46,1.35,1.4,1.4,1.36,,1.4,,,97391,135806,76,F1,1,,,,,
10-07-2026,10-07-2026,CM,BSE,STK,530361,INE428P01013,PRABHHANS,XT,,,,,PRABHHANS INDUSTRIES LIMITED,36,36,34.2,34.28,34.25,36,,34.28,,,4671,159965,18,F1,1,,,,,
10-07-2026,10-07-2026,CM,BSE,STK,530363,INE071E01023,UGARSUGAR,B,,,,,UGAR SUGAR WORKS LTD.,41.3,41.3,39.8,39.88,40.4,39.73,,40.02,,,2321,92908,61,F1,1,,,,,
10-07-2026,10-07-2026,CM,BSE,STK,530365,INE607D01018,ORIENTBELL,B,,,,,ORIENT BELL LIMITED,335,335,316,319.75,318,319.25,,319.2,,,271,86465,43,F1,1,,,,,
10-07-2026,10-07-2026,CM,BSE,STK,530367,INE349A01021,NRBBEARING,B,,,,,NRB BEARINGS LTD.,426,430.45,423.1,428.5,428.15,422.05,,428.95,,,14462,6184837,257,F1,1,,,,,
10-07-2026,10-07-2026,CM,BSE,STK,530369,INE380C01014,VAMSHIRU,X,,,,,VAMSHI RUBBER LTD.,41.7,42.79,39.5,41.34,41.79,38.74,,41.34,,,1929,79143,23,F1,1,,,,,
10-07-2026,10-07-2026,CM,BSE,STK,530377,INE937C01029,NILAINFRA,B,,,,,NILA INFRASTRUCTURES LTD.,7.42,7.42,7.26,7.33,7.31,7.27,,7.3,,,15324,112292,39,F1,1,,,,,
10-07-2026,10-07-2026,CM,BSE,STK,530393,INE921B01025,DBSTOCKBRO,T,,,,,DB (INTERNATIONAL) STOCK BROKE,41.15,42.99,41.02,42.72,42.7,43.17,,42.71,,,3780,156717,41,F1,1,,,,,
10-07-2026,10-07-2026,CM,BSE,STK,530401,INE526H01011,VINYOFL,X,,,,,VINYOFLEX LTD.,52.5,52.5,50.17,51,51,51,,51,,,68,3475,8,F1,1,,,,,
10-07-2026,10-07-2026,CM,BSE,STK,530405,INE356F01017,JINDCAP,X,,,,,JINDAL CAPITAL LTD.,32.99,33.84,31.6,32.3,32.54,32.34,,32.3,,,899,29585,45,F1,1,,,,,
10-07-2026,10-07-2026,CM,BSE,STK,530407,INE932F01015,EPIC,X,,,,,EPIC ENERGY LTD.,36,37.09,36,36.16,36,35.99,,36.16,,,1265,46061,39,F1,1,,,,,
10-07-2026,10-07-2026,CM,BSE,STK,530419,INE886B01012,SUMEDHA,X,,,,,SUMEDHA FISCAL SERVICES LTD.,37.48,37.48,35,35.66,35.66,36.1,,35.66,,,8774,309562,65,F1,1,,,,,
10-07-2026,10-07-2026,CM,BSE,STK,530421,INE430F01010,KUWERIN,X,,,,,KUWER INDUSTRIES LTD.,11.33,11.75,11.06,11.67,11.7,11.34,,11.67,,,4246,47721,19,F1,1,,,,,
10-07-2026,10-07-2026,CM,BSE,STK,530427,INE865B01016,CHOKSI,XT,,,,,CHOKSI ASIA LIMITED,174.7,174.7,167,173,173,174.7,,173,,,2308,394519,34,F1,1,,,,,
10-07-2026,10-07-2026,CM,BSE,STK,530429,INE831C01016,ASHISHPO,X,,,,,ASHISH POLYPLAST LTD.,27.2,33,27.2,29.13,29.94,29.88,,29.13,,,4583,131548,42,F1,1,,,,,
10-07-2026,10-07-2026,CM,BSE,STK,530433,INE960E01019,SHIVAAGRO,X,,,,,SHIVA GLOBAL AGRO INDUSTRIES L,39.74,41.01,39.5,39.73,39.5,39.74,,39.73,,,2980,120412,42,F1,1,,,,,
10-07-2026,10-07-2026,CM,BSE,STK,530439,INE140C01012,SIDDHA,X,,,,,SIDDHA VENTURES LTD.,4.7,4.81,4.7,4.7,4.7,4.7,,4.7,,,176,839,9,F1,1,,,,,
10-07-2026,10-07-2026,CM,BSE,STK,530443,INE293D01017,KIRANSY-B,X,,,,,KIRAN SYNTEX LTD.,13.87,15,13.87,15,15,14.6,,15,,,7492,103930,15,F1,1,,,,,
10-07-2026,10-07-2026,CM,BSE,STK,530445,INE764B01029,SUMERUIND,X,,,,,SUMERU INDUSTRIES LTD.,1.62,1.62,1.55,1.6,1.6,1.57,,1.6,,,30804,49810,21,F1,1,,,,,
10-07-2026,10-07-2026,CM,BSE,STK,530449,INE347C01013,RUNGTAIR,X,,,,,RUNGTA IRRIGATION LTD.,52.94,52.94,52.4,52.4,52.4,51.53,,52.4,,,3,157,3,F1,1,,,,,
10-07-2026,10-07-2026,CM,BSE,STK,530457,INE959B01017,GTTDATA,X,,,,,GTT DATA SOLUTIONS LIMITED,38.39,40,36.83,39.09,39.01,38.39,,39.09,,,16308,631077,99,F1,1,,,,,
10-07-2026,10-07-2026,CM,BSE,STK,530459,INE808A01018,VALSONQ,X,,,,,VALSON INDUSTRIES LTD.,35.5,36,35.25,35.85,35.25,35.98,,35.85,,,2308,82920,14,F1,1,,,,,
10-07-2026,10-07-2026,CM,BSE,STK,530461,INE440C01016,SABOOSOD,X,,,,,SABOO SODIUM CHLORO LTD.,12.13,12.75,12.13,12.24,12.24,12.27,,12.24,,,36570,447944,150,F1,1,,,,,
10-07-2026,10-07-2026,CM,BSE,STK,530469,INE721D01017,GSLSEC,XT,,,,,GSL SECURITIES LTD.,46.93,46.93,46.93,46.93,46.93,49.4,,46.93,,,1,46,1,F1,1,,,,,
10-07-2026,10-07-2026,CM,BSE,STK,530475,INE015C01016,TINNARUBR,B,,,,,TINNA RUBBER AND INFRASTRUCTUR,968.75,987.95,960,968.8,960.3,955.5,,971.1,,,3880,3769789,367,F1,1,,,,,
10-07-2026,10-07-2026,CM,BSE,STK,530477,INE337E01010,VIKRAMTH,XT,,,,,VIKRAM THERMO (INDIA) LTD.,243.3,245.95,240,245.35,242,240.9,,245.35,,,19873,4855177,254,F1,1,,,,,
10-07-2026,10-07-2026,CM,BSE,STK,530495,INE473C01025,STRATMONT,XT,,,,,STRATMONT INDUSTRIES LIMITED,57.5,60.19,57.33,58.95,58.95,57.33,,58.95,,,807,47964,15,F1,1,,,,,
10-07-2026,10-07-2026,CM,BSE,STK,530499,INE701G01012,AKCAPIT,B,,,,,A.K.CAPITAL SERVICES LTD.,1787.9,1788,1783.8,1788,1788,1778.65,,1767.5,,,352,628727,13,F1,1,,,,,
10-07-2026,10-07-2026,CM,BSE,STK,530517,INE131B01039,RELAXO,A,,,,,RELAXO FOOTWEARS LTD.,394,400.25,390.7,394.8,395,386.4,,394.7,,,18213,7199601,419,F1,1,,,,,
10-07-2026,10-07-2026,CM,BSE,STK,530521,INE467D01017,VIRAT,X,,,,,VIRAT INDUSTRIES LTD.,370,370,350.5,365.8,360.2,372.65,,365.8,,,1698,623279,41,F1,1,,,,,
10-07-2026,10-07-2026,CM,BSE,STK,530525,INE786J01033,RRETAIL,X,,,,,RAJNISH RETAIL LIMITED,2.58,2.65,2.53,2.65,2.65,2.53,,2.65,,,219458,571712,181,F1,1,,,,,
10-07-2026,10-07-2026,CM,BSE,STK,530533,INE390D01011,TERAI,X,,,,,TERAI TEA CO.LTD.,140,140,122.1,127.1,127.1,119.7,,127.1,,,501,63507,24,F1,1,,,,,
10-07-2026,10-07-2026,CM,BSE,STK,530537,INE948I01015,MANRAJH,XT,,,,,MANRAJ HOUSING FINANCE LTD.,40,40,39.9,39.9,39.9,42,,39.9,,,1900,75980,2,F1,1,,,,,
10-07-2026,10-07-2026,CM,BSE,STK,530545,INE949B01018,COSCO,X,,,,,COSCO (INDIA) LTD.,194.8,214.95,194.8,201.25,200,192.75,,201.25,,,537,110231,32,F1,1,,,,,
10-07-2026,10-07-2026,CM,BSE,STK,530547,INE395E01018,KENFIN,XT,,,,,KEN FINANCIAL SERVICES LTD.,13.31,13.31,13.31,13.31,13.31,13.32,,13.31,,,1,13,1,F1,1,,,,,
10-07-2026,10-07-2026,CM,BSE,STK,530549,INE790G01031,SHILPAMED,A,,,,,SHILPA MEDICARE LTD.,627.5,633.6,617.45,626.95,627,621.1,,627.15,,,22049,13828815,634,F1,1,,,,,
10-07-2026,10-07-2026,CM,BSE,STK,530555,INE074B01023,PARACABLES,B,,,,,PARAMOUNT COMMUNICATIONS LTD.,68.29,68.5,66.57,67.27,66.7,66.98,,66.96,,,88079,5976259,788,F1,1,,,,,
10-07-2026,10-07-2026,CM,BSE,STK,530557,INE132F01038,NCLRESE,X,,,,,NCL RESEARCH & FINANCIAL SERVI,0.48,0.48,0.47,0.48,0.48,0.48,,0.48,,,1247968,588591,489,F1,1,,,,,
10-07-2026,10-07-2026,CM,BSE,STK,530571,INE335G01019,EXPLICITFIN,X,,,,,EXPLICIT FINANCE LTD.,7.85,7.85,7.85,7.85,7.85,8.26,,7.85,,,22,172,1,F1,1,,,,,
10-07-2026,10-07-2026,CM,BSE,STK,530577,INE519D01015,LADDERUP,X,,,,,LADDERUP FINANCE LTD.,55,55,52.5,52.5,52.5,50.61,,52.5,,,10,536,7,F1,1,,,,,
10-07-2026,10-07-2026,CM,BSE,STK,530579,INE152C01025,UYFINCORP,B,,,,,U. Y. FINCORP LIMITED,15.95,16.49,15.58,16.4,16.4,15.63,,16.4,,,46989,760374,155,F1,1,,,,,
10-07-2026,10-07-2026,CM,BSE,STK,530581,INE906L01025,EKAMLEA,XT,,,,,EKAM LEASING & FINANCE CO.LTD.,8.23,8.55,7.75,8.55,8.55,8.15,,8.55,,,1226,10094,21,F1,1,,,,,
10-07-2026,10-07-2026,CM,BSE,STK,530585,INE691C01022,SWASTIKA,X,,,,,SWASTIKA INVESTMART LTD.,62.89,62.89,61.25,62.01,62,62.95,,62.01,,,1351,83557,31,F1,1,,,,,
10-07-2026,10-07-2026,CM,BSE,STK,530589,INE573B01016,PRIMAPLA,XT,,,,,PRIMA PLASTICS LTD.,119.95,119.95,114.1,119.9,119.95,118.85,,119.9,,,1067,123184,33,F1,1,,,,,
10-07-2026,10-07-2026,CM,BSE,STK,530595,INE381G01013,TELECANOR,X,,,,,TELECANOR GLOBAL LTD.,25.99,25.99,23.98,23.98,23.98,25.24,,23.98,,,33474,805017,73,F1,1,,,,,
10-07-2026,10-07-2026,CM,BSE,STK,530601,INE582C01015,JAGSONSER,X,,,,,JAGSONPAL SERVICES LIMITED,50.82,50.82,45.98,46.03,46.05,48.4,,46.03,,,630,29604,7,F1,1,,,,,
10-07-2026,10-07-2026,CM,BSE,STK,530615,INE194E01015,GARGFUR,X,,,,,GARG FURNACE LTD.,116,116.9,112,113.85,113.05,114.95,,113.85,,,8384,960074,60,F1,1,,,,,
10-07-2026,10-07-2026,CM,BSE,STK,530617,INE375C01022,SAMPRE,X,,,,,SAMPRE NUTRITIONS LTD.,6.21,6.37,5.84,5.84,5.84,6.14,,5.84,,,293303,1740784,392,F1,1,,,,,
10-07-2026,10-07-2026,CM,BSE,STK,530621,INE864E01021,AAIL,X,,,,,Akar Auto Industries Limited,81.95,95,81.25,87.23,87.23,81.14,,87.23,,,37107,3265332,213,F1,1,,,,,
10-07-2026,10-07-2026,CM,BSE,STK,530627,INE834D01018,VIPULORG,X,,,,,Vipul Organics Limited,255.1,265.5,252.35,264.75,264.75,254.75,,264.75,,,10787,2823198,127,F1,1,,,,,
10-07-2026,10-07-2026,CM,BSE,STK,530643,INE316A01038,ECORECO,XT,,,,,ECO RECYCLING LTD.,490.9,490.9,470,484.15,484,473,,484.15,,,15744,7565094,604,F1,1,,,,,
10-07-2026,10-07-2026,CM,BSE,STK,530655,INE127I01024,GOODLUCK,B,,,,,Goodluck India Limited,1574.95,1575,1544,1560.5,1561.5,1547.95,,1565.6,,,14218,22156741,889,F1,1,,,,,
10-07-2026,10-07-2026,CM,BSE,STK,530663,INE912B01032,GOYALASS,X,,,,,GOYAL ASSOCIATES LTD.,0.9,0.9,0.87,0.9,0.9,0.92,,0.9,,,31125,27409,32,F1,1,,,,,
10-07-2026,10-07-2026,CM,BSE,STK,530665,INE812B01026,ZENITHHE,X,,,,,ZENITH HEALTH CARE LTD.,3.1,3.14,3.06,3.08,3.1,3.1,,3.08,,,13531,41723,83,F1,1,,,,,
10-07-2026,10-07-2026,CM,BSE,STK,530675,INE057Q01018,YORKEXP,X,,,,,YORK EXPORTS LTD.,53.5,53.5,53.5,53.5,53.5,53.02,,53.5,,,1,53,1,F1,1,,,,,
10-07-2026,10-07-2026,CM,BSE,STK,530677,INE822E01011,SUPREME,B,,,,,SUPREME HOLDINGS & HOSPITALITY,47.15,48,46.38,47.46,47.46,47.18,,47.17,,,975,45766,30,F1,1,,,,,
10-07-2026,10-07-2026,CM,BSE,STK,530689,INE624M01014,LYKISLTD,X,,,,,LYKIS LIMITED,44.57,45,44.03,44.12,44.12,44.57,,44.12,,,3883,172564,23,F1,1,,,,,
10-07-2026,10-07-2026,CM,BSE,STK,530695,INE233C01023,PRIMEPRO,XT,,,,,PRIME PROPERTY DEVELOPMENT COR,29.96,29.96,27.12,27.23,27.99,28.54,,27.23,,,4500,126419,39,F1,1,,,,,
10-07-2026,10-07-2026,CM,BSE,STK,530697,INE546F01013,ZENLABS,XT,,,,,Zenlabs Ethica Limited,33.53,34.85,33.53,34.85,34.85,33.2,,34.85,,,251,8722,4,F1,1,,,,,
10-07-2026,10-07-2026,CM,BSE,STK,530699,INE533D01032,RAJRILTD,T,,,,,RAJ RAYON INDUSTRIES LIMITED,21.91,21.91,21.91,21.91,21.91,22.35,,21.92,,,2370,51926,32,F1,1,,,,,
10-07-2026,10-07-2026,CM,BSE,STK,530705,INE161F01011,ANIRIT,XT,,,,,ANIRIT VENTURES LIMITED,43.7,43.7,41.52,41.52,41.52,43.7,,41.52,,,2882,119772,20,F1,1,,,,,
10-07-2026,10-07-2026,CM,BSE,STK,530709,INE225G01012,GOWRALE,XT,,,,,GOWRA LEASING & FINANCE LTD.,99.85,99.9,93,94.2,95,95.15,,94.2,,,9262,886331,70,F1,1,,,,,
10-07-2026,10-07-2026,CM,BSE,STK,530711,INE144C01014,JAGANLAM,X,,,,,JAGAN LAMPS LTD.,48.17,49.4,45.2,46.26,46.26,48.15,,46.26,,,8800,424035,87,F1,1,,,,,
10-07-2026,10-07-2026,CM,BSE,STK,530723,INE041B01014,ASITCFIN,X,,,,,ASIT C.MEHTA FINANCIAL SERVICE,115,119,115,119,119,121,,119,,,80,9320,3,F1,1,,,,,
10-07-2026,10-07-2026,CM,BSE,STK,530733,INE900O01014,ENCODE,X,,,,,ENCODE PACKAGING INDIA LIMITED,11.31,11.31,11.31,11.31,11.31,11.9,,11.31,,,1,11,1,F1,1,,,,,
10-07-2026,10-07-2026,CM,BSE,STK,530735,INE897A01011,SUPERBAK,X,,,,,SUPER BAKERS (INDIA) LTD.,32.07,33.58,32.07,33.58,33.58,33.75,,33.58,,,101,3240,2,F1,1,,,,,
10-07-2026,10-07-2026,CM,BSE,STK,530741,INE812S01012,OVOBELE,XT,,,,,OVOBEL FOODS LTD.,189,196,186,190.5,190.5,189.35,,190.5,,,2214,418338,56,F1,1,,,,,
10-07-2026,10-07-2026,CM,BSE,STK,530745,INE366C01021,ACSTECH,B,,,,,ACS TECHNOLOGIES LIMITED,41.35,42.5,41.1,42.04,42,40.63,,42.24,,,9303,391386,87,F1,1,,,,,
10-07-2026,10-07-2026,CM,BSE,STK,530747,INE807A01010,CHALLANI,X,,,,,CHALLANI CAPITAL LIMITED,19,20,18.58,19.98,19.98,20.2,,19.98,,,18,352,5,F1,1,,,,,
10-07-2026,10-07-2026,CM,BSE,STK,530757,INE0OUS01011,SHENTRA,XT,,,,,SHENTRACON CHEMICALS LTD.,113.65,113.65,113.65,113.65,113.65,111.45,,113.65,,,300,34095,5,F1,1,,,,,
10-07-2026,10-07-2026,CM,BSE,STK,530759,INE334A01023,STERTOOLS,T,,,,,STERLING TOOLS LTD.,233.3,245,233.3,240.75,244.5,239.8,,242.12,,,3453,827468,109,F1,1,,,,,
10-07-2026,10-07-2026,CM,BSE,STK,530765,INE510B01018,AGARWAL,X,,,,,AGARWAL FORTUNE INDIA LIMITED,20.94,20.94,20,20,20,19.95,,20,,,527,11034,3,F1,1,,,,,
10-07-2026,10-07-2026,CM,BSE,STK,530787,INE055O01033,INLANPR,XT,,,,,INLAND PRINTERS LTD.,53.97,53.97,53.97,53.97,53.97,52.92,,53.97,,,2,107,1,F1,1,,,,,
10-07-2026,10-07-2026,CM,BSE,STK,530789,INE358C01010,CEEJAY,X,,,,,CEEJAY FINANCE LTD.,153,164.55,153,164.55,164.55,156.75,,164.55,,,1082,178024,5,F1,1,,,,,
10-07-2026,10-07-2026,CM,BSE,STK,530799,INE336D01014,ANNAINFRA,X,,,,,ANNA INFRASTRUCTURES LTD.,34.3,34.3,33.8,33.8,33.8,32.74,,33.8,,,38,1285,4,F1,1,,,,,
10-07-2026,10-07-2026,CM,BSE,STK,530803,INE354C01027,BHAGERIA,T,,,,,Bhageria Industries Limited,207.95,212.9,203.05,208.1,208.15,208.15,,211.71,,,1411,295439,43,F1,1,,,,,
10-07-2026,10-07-2026,CM,BSE,STK,530805,INE125F01032,OIVL,XT,,,,,ONESOURCE INDUSTRIES AND VENTU,6.19,6.6,6.18,6.41,6.6,6.5,,6.41,,,36101,229663,94,F1,1,,,,,
10-07-2026,10-07-2026,CM,BSE,STK,530809,INE355C01016,BNRUDY,X,,,,,BNR UDYOG LTD.,36,36,35.82,35.82,35.82,36,,35.82,,,4,143,2,F1,1,,,,,
10-07-2026,10-07-2026,CM,BSE,STK,530813,INE001B01026,KRBL,A,,,,,KRBL LTD.,371.45,374.3,365.15,365.95,365.15,368.95,,366.15,,,12500,4607464,311,F1,1,,,,,
10-07-2026,10-07-2026,CM,BSE,STK,530821,INE838C01011,SSPDL,X,,,,,SSPDL LTD.,16.85,17.43,16.85,16.98,16.98,16.85,,16.98,,,1444,24566,16,F1,1,,,,,
10-07-2026,10-07-2026,CM,BSE,STK,530825,INE789B01018,DAIKAFFI,XT,,,,,DAIKAFFIL CHEMICALS INDIA LTD.,47.26,47.26,47.26,47.26,47.26,48.22,,47.26,,,1710,80814,7,F1,1,,,,,
10-07-2026,10-07-2026,CM,BSE,STK,530829,INE830A01012,CILSEC,X,,,,,CIL SECURITIES LTD.,36.8,36.95,35.3,36.06,36.95,35.5,,36.06,,,113,4141,7,F1,1,,,,,
10-07-2026,10-07-2026,CM,BSE,STK,530839,INE011B01017,CLIOINFO,XT,,,,,CLIO INFOTECH LTD.,12.27,12.27,12.27,12.27,12.27,11.69,,12.27,,,14197,174197,26,F1,1,,,,,
10-07-2026,10-07-2026,CM,BSE,STK,530843,INE509F01029,CUPID,B,,,,,CUPID LTD.,219.9,222.2,206.65,212,212,209.85,,212.23,,,5606678,1208335840,36747,F1,1,,,,,
10-07-2026,10-07-2026,CM,BSE,STK,530845,INE199E01014,SUNSHIEL,X,,,,,SUNSHIELD CHEMICALS LTD.,1178,1210,1178,1203.45,1183.05,1191.65,,1203.45,,,1442,1722626,113,F1,1,,,,,
10-07-2026,10-07-2026,CM,BSE,STK,530853,INE963A01011,HIPOLIN,XT,,,,,HIPOLIN LTD.,76.65,76.65,74.46,76.65,76.65,73,,76.65,,,1226,93015,17,F1,1,,,,,
10-07-2026,10-07-2026,CM,BSE,STK,530855,INE545E01018,GDLLEAS,XT,,,,,GDL LEASING & FINANCE LTD.,54.02,59.7,54.02,59.7,59.7,56.86,,59.7,,,2317,125286,22,F1,1,,,,,
10-07-2026,10-07-2026,CM,BSE,STK,530871,INE995D01025,CHEMBOND,T,,,,,Chembond Material Technologies,190,190,190,190,190,190,,182.38,,,125,23750,3,F1,1,,,,,
10-07-2026,10-07-2026,CM,BSE,STK,530879,INE345H01024,CIFL,B,,,,,CAPITAL INDIA FINANCE LIMITED,23.39,23.39,22.25,22.39,22.39,22.61,,22.34,,,66227,1498724,147,F1,1,,,,,
10-07-2026,10-07-2026,CM,BSE,STK,530881,INE485K01022,ABVL,X,,,,,Arunjyoti Bio Ventures Limited,6.1,6.1,5.77,5.96,5.97,5.82,,5.96,,,391836,2343607,403,F1,1,,,,,
10-07-2026,10-07-2026,CM,BSE,STK,530883,INE366G01022,SUCROSA,X,,,,,SUPER CROP SAFE LTD.,10.39,11,10.39,10.73,10.73,10.38,,10.73,,,125055,1340212,235,F1,1,,,,,
10-07-2026,10-07-2026,CM,BSE,STK,530897,INE825C01018,NGIND,X,,,,,N.G.INDUSTRIES LTD.,116.95,116.95,113,114.55,114.45,113.85,,114.55,,,593,67686,15,F1,1,,,,,
10-07-2026,10-07-2026,CM,BSE,STK,530899,INE784M01016,ASIAPAK,X,,,,,ASIA PACK LTD.,53,53,53,53,53,50.71,,53,,,1,53,1,F1,1,,,,,
10-07-2026,10-07-2026,CM,BSE,STK,530907,INE417F01017,SICAPIT,X,,,,,SI CAPITAL & FINANCIAL SERVICE,20,20.16,18.36,20.16,20.16,19.2,,20.16,,,5590,111382,23,F1,1,,,,,
10-07-2026,10-07-2026,CM,BSE,STK,530919,INE474C01023,REMSONSIND,B,,,,,REMSONS INDUSTRIES LTD.,84.67,84.67,80.06,80.95,81.17,83,,80.82,,,11863,966968,204,F1,1,,,,,
10-07-2026,10-07-2026,CM,BSE,STK,530925,INE609D01014,RAMSONS,XT,,,,,RAMSONS PROJECTS LTD.,94.01,94.01,89.76,94,94,94.48,,94,,,27,2534,4,F1,1,,,,,
10-07-2026,10-07-2026,CM,BSE,STK,530931,INE457D01018,STANPACK,X,,,,,STANPACKS (INDIA) LTD.,9.02,9.02,9.02,9.02,9.02,9.02,,9.02,,,11,99,1,F1,1,,,,,
10-07-2026,10-07-2026,CM,BSE,STK,530943,INE416A01051,AQYLON,B,,,,,Aqylon Nexus Limited,39,40.25,38.77,39.29,39.17,38.34,,39.14,,,43267,1724433,180,F1,1,,,,,
10-07-2026,10-07-2026,CM,BSE,STK,530951,INE357B01022,RAMINFO,X,,,,,RAMINFO LIMITED,48,48,45.36,46.88,47.2,46.45,,46.88,,,14787,693030,38,F1,1,,,,,
10-07-2026,10-07-2026,CM,BSE,STK,530953,INE224D01012,SUNILAGR,X,,,,,SUNIL AGRO FOODS LTD.,82,83.99,82,83.6,83.6,82,,83.6,,,14,1151,4,F1,1,,,,,
10-07-2026,10-07-2026,CM,BSE,STK,530959,INE012E01035,DIANATEA,X,,,,,DIANA TEA CO.LTD.,25.9,26,25.01,25.17,25.03,25.33,,25.17,,,13143,334253,48,F1,1,,,,,
10-07-2026,10-07-2026,CM,BSE,STK,530961,INE806A01020,VIKASECO,B,,,,,Vikas EcoTech Limited,1.19,1.23,1.19,1.22,1.21,1.19,,1.21,,,376824,458568,223,F1,1,,,,,
10-07-2026,10-07-2026,CM,BSE,STK,530965,INE242A01010,IOC,A,,,,,INDIAN OIL CORPORATION LTD.,139.3,140.5,138.7,138.95,138.95,138.35,,138.96,,,678963,94635697,6239,F1,1,,,,,
10-07-2026,10-07-2026,CM,BSE,STK,530977,INE260E01014,SKCIL,X,,,,,Shri Keshav Cements and Infra,118.15,122,118,119.5,118,117.45,,119.5,,,1012,120689,80,F1,1,,,,,
10-07-2026,10-07-2026,CM,BSE,STK,530979,INE274E01015,INDIAHOME,X,,,,,INDIA HOME LOAN LTD.,30.2,32.45,30.2,31.16,31,31.99,,31.16,,,1682,52759,31,F1,1,,,,,
10-07-2026,10-07-2026,CM,BSE,STK,530991,INE443C01010,ROOPAIND,X,,,,,ROOPA INDUSTRIES LTD.,45.14,49,45.14,46.65,46.57,47.89,,46.65,,,1225,57981,27,F1,1,,,,,
10-07-2026,10-07-2026,CM,BSE,STK,530993,INE075H01019,SARTHAKGL,XT,,,,,SARTHAK GLOBAL LTD.,36.32,36.32,36.21,36.21,36.21,34.6,,36.21,,,504,18304,3,F1,1,,,,,
10-07-2026,10-07-2026,CM,BSE,STK,530997,INE333E01019,UNIQUEO,X,,,,,UNIQUE ORGANICS LTD.,85,97,78,78.9,80,81.37,,78.9,,,8242,665002,201,F1,1,,,,,
10-07-2026,10-07-2026,CM,BSE,STK,530999,INE050E01027,BALAMINES,B,,,,,BALAJI AMINES LTD.,2389,2421,2306,2414.6,2414.6,2367.05,,2414.9,,,33796,79807475,2233,F1,1,,,,,
10-07-2026,10-07-2026,CM,BSE,STK,531003,INE595G01018,SWRNASE,X,,,,,SWARNA SECURITIES LTD.,99.75,99.75,99.75,99.75,99.75,95,,99.75,,,1,99,1,F1,1,,,,,
10-07-2026,10-07-2026,CM,BSE,STK,531015,INE154G01022,VENMAX,X,,,,,VENMAX DRUGS AND PHARMACEUTICA,19.35,19.79,18.21,19.32,19.46,19.36,,19.32,,,1636,32161,19,F1,1,,,,,
10-07-2026,10-07-2026,CM,BSE,STK,531017,INE190D01015,ARISE,X,,,,,ARIHANTS SECURITIES LTD.,19.74,19.74,18.8,19.49,19.49,18.95,,19.49,,,1174,22433,12,F1,1,,,,,
10-07-2026,10-07-2026,CM,BSE,STK,531025,INE309H01038,VISAGAR,X,,,,,VISAGAR FINANCIAL SERVICES LTD,0.32,0.33,0.31,0.32,0.32,0.33,,0.32,,,1582259,499975,341,F1,1,,,,,
10-07-2026,10-07-2026,CM,BSE,STK,531033,INE101E01010,REGAL,X,,,,,REGAL ENTERTAINMENT & CONSULTA,15.18,15.6,15.18,15.6,15.6,16.57,,15.6,,,164,2555,5,F1,1,,,,,
10-07-2026,10-07-2026,CM,BSE,STK,531035,INE432F01032,EBIX,XT,,,,,EBIX LIMITED,26.33,26.72,25,25.6,25.6,26.01,,25.6,,,107296,2775883,253,F1,1,,,,,
10-07-2026,10-07-2026,CM,BSE,STK,531039,INE0P4R01017,SWADHATURE,XT,,,,,Swadha Nature Limited,10.2,10.2,9.27,9.27,9.27,9.75,,9.27,,,502,4655,3,F1,1,,,,,
10-07-2026,10-07-2026,CM,BSE,STK,531041,INE823B01015,COMPEAU,X,,,,,COMPETENT AUTOMOBILES CO.LTD.,360.5,392,357.1,386,389,357,,386,,,1798,683206,74,F1,1,,,,,
10-07-2026,10-07-2026,CM,BSE,STK,531043,INE239F01015,ZDHJERK,X,,,,,DHANVANTRI JEEVAN REKHA LTD.,26.1,27.4,26.08,27.4,27.4,27.45,,27.4,,,4338,113234,8,F1,1,,,,,
10-07-2026,10-07-2026,CM,BSE,STK,531049,INE741D01015,NEELKAN,Z,,,,,NEELKANTH ROCKMINERALS LTD.,43.56,43.56,43.56,43.56,43.56,42.71,,43.56,,,1148,50006,5,F1,1,,,,,
10-07-2026,10-07-2026,CM,BSE,STK,531051,INE153C01015,VINTAGES,X,,,,,VINTAGE SECURITIES LTD.,15.27,15.64,15.27,15.33,15.33,14.9,,15.33,,,59,906,8,F1,1,,,,,
10-07-2026,10-07-2026,CM,BSE,STK,531067,INE080G01029,CONTILI,X,,,,,CONTIL INDIA LTD.,20.91,23.42,20.91,22.74,22.95,21.18,,22.74,,,2695,60227,31,F1,1,,,,,
10-07-2026,10-07-2026,CM,BSE,STK,531069,INE362D01010,VIJSOLX,XT,,,,,VIJAY SOLVEX LTD.,697.8,715,671.75,711.4,715,681.5,,711.4,,,163,113214,25,F1,1,,,,,
10-07-2026,10-07-2026,CM,BSE,STK,531080,INE997I01012,SHRIKRISH,B,,,,,SHRI KRISHNA DEVCON LTD.,43,46.03,40.77,42.72,42.5,42.85,,42.06,,,23424,995426,129,F1,1,,,,,
10-07-2026,10-07-2026,CM,BSE,STK,531082,INE914E01040,ALANKIT,B,,,,,ALANKIT,8.25,8.25,8.02,8.06,8.06,8.07,,8.08,,,9726,78417,36,F1,1,,,,,
10-07-2026,10-07-2026,CM,BSE,STK,531083,INE876E01033,NIHARINF,X,,,,,NIHAR INFO GLOBAL LTD.,5.64,5.64,5.64,5.64,5.64,5.64,,5.64,,,82,462,3,F1,1,,,,,
10-07-2026,10-07-2026,CM,BSE,STK,531091,INE858C01027,UNITDCR,X,,,,,UNITED CREDIT LTD.,27,27,27,27,27,28.8,,27,,,2,54,2,F1,1,,,,,
10-07-2026,10-07-2026,CM,BSE,STK,531092,INE239D01028,OMINFRAL,B,,,,,OM INFRA LIMITED,87.5,92.82,87.5,91.33,91.33,90.8,,91.51,,,12595,1152110,234,F1,1,,,,,
10-07-2026,10-07-2026,CM,BSE,STK,531099,INE396H01019,CENTUPLE,X,,,,,CENTUPLE GLOBAL LIMITED,40.2,40.2,37,39.56,39.98,36.72,,39.56,,,1425,55353,21,F1,1,,,,,
10-07-2026,10-07-2026,CM,BSE,STK,531109,INE561M01018,ISHANCH,B,,,,,Ishan Dyes and Chemicals Limit,56.94,56.94,56.4,56.54,56.94,56,,55.18,,,6,339,5,F1,1,,,,,
10-07-2026,10-07-2026,CM,BSE,STK,531111,INE538G01018,GOTHIPL,P,,,,,GOTHI PLASCON (INDIA) LTD.,38.75,38.75,38.75,38.75,38.75,38.95,,38.75,,,200,7750,1,F1,100,,,,,
10-07-2026,10-07-2026,CM,BSE,STK,531112,INE011E01029,BALUFORGE,A,,,,,BALU FORGE INDUSTRIES LIMITED,457.9,471.6,453.7,465.1,465.2,452.7,,465.1,,,38299,17797459,890,F1,1,,,,,
10-07-2026,10-07-2026,CM,BSE,STK,531119,INE418D01010,CEENIK,X,,,,,CEENIK EXPORTS (INDIA) LTD.,158,164.9,133.15,156.8,151,150.15,,156.8,,,3423,512684,80,F1,1,,,,,
10-07-2026,10-07-2026,CM,BSE,STK,531120,INE244B01030,PATELENG,A,,,,,PATEL ENGINEERING LTD.,31.58,31.94,31.31,31.71,31.71,31.58,,31.75,,,371421,11749798,1450,F1,1,,,,,
10-07-2026,10-07-2026,CM,BSE,STK,531126,INE237C01016,KATIPATANG,X,,,,,KATI PATANG LIFESTYLE LIMITED,14.94,14.94,14.13,14.39,14.39,14.45,,14.39,,,2155,31126,47,F1,1,,,,,
10-07-2026,10-07-2026,CM,BSE,STK,531127,INE148B01033,MENAMANI,X,,,,,MENA MANI INDUSTRIES LIMITED,9.39,9.42,9.05,9.1,9.1,8.98,,9.1,,,437821,4008759,211,F1,1,,,,,
10-07-2026,10-07-2026,CM,BSE,STK,531129,INE635D01027,INANI,X,,,,,INANI MARBLES & INDUSTRIES LTD,10.51,11,10.5,10.95,10.94,11,,10.95,,,1830,19871,25,F1,1,,,,,
10-07-2026,10-07-2026,CM,BSE,STK,531137,INE503D01027,GEMSI,X,,,,,GEMSTONE INVESTMENTS LTD.,1.52,1.63,1.52,1.6,1.62,1.57,,1.6,,,46406,73176,107,F1,1,,,,,
10-07-2026,10-07-2026,CM,BSE,STK,531144,INE158F01017,ELFORGE,X,,,,,EL FORGE LTD.,19.25,19.9,18.77,19.45,19.45,19.17,,19.45,,,10651,207307,56,F1,1,,,,,
10-07-2026,10-07-2026,CM,BSE,STK,531146,INE646B01010,MEDICAMEQ,B,,,,,MEDICAMEN BIOTECH LTD.,249.6,250.9,243.85,243.85,243.85,245.2,,245.35,,,563,140367,54,F1,1,,,,,
10-07-2026,10-07-2026,CM,BSE,STK,531147,INE062D01024,ALICON,B,,,,,ALICON CASTALLOY LIMITED,630.95,639.6,627.15,633.95,634.7,627.75,,632.55,,,818,517519,75,F1,1,,,,,
10-07-2026,10-07-2026,CM,BSE,STK,531153,INE650C01036,DILIGENT,X,,,,,DILIGENT INDUSTRIES LTD.,2.01,2.08,2.01,2.07,2.08,2.01,,2.07,,,63403,129612,128,F1,1,,,,,
10-07-2026,10-07-2026,CM,BSE,STK,531155,INE601F01016,EPSOMPRO,XT,,,,,EPSOM PROPERTIES LTD.,7.58,7.58,6.86,6.86,6.86,7.22,,6.86,,,27,186,4,F1,1,,,,,
10-07-2026,10-07-2026,CM,BSE,STK,531156,INE883B01027,ALFAVIO,X,,,,,ALFAVISION OVERSEAS (INDIA) LT,10.33,10.35,9.82,9.83,9.83,10.32,,9.83,,,59339,592376,108,F1,1,,,,,
10-07-2026,10-07-2026,CM,BSE,STK,531158,INE660B01011,CATVISION,X,,,,,CATVISION  LIMITED,19,19,17.9,18.77,18.77,18.17,,18.77,,,1083,20062,38,F1,1,,,,,
10-07-2026,10-07-2026,CM,BSE,STK,531161,INE850B01026,ABMKNO,B,,,,,ABM KNOWLEDGEWARE LTD.,210,212,205.1,212,212,210,,211.92,,,191,40288,8,F1,1,,,,,
10-07-2026,10-07-2026,CM,BSE,STK,531162,INE548C01032,EMAMILTD,A,,,,,EMAMI LTD.,416.95,423.25,416.9,421.3,423,415,,421.4,,,16058,6753514,657,F1,1,,,,,
10-07-2026,10-07-2026,CM,BSE,STK,531163,INE971L01029,KEMISTAR,X,,,,,KEMISTAR CORPORATION LIMITED,51,51,45.24,46.76,46.66,49.96,,46.76,,,2185,101916,29,F1,1,,,,,
10-07-2026,10-07-2026,CM,BSE,STK,531169,INE709B01016,SKPSEC,X,,,,,SKP SECURITIES LTD.,117,117,108.5,111,110.1,112.5,,111,,,531,59277,27,F1,1,,,,,
10-07-2026,10-07-2026,CM,BSE,STK,531173,INE121D01036,SYSCHEM,X,,,,,SYSCHEM (INDIA) LTD.,44.39,44.39,42.5,42.67,42.5,43.41,,42.67,,,62423,2685234,141,F1,1,,,,,
10-07-2026,10-07-2026,CM,BSE,STK,531176,INE186C01023,MEFCOMCAP,X,,,,,MEFCOM CAPITAL MARKETS LTD.,9.61,9.99,9.6,9.78,9.96,9.72,,9.78,,,1772,17261,20,F1,1,,,,,
10-07-2026,10-07-2026,CM,BSE,STK,531178,INE930A01010,HEMANG,XT,,,,,HEMANG RESOURCES LIMITED,12.93,13.57,12.93,13.2,13.57,12.93,,13.2,,,9,117,4,F1,1,,,,,
10-07-2026,10-07-2026,CM,BSE,STK,531179,INE109C01017,ARMANFIN,B,,,,,ARMAN FINANCIAL SERVICES LTD.,1721.2,1865,1721.2,1807.5,1824,1729.8,,1812.8,,,6609,11996635,720,F1,1,,,,,
10-07-2026,10-07-2026,CM,BSE,STK,531190,INE355H01015,EFORU,X,,,,,EFORU ENTERTAINMENT LIMITED,96.5,96.65,89.5,94.97,94.5,92.05,,94.97,,,11890,1120902,110,F1,1,,,,,
10-07-2026,10-07-2026,CM,BSE,STK,531191,INE589N01017,FILTRON,XT,,,,,FILTRON ENGINEERS LTD.,72.07,72.07,72.07,72.07,72.07,73.54,,72.07,,,15,1081,3,F1,1,,,,,
10-07-2026,10-07-2026,CM,BSE,STK,531201,INE024F01011,SHILCTECH,B,,,,,SHILCHAR TECHNOLOGIES LTD.,4519.9,4519.95,4404,4487.3,4505,4456.95,,4484.6,,,1639,7295626,427,F1,1,,,,,
10-07-2026,10-07-2026,CM,BSE,STK,531205,INE179O01031,SPRIGHT,XT,,,,,SPRIGHT AGRO LIMITED,0.47,0.48,0.46,0.47,0.48,0.48,,0.47,,,4042201,1893742,1051,F1,1,,,,,
10-07-2026,10-07-2026,CM,BSE,STK,531209,INE096B01018,NUCLEUS,B,,,,,NUCLEUS SOFTWARE EXPORTS LTD.,760,779,750.9,753.7,756.1,755.95,,752.5,,,3159,2401794,183,F1,1,,,,,
10-07-2026,10-07-2026,CM,BSE,STK,531210,INE923C01011,COLINZ,XT,,,,,COLINZ LABORATORIES LTD.,72,72.82,66.11,68.56,69.98,69.36,,68.56,,,16037,1145902,58,F1,1,,,,,
10-07-2026,10-07-2026,CM,BSE,STK,531212,INE606C01012,NLFL,X,,,,,NALIN LEASE FINANCE LTD.,40.55,40.55,38.1,38.12,38.1,38.59,,38.12,,,454,17507,13,F1,1,,,,,
10-07-2026,10-07-2026,CM,BSE,STK,531213,INE522D01027,MANAPPURAM,A,,,,,Manappuram Finance Ltd,335.2,342.7,335.2,340.75,340.75,332,,341.25,,,106767,36286024,2059,F1,1,,,,,
10-07-2026,10-07-2026,CM,BSE,STK,531215,INE005C01017,RTSPOWR,X,,,,,RTS POWER CORPORATION LTD.,102.05,106,102,103.55,104.5,103.7,,103.55,,,1631,168310,35,F1,1,,,,,
10-07-2026,10-07-2026,CM,BSE,STK,531216,INE819A01049,COMFINTE,B,,,,,COMFORT INTECH LTD.,5.71,5.85,5.71,5.76,5.78,5.75,,5.75,,,62369,359999,203,F1,1,,,,,
10-07-2026,10-07-2026,CM,BSE,STK,531219,INE861E01019,SHYAMACOMP,P,,,,,Shyama Computronics and Servic,3.05,3.05,3.05,3.05,3.05,3.21,,3.05,,,300,915,3,F1,100,,,,,
10-07-2026,10-07-2026,CM,BSE,STK,531223,INE364D01032,ANJANI,X,,,,,ANJANI SYNTHETICS LTD.,23.18,23.29,22.5,23.06,23.18,23.18,,23.06,,,240,5532,20,F1,1,,,,,
10-07-2026,10-07-2026,CM,BSE,STK,531225,INE547B01028,XTGLOBAL,B,,,,,XTGLOBAL INFOTECH LIMITED,28.41,28.99,27.49,27.56,27.56,28.41,,27.51,,,11123,311914,132,F1,1,,,,,
10-07-2026,10-07-2026,CM,BSE,STK,531227,INE907E01010,DECOMIC,X,,,,,DECO-MICA LTD.,56.69,56.69,56.49,56.55,56.55,51.61,,56.55,,,151,8541,10,F1,1,,,,,
10-07-2026,10-07-2026,CM,BSE,STK,531228,INE821D01031,RANDER,X,,,,,RANDER CORPORATION LTD.,10,10.4,10,10.33,10.4,10,,10.33,,,155,1590,4,F1,1,,,,,
10-07-2026,10-07-2026,CM,BSE,STK,531233,INE822D01021,RASIELEC,X,,,,,RASI ELECTRODES LTD.,12.8,12.9,12.11,12.4,12.65,12.74,,12.4,,,17801,219816,112,F1,1,,,,,
10-07-2026,10-07-2026,CM,BSE,STK,531234,INE962E01015,SCOOBEEDAY,X,,,,,SCOOBEE DAY GARMENTS (INDIA) L,73.8,73.8,71,71.49,72.99,70.21,,71.49,,,1823,131814,28,F1,1,,,,,
10-07-2026,10-07-2026,CM,BSE,STK,531235,INE494D01011,CITIPOR,X,,,,,CITIPORT FINANCIAL SERVICES LT,34.3,36.09,34.3,36.09,36.09,36.09,,36.09,,,173,5996,7,F1,1,,,,,
10-07-2026,10-07-2026,CM,BSE,STK,531237,INE972E01014,DHRUVCA,XT,,,,,DHRUVA CAPITAL SERVICES LTD.,276.65,276.65,276.65,276.65,276.65,291.2,,276.65,,,26,7192,4,F1,1,,,,,
10-07-2026,10-07-2026,CM,BSE,STK,531241,INE802B01027,LINC,B,,,,,LINC LIMITED,101.5,114.3,101.5,106.85,106.85,104,,107.57,,,4068,447224,86,F1,1,,,,,
10-07-2026,10-07-2026,CM,BSE,STK,531246,INE723N01012,PRIMAIN,X,,,,,PRIMA INDUSTRIES LTD.,19.28,19.28,17.36,18.82,18.82,19.28,,18.82,,,2661,48848,18,F1,1,,,,,
10-07-2026,10-07-2026,CM,BSE,STK,531253,INE342D01012,INDGELA,X,,,,,INDIA GELATINE & CHEMICALS LTD,362.95,367,354,365.15,367,355.3,,365.15,,,2024,728348,50,F1,1,,,,,
10-07-2026,10-07-2026,CM,BSE,STK,531254,INE031G01022,OPTIFIN,X,,,,,Optimus Finance Limited,11.87,12.25,11.56,11.86,11.9,11.83,,11.86,,,56911,677921,157,F1,1,,,,,
10-07-2026,10-07-2026,CM,BSE,STK,531255,INE015E01012,PARAGONF,X,,,,,PARAGON FINANCE LTD.,49.25,51.6,49.25,51.6,51.6,49.25,,51.6,,,223,11459,6,F1,1,,,,,
10-07-2026,10-07-2026,CM,BSE,STK,531257,INE530D01012,PRATIKSH,X,,,,,PRATIKSHA CHEMICALS LTD.,18.49,18.5,18.25,18.49,18.5,18.08,,18.49,,,78712,1447672,25,F1,1,,,,,
10-07-2026,10-07-2026,CM,BSE,STK,531259,INE328F01016,ESHAMEDIA,X,,,,,ESHA MEDIA RESEARCH LIMITED,31.6,31.6,31.6,31.6,31.6,30.1,,31.6,,,702,22183,13,F1,1,,,,,
10-07-2026,10-07-2026,CM,BSE,STK,531262,INE060N01019,EQUILATERA,X,,,,,EQUILATERAL ENTERPRISES LIMITE,15,15.8,14.3,15.5,15.5,15.05,,15.5,,,11067,159570,16,F1,1,,,,,
10-07-2026,10-07-2026,CM,BSE,STK,531266,INE764D01017,VSTTILLERS,B,,,,,V.S.T.TILLERS TRACTORS LTD.,4603.7,4715,4603.7,4658.65,4670.2,4568.1,,4655.1,,,212,987904,97,F1,1,,,,,
10-07-2026,10-07-2026,CM,BSE,STK,531268,INE151B01011,B2BSOFT,X,,,,,B2B SOFTWARE TECHNOLOGIES LTD.,23.48,24.9,22.98,24.02,24.85,23.48,,24.02,,,29690,697010,191,F1,1,,,,,
10-07-2026,10-07-2026,CM,BSE,STK,531272,INE526C01012,NIKKIGL,X,,,,,NIKKI GLOBAL FINANCE LTD.,18.04,18.04,18.02,18.02,18.02,18.38,,18.02,,,660,11903,4,F1,1,,,,,
10-07-2026,10-07-2026,CM,BSE,STK,531273,INE986B01044,RADHEDE,X,,,,,RADHE DEVELOPERS (INDIA) LTD.,1.57,1.68,1.56,1.63,1.63,1.56,,1.63,,,57186,92350,142,F1,1,,,,,
10-07-2026,10-07-2026,CM,BSE,STK,531274,INE674M01019,KINETRU,X,,,,,KINETIC TRUST LTD.,31.83,31.83,31.83,31.83,31.83,30.32,,31.83,,,39,1241,3,F1,1,,,,,
10-07-2026,10-07-2026,CM,BSE,STK,531278,INE785D01012,ELIXIR,X,,,,,Elixir Capital Limited,119.7,123,115.2,119,119.1,117.8,,119,,,446,52149,30,F1,1,,,,,
10-07-2026,10-07-2026,CM,BSE,STK,531279,INE238C01022,TRISHAKT,X,,,,,Trishakti Industries Limited,168.8,175.5,166.1,172,174.5,169.1,,172,,,22075,3779798,322,F1,1,,,,,
10-07-2026,10-07-2026,CM,BSE,STK,531280,INE698B01011,PANKAJPO,X,,,,,PANKAJ POLYMERS LTD.,68,71.74,67,71.74,71.74,68.33,,71.74,,,7167,504714,40,F1,1,,,,,
10-07-2026,10-07-2026,CM,BSE,STK,531281,INE807H01023,MARBLE,X,,,,,MARBLE CITY INDIA LIMITED,126.65,132.05,126.65,127.9,130.85,127.25,,127.9,,,2086,267773,33,F1,1,,,,,
10-07-2026,10-07-2026,CM,BSE,STK,531283,INE897D01015,CINDRELL,X,,,,,CINDRELLA FINANCIAL SERVICES L,11.5,11.5,11.5,11.5,11.5,11.55,,11.5,,,30,345,1,F1,1,,,,,
10-07-2026,10-07-2026,CM,BSE,STK,531287,INE896D01017,NATPLASTI,X,,,,,NATIONAL PLASTIC TECHNOLOGIES,207.05,215.65,205,213.5,208,206.05,,213.5,,,1056,219095,32,F1,1,,,,,
10-07-2026,10-07-2026,CM,BSE,STK,531289,INE643C01015,NATFIT,X,,,,,NATIONAL FITTINGS LIMITED,148,153,147.95,153,153,150,,153,,,12295,1863633,64,F1,1,,,,,
10-07-2026,10-07-2026,CM,BSE,STK,531297,INE885B01014,ARTEFACT,X,,,,,ARTEFACT PROJECTS LTD.,53.73,57.3,53.73,55.19,55.19,54.21,,55.19,,,5016,280913,41,F1,1,,,,,
10-07-2026,10-07-2026,CM,BSE,STK,531304,INE960H01012,NUTECGLOB,X,,,,,NUTECH GLOBAL LTD.,24.65,24.65,24.65,24.65,24.65,23.53,,24.65,,,90,2218,2,F1,1,,,,,
10-07-2026,10-07-2026,CM,BSE,STK,531306,INE590D01016,DHPIND,X,,,,,DHP INDIA LTD.,528.5,535,526.9,527.05,534,524.05,,527.05,,,261,138021,12,F1,1,,,,,
10-07-2026,10-07-2026,CM,BSE,STK,531307,INE951M01037,RRIL,B,,,,,RRIL LIMITED,17.15,18.34,17.15,17.83,17.42,17.5,,17.74,,,6583,116455,63,F1,1,,,,,
10-07-2026,10-07-2026,CM,BSE,STK,531310,INE325G01010,AVAILFC,B,,,,,AVAILABLE FINANCE LTD.,150.4,153.25,150,150.7,153,150.4,,150.7,,,701,106369,26,F1,1,,,,,
10-07-2026,10-07-2026,CM,BSE,STK,531314,INE366H01012,INTCAPL,X,,,,,INTEGRA CAPITAL LIMITED,12.77,12.77,12.77,12.77,12.77,12.83,,12.77,,,550,7023,1,F1,1,,,,,
10-07-2026,10-07-2026,CM,BSE,STK,531319,INE368C01019,MGIL,XT,,,,,MARUTI GLOBAL INDUSTRIES LIMIT,39.5,39.8,39.28,39.28,39.28,39.5,,39.28,,,94,3721,11,F1,1,,,,,
10-07-2026,10-07-2026,CM,BSE,STK,531322,INE293B01029,HAVISHA,B,,,,,SRI HAVISHA HOSPITALITY INFRAS,1.21,1.21,1.11,1.13,1.14,1.19,,1.12,,,8987,10131,135,F1,1,,,,,
10-07-2026,10-07-2026,CM,BSE,STK,531324,INE475C01012,ROSELABS,X,,,,,ROSELABS FINANCE LTD.,21.73,21.73,20.65,21.67,21.73,21.73,,21.67,,,1106,23871,8,F1,1,,,,,
10-07-2026,10-07-2026,CM,BSE,STK,531328,INE128R01023,KRETTOSYS,XT,,,,,KRETTO SYSCON LIMITED,0.54,0.55,0.53,0.53,0.53,0.55,,0.53,,,866647,462905,363,F1,1,,,,,
10-07-2026,10-07-2026,CM,BSE,STK,531335,INE768C01028,ZYDUSWELL,A,,,,,ZYDUS WELLNESS LTD.,571.35,599.95,571.35,592.2,592.2,571.2,,592.45,,,27141,15920086,953,F1,1,,,,,
10-07-2026,10-07-2026,CM,BSE,STK,531338,INE151H01018,MILESTONE,X,,,,,MILESTONE GLOBAL LTD.,17.2,17.21,17.2,17.21,17.21,17.21,,17.21,,,100,1720,2,F1,1,,,,,
10-07-2026,10-07-2026,CM,BSE,STK,531340,INE348I01018,BERVINL,X,,,,,BERVIN INVESTMENT & LEASING LT,53.78,54.98,53.77,53.83,54.98,56.6,,53.83,,,22,1184,3,F1,1,,,,,
10-07-2026,10-07-2026,CM,BSE,STK,531341,INE373D01017,GUJINV,X,,,,,GUJARAT INVESTA LTD.,21,21,19.34,19.34,19.34,20.35,,19.34,,,5007,96838,4,F1,1,,,,,
10-07-2026,10-07-2026,CM,BSE,STK,531344,INE111A01025,CONCOR,A,,,,,CONTAINER CORPORATION OF INDIA,461.25,470.6,461.25,464.25,464.25,457.05,,463.75,,,50849,23699820,1299,F1,1,,,,,
10-07-2026,10-07-2026,CM,BSE,STK,531346,INE500D01015,EASTRED,X,,,,,EASTERN TREADS LTD.,30.4,30.4,29.5,29.5,29.5,29.53,,29.5,,,144,4306,10,F1,1,,,,,
10-07-2026,10-07-2026,CM,BSE,STK,531349,INE922B01023,PANACEABIO,B,,,,,PANACEA BIOTEC LTD.,558.05,560.65,546,546.6,546.25,555.45,,546.6,,,9708,5359829,326,F1,1,,,,,
10-07-2026,10-07-2026,CM,BSE,STK,531352,INE328D01011,PEETISEC,X,,,,,PEETI SECURITIES LTD.,17.58,17.99,17.58,17.94,17.99,18.5,,17.94,,,2609,46154,11,F1,1,,,,,
10-07-2026,10-07-2026,CM,BSE,STK,531357,INE763M01028,MERCURYEV,T,,,,,MERCURY EV-TECH LIMITED,36.29,36.29,34.51,35.58,35.58,35.87,,35.69,,,19702,689974,155,F1,1,,,,,
10-07-2026,10-07-2026,CM,BSE,STK,531358,INE102B01014,CHOICEIN,A,,,,,CHOICE INTERNATIONAL LTD.,834.9,845.7,820.05,835.4,833,829.9,,835,,,86685,72717700,6158,F1,1,,,,,
10-07-2026,10-07-2026,CM,BSE,STK,531359,INE777G01012,SRAMSET,X,,,,,SHRIRAM ASSET MANAGEMENT CO.LT,285.5,295,271.15,290.7,290,280.25,,290.7,,,6892,1953222,115,F1,1,,,,,
10-07-2026,10-07-2026,CM,BSE,STK,531364,INE005E01013,EKANSH,X,,,,,Ekansh Concepts Limited,237.2,242,234,239.9,240,236.05,,239.9,,,3808,908588,64,F1,1,,,,,
10-07-2026,10-07-2026,CM,BSE,STK,531370,INE960B01015,SPAR,XT,,,,,SPARC ELECTREX LIMITED,4.51,4.87,4.51,4.87,4.87,4.64,,4.87,,,7558,36801,25,F1,1,,,,,
10-07-2026,10-07-2026,CM,BSE,STK,531373,INE319B01014,BYKE,T,,,,,THE BYKE HOSPITALITY LTD.,34.5,35.25,34,34.01,34.01,33.88,,34.01,,,6748,233950,22,F1,1,,,,,
10-07-2026,10-07-2026,CM,BSE,STK,531380,INE405H01018,CSURGSU,X,,,,,CENTENIAL SURGICAL SUTURE LTD.,80,80.89,80,80.01,80,77.04,,80.01,,,10,804,7,F1,1,,,,,
10-07-2026,10-07-2026,CM,BSE,STK,531381,INE413D01011,ARIHANT,B,,,,,ARIHANT FOUNDATIONS & HOUSING,773.05,835,773,808.7,835,789.4,,808.65,,,164,131575,57,F1,1,,,,,
10-07-2026,10-07-2026,CM,BSE,STK,531387,INE671D01014,HASTIFIN,X,,,,,HASTI FINANCE LTD.,5.22,5.22,5.22,5.22,5.22,5.24,,5.22,,,79,412,2,F1,1,,,,,
10-07-2026,10-07-2026,CM,BSE,STK,531390,INE890B01014,UPSURGE,X,,,,,UPSURGE INVESTMENT & FINANCE L,71.1,75.4,71.1,72.99,72.98,72.8,,72.99,,,35066,2608697,102,F1,1,,,,,
10-07-2026,10-07-2026,CM,BSE,STK,531395,INE448D01025,PADAMCO,X,,,,,PADAM COTTON YARNS LTD.,0.95,0.95,0.92,0.93,0.93,0.95,,0.93,,,1112358,1039962,483,F1,1,,,,,
10-07-2026,10-07-2026,CM,BSE,STK,531396,INE905B01010,WOMENNET,X,,,,,WOMEN NETWORKS LTD.,9.41,9.41,9.41,9.41,9.41,9.9,,9.41,,,58,545,2,F1,1,,,,,
10-07-2026,10-07-2026,CM,BSE,STK,531397,INE262C01014,POLYCON,X,,,,,POLYCON INTERNATIONAL LTD.,21.89,21.89,20.9,20.9,20.9,22,,20.9,,,12,251,3,F1,1,,,,,
10-07-2026,10-07-2026,CM,BSE,STK,531398,INE679C01027,SOURCENTRL,X,,,,,SOURCE NATURAL FOODS & HERBAL,118.95,118.95,111.15,111.3,111.15,114.7,,111.3,,,2608,292187,34,F1,1,,,,,
10-07-2026,10-07-2026,CM,BSE,STK,531399,INE493B01017,GGAUTO,X,,,,,G.G.AUTOMOTIVE GEARS LTD.,170.7,171.5,166,168.65,168.7,167,,168.65,,,11368,1923779,207,F1,1,,,,,
10-07-2026,10-07-2026,CM,BSE,STK,531400,INE326B01035,ALMONDZ,B,,,,,ALMONDZ GLOBAL SECURITIES LTD.,13.48,13.48,13.08,13.14,13.14,13.48,,13.17,,,4396,57696,37,F1,1,,,,,
10-07-2026,10-07-2026,CM,BSE,STK,531402,INE281M01013,LWSKNIT,X,,,,,LWS KNITWEAR LTD.,15.8,16.74,15.67,16.12,15.67,15.75,,16.12,,,2114,33291,12,F1,1,,,,,
10-07-2026,10-07-2026,CM,BSE,STK,531406,INE234J01018,ANSINDUS,X,,,,,ANS INDUSTRIES LTD,11.17,11.17,10.41,10.41,10.41,10.95,,10.41,,,3,32,3,F1,1,,,,,
10-07-2026,10-07-2026,CM,BSE,STK,531411,INE560D01027,TUNITEX,X,,,,,TUNI TEXTILE MILLS LTD.,1.04,1.04,1.01,1.01,1.03,0.99,,1.01,,,85852,87675,111,F1,1,,,,,
10-07-2026,10-07-2026,CM,BSE,STK,531412,INE576N01014,RADIXIND,XT,,,,,RADIX INDUSTRIES (INDIA) LIMIT,151.2,166.5,151.15,151.7,151.3,158.95,,151.7,,,974,149952,38,F1,1,,,,,
10-07-2026,10-07-2026,CM,BSE,STK,531416,INE603F01012,NARPROP,X,,,,,NARENDRA PROPERTIES LTD.,40.59,40.59,38.66,38.77,38.81,38.5,,38.77,,,8,312,6,F1,1,,,,,
10-07-2026,10-07-2026,CM,BSE,STK,531417,INE804B01023,MEGACOR,XT,,,,,MEGA CORPORATION LTD.,3.05,3.05,3.05,3.05,3.05,3.11,,3.05,,,5849,17839,30,F1,1,,,,,
10-07-2026,10-07-2026,CM,BSE,STK,531420,INE644K01016,BMBMUMG,X,,,,,BMB MUSIC & MAGNETICS LTD.,6.79,6.8,6.79,6.8,6.8,6.48,,6.8,,,3715,25260,16,F1,1,,,,,
10-07-2026,10-07-2026,CM,BSE,STK,531426,INE107A01015,TNPL,B,,,,,TAMIL NADU NEWSPRINT & PAPERS,143.6,145.15,142.2,143.95,143.5,144,,143.74,,,4292,615776,288,F1,1,,,,,
10-07-2026,10-07-2026,CM,BSE,STK,531431,INE908D01010,SHAKTIPUMP,A,,,,,SHAKTI PUMPS (INDIA) LTD.,575,582.15,572.2,580,580.5,572.7,,579.25,,,38390,22138922,956,F1,1,,,,,
10-07-2026,10-07-2026,CM,BSE,STK,531436,INE474D01013,SAFFRON,X,,,,,SAFFRON INDUSTRIES LIMITED,31,31,29,30.25,30.25,28.88,,30.25,,,1307,39927,14,F1,1,,,,,
10-07-2026,10-07-2026,CM,BSE,STK,531437,INE523I01016,PWASML,X,,,,,Prakash Woollen & Synthetic Mi,22.5,23.4,21.56,22.1,22.6,22.52,,22.1,,,5337,119035,56,F1,1,,,,,
10-07-2026,10-07-2026,CM,BSE,STK,531439,INE805A01014,GOLDTECH,T,,,,,AION-TECH SOLUTIONS LIMITED,60.6,60.6,60.6,60.6,60.6,57.72,,60.95,,,383,23209,6,F1,1,,,,,
10-07-2026,10-07-2026,CM,BSE,STK,531441,INE100F01019,LYONSCO,X,,,,,LYONS CORPORATE MARKET LTD.,24.2,24.45,24.2,24.45,24.45,24.2,,24.45,,,49,1186,4,F1,1,,,,,
10-07-2026,10-07-2026,CM,BSE,STK,531449,INE192H01020,GRMOVER,B,,,,,GRM OVERSEAS LTD.,99.58,99.6,97.34,97.59,97.59,97.9,,97.58,,,60307,5949096,287,F1,1,,,,,
10-07-2026,10-07-2026,CM,BSE,STK,531453,INE954E01012,MOHITIND,B,,,,,MOHIT INDUSTRIES LTD.,22.81,23.51,22.81,23.51,23.51,23.34,,22.99,,,128,2974,20,F1,1,,,,,
10-07-2026,10-07-2026,CM,BSE,STK,531454,INE323D01020,POLYLINK,X,,,,,POLYLINK POLYMERS (INDIA) LTD.,20.99,20.99,20.55,20.9,20.9,20.43,,20.9,,,3441,71546,23,F1,1,,,,,
10-07-2026,10-07-2026,CM,BSE,STK,531456,INE952C01028,MINAXI,X,,,,,MINAXI TEXTILES LTD.,1.42,1.57,1.42,1.55,1.55,1.42,,1.55,,,12370,17777,18,F1,1,,,,,
10-07-2026,10-07-2026,CM,BSE,STK,531458,INE109B01019,BOSTON,X,,,,,BOSTON COMMERCE LIMITED,5.32,5.58,5.32,5.32,5.32,5.32,,5.32,,,1295,6892,7,F1,1,,,,,
10-07-2026,10-07-2026,CM,BSE,STK,531460,INE545B01022,CONTICON,X,,,,,CONTINENTAL CONTROLS LTD.,7.39,7.39,7.39,7.39,7.39,7.77,,7.39,,,268,1980,2,F1,1,,,,,
10-07-2026,10-07-2026,CM,BSE,STK,531465,INE317B01042,NOUVEAU,X,,,,,NOUVEAU GLOBAL VENTURES LTD.,0.29,0.29,0.28,0.28,0.28,0.28,,0.28,,,449792,128993,88,F1,1,,,,,
10-07-2026,10-07-2026,CM,BSE,STK,531471,INE397G01019,DUKEOFS,XT,,,,,DUKE OFFSHORE LTD.,28.52,28.52,28.52,28.52,28.52,27.97,,28.52,,,3626,103413,23,F1,1,,,,,
10-07-2026,10-07-2026,CM,BSE,STK,531472,INE183D01010,CYBELEIND,X,,,,,CYBELE INDUSTRIES LTD.,43.02,45.58,41.56,42.02,43.94,43.47,,42.02,,,3874,166981,44,F1,1,,,,,
10-07-2026,10-07-2026,CM,BSE,STK,531486,INE600B01033,FILME,XT,,,,,FILMCITY MEDIA LTD.,2.12,2.12,2.12,2.12,2.12,2.08,,2.12,,,110980,235277,9,F1,1,,,,,
10-07-2026,10-07-2026,CM,BSE,STK,531489,INE084D01010,CGVAK,X,,,,,CG-VAK SOFTWARE & EXPORTS LTD.,166.7,166.7,157.05,162.05,162.05,157.9,,162.05,,,4498,721536,104,F1,1,,,,,
10-07-2026,10-07-2026,CM,BSE,STK,531494,INE268H01044,NAVKARURB,T,,,,,NAVKAR URBANSTRUCTURE LIMITED,0.95,0.99,0.91,0.98,0.99,0.95,,0.97,,,133940,127442,55,F1,1,,,,,
10-07-2026,10-07-2026,CM,BSE,STK,531495,INE472B01011,BLUECOAST,T,,,,,BLUE COAST HOTELS LTD.,27.57,27.57,27.53,27.53,27.53,27.03,,27.37,,,110,3032,2,F1,1,,,,,
10-07-2026,10-07-2026,CM,BSE,STK,531500,INE343B01030,RAJESHEXPO,Z,,,,,RAJESH EXPORTS LTD.,94.95,97.75,91.2,94.98,94.98,93.11,,93.76,,,29893,2795943,334,F1,1,,,,,
10-07-2026,10-07-2026,CM,BSE,STK,531502,INE404L01039,ESARIND,X,,,,,ESAAR (INDIA) LTD.,10.28,10.65,10.28,10.36,10.49,10.48,,10.36,,,15458,159961,66,F1,1,,,,,
10-07-2026,10-07-2026,CM,BSE,STK,531503,INE866D01010,MARIS,X,,,,,MARIS SPINNERS LTD.,28.99,28.99,27.05,27.4,27.3,28.71,,27.4,,,1482,41029,33,F1,1,,,,,
10-07-2026,10-07-2026,CM,BSE,STK,531505,INE628F01019,INDERGR,XT,,,,,INDERGIRI FINANCE LTD.,26.56,26.56,26.18,26.18,26.18,25.3,,26.18,,,120,3176,4,F1,1,,,,,
10-07-2026,10-07-2026,CM,BSE,STK,531508,INE128A01029,EVEREADY,B,,,,,EVEREADY INDUSTRIES INDIA LTD.,353.8,365.6,353.8,361.35,361.85,354.6,,361.25,,,13147,4746647,651,F1,1,,,,,
10-07-2026,10-07-2026,CM,BSE,STK,531509,INE623D01015,STEP2COR,X,,,,,STEP TWO CORPORATION LTD.,21.93,22.49,21.93,21.93,21.93,21.5,,21.93,,,139,3079,8,F1,1,,,,,
10-07-2026,10-07-2026,CM,BSE,STK,531512,INE681D01039,ORIENTTR,X,,,,,ORIENT TRADELINK LTD.,5.93,5.93,5.38,5.42,5.48,5.66,,5.42,,,155644,869934,472,F1,1,,,,,
10-07-2026,10-07-2026,CM,BSE,STK,531518,INE767B01022,VIKASPROP,Z,,,,,VIKAS PROPPANT & GRANITE LTD.,0.28,0.28,0.27,0.28,0.28,0.28,,0.28,,,99013,27002,59,F1,1,,,,,
10-07-2026,10-07-2026,CM,BSE,STK,531525,INE849B01010,ACESOFT,X,,,,,ACE SOFTWARE EXPORTS LTD.,113.5,115,111,113.15,113.15,112.8,,113.15,,,66317,7466405,257,F1,1,,,,,
10-07-2026,10-07-2026,CM,BSE,STK,531529,INE562E01021,SOFTRAKV,XT,,,,,SOFTRAK VENTURE INVESTMENT LTD,1.7,1.7,1.62,1.69,1.69,1.7,,1.69,,,22577,36664,48,F1,1,,,,,
10-07-2026,10-07-2026,CM,BSE,STK,531531,INE473B01035,HATSUN,A,,,,,HATSUN AGRO PRODUCT LTD.,920.25,920.25,900,904.6,904.7,903.1,,903.2,,,162,146415,45,F1,1,,,,,
10-07-2026,10-07-2026,CM,BSE,STK,531533,INE578B01015,ACCEDERE,XT,,,,,ACCEDERE LIMITED,57.79,60.3,57.79,57.79,57.79,60.83,,57.79,,,3178,183667,31,F1,1,,,,,
10-07-2026,10-07-2026,CM,BSE,STK,531537,INE681K01026,MIZVEN,X,,,,,MIZZEN VENTURES LIMITED,119,119,114.7,114.7,114.7,120.7,,114.7,,,2091,241944,22,F1,1,,,,,
10-07-2026,10-07-2026,CM,BSE,STK,531539,INE864D01015,RISHDIGA,X,,,,,RISHABH DIGHA STEEL & ALLIED P,30,37,30,35.5,35.5,32.21,,35.5,,,168,5802,12,F1,1,,,,,
10-07-2026,10-07-2026,CM,BSE,STK,531540,INE392G01028,MAINFRA,XT,,,,,MARUTI INFRASTRUCTURE LTD.,11.75,11.9,11.5,11.61,11.8,11.79,,11.61,,,3487,40586,44,F1,1,,,,,
10-07-2026,10-07-2026,CM,BSE,STK,531541,INE881A01015,KOBO,Z,,,,,KOBO BIOTECH LIMITED,9.09,9.09,9.09,9.09,9.09,8.92,,9.09,,,75543,686685,36,F1,1,,,,,
10-07-2026,10-07-2026,CM,BSE,STK,531543,INE247D01039,JINDWORLD,B,,,,,JINDAL WORLDWIDE LTD.,28.88,29.63,28.75,29.43,29.63,28.59,,29.37,,,18449,537946,195,F1,1,,,,,
10-07-2026,10-07-2026,CM,BSE,STK,531548,INE355A01028,SOMANYCERA,B,,,,,SOMANY CERAMICS LTD.,517.9,528.5,514.6,518.4,518.65,509.3,,519.6,,,6393,3335921,474,F1,1,,,,,
10-07-2026,10-07-2026,CM,BSE,STK,531550,INE865D01012,JHACC,X,,,,,JHAVERI CREDITS & CAPITAL LTD.,205,205,181.1,185.45,188.9,190.8,,185.45,,,682,129234,40,F1,1,,,,,
10-07-2026,10-07-2026,CM,BSE,STK,531552,INE754B01012,RAGHUTOB,X,,,,,RAGHUNATH TOBACCO CO.LTD.,15.14,15.45,14.85,15.2,15.2,15.14,,15.2,,,1000,15030,10,F1,1,,,,,
10-07-2026,10-07-2026,CM,BSE,STK,531556,INE558D01021,CORALFINAC,B,,,,,CORAL INDIA FINANCE & HOUSING,33.69,34.4,33.69,34.07,34.4,34.18,,33.94,,,322,10959,15,F1,1,,,,,
10-07-2026,10-07-2026,CM,BSE,STK,531557,INE137E01014,AMITSEC,X,,,,,AMIT SECURITIES LTD.,50.6,50.6,45.79,50,50,48.2,,50,,,36,1659,8,F1,1,,,,,
10-07-2026,10-07-2026,CM,BSE,STK,531568,INE723K01018,ASHUTPM,X,,,,,ASHUTOSH PAPER MILLS LTD.,6.2,6.2,6.2,6.2,6.2,6.2,,6.2,,,2292,14210,2,F1,1,,,,,
10-07-2026,10-07-2026,CM,BSE,STK,531569,INE860D01013,SANJIVIN,X,,,,,SANJIVANI PARANTERAL LTD.,143.05,147.45,143.05,144,144,143.05,,144,,,5657,827752,82,F1,1,,,,,
10-07-2026,10-07-2026,CM,BSE,STK,531572,INE863D01017,RANJITSE,XT,,,,,RANJIT SECURITIES LTD.,56.28,56.28,56.28,56.28,56.28,57.42,,56.28,,,11,619,2,F1,1,,,,,
10-07-2026,10-07-2026,CM,BSE,STK,531574,INE192C01013,VASINFRA,XT,,,,,VAS INFRASTRUCTURE LTD.,8.07,8.07,8.07,8.07,8.07,8.49,,8.07,,,11663,94120,12,F1,1,,,,,
10-07-2026,10-07-2026,CM,BSE,STK,531578,INE580H01026,KMFBLDR,X,,,,,KMF BUILDERS & DEVELOPERS LTD.,6.61,6.61,6.61,6.61,6.61,6.95,,6.61,,,110,727,2,F1,1,,,,,
10-07-2026,10-07-2026,CM,BSE,STK,531582,INE508J01015,BERYLSE,XT,,,,,BERYL SECURITIES LTD.,29.96,30,29.96,30,30,30.11,,30,,,5,149,2,F1,1,,,,,
10-07-2026,10-07-2026,CM,BSE,STK,531583,INE483D01014,RAP,X,,,,,RAP CORP LIMITED,33.9,33.9,33.9,33.9,33.9,33.81,,33.9,,,5,169,1,F1,1,,,,,
10-07-2026,10-07-2026,CM,BSE,STK,531591,INE802A01037,BAMPSL,X,,,,,BAMPSL SECURITIES LTD.,19.78,23.65,19.5,19.97,19.97,19.78,,19.97,,,14915,299835,66,F1,1,,,,,
10-07-2026,10-07-2026,CM,BSE,STK,531592,INE861N01036,GENPHARMA,X,,,,,GENPHARMASEC LIMITED,1.07,1.12,1.07,1.12,1.11,1.05,,1.12,,,197823,218823,191,F1,1,,,,,
10-07-2026,10-07-2026,CM,BSE,STK,531594,INE507D01010,INCON,XT,,,,,INCON ENGINEERS LTD.,35.61,35.61,35.61,35.61,35.61,33.92,,35.61,,,37851,1347874,46,F1,1,,,,,
10-07-2026,10-07-2026,CM,BSE,STK,531595,INE180C01042,CGCL,A,,,,,CAPRI GLOBAL CAPITAL LIMITED,255.85,264.6,250.8,252,252,252.6,,252.22,,,286846,73895265,3209,F1,1,,,,,
10-07-2026,10-07-2026,CM,BSE,STK,531599,INE258B01022,FDC,B,,,,,FDC LTD.,427.05,436.45,427,432,430.45,431.85,,432.3,,,7299,3157145,290,F1,1,,,,,
10-07-2026,10-07-2026,CM,BSE,STK,531608,INE792J01015,GORANIN,XT,,,,,GORANI INDUSTRIES LTD.,46.9,46.9,46.85,46.85,46.85,46.9,,46.85,,,18,843,4,F1,1,,,,,
10-07-2026,10-07-2026,CM,BSE,STK,531613,INE100C01024,MAL,XT,,,,,Meyer Apparel Limited,1.89,1.98,1.89,1.98,1.98,1.98,,1.98,,,19013,37623,11,F1,1,,,,,
10-07-2026,10-07-2026,CM,BSE,STK,531624,INE695B01025,COUNCODOS,B,,,,,COUNTRY CONDOS LTD.,5.42,6.08,5.06,5.88,5.88,5.07,,5.86,,,79305,456613,233,F1,1,,,,,
10-07-2026,10-07-2026,CM,BSE,STK,531626,INE628B01034,OROSMITHS,XT,,,,,OROSIL SMITHS INDIA LTD.,6.24,6.35,5.97,6.21,6.25,6.24,,6.21,,,48092,299434,167,F1,1,,,,,
10-07-2026,10-07-2026,CM,BSE,STK,531628,INE173E01019,TEJASSVI,XT,,,,,TEJASSVI AAHARAM LIMITED,55,55.2,55,55.2,55.2,54.12,,55.2,,,91483,5031855,39,F1,1,,,,,
10-07-2026,10-07-2026,CM,BSE,STK,531633,INE405C01035,LINCOLN,B,,,,,LINCOLN PHARMACEUTICALS LTD.,611.4,621.35,608.95,617.65,615.15,614.4,,615.65,,,3052,1879088,289,F1,1,,,,,
10-07-2026,10-07-2026,CM,BSE,STK,531635,INE870J01019,SILVOAK,X,,,,,SILVER OAK (INDIA) LTD.,76.61,78,76,76,76,75.86,,76,,,259,19862,17,F1,1,,,,,
10-07-2026,10-07-2026,CM,BSE,STK,531637,INE722B01019,PRAVEG,B,,,,,PRAVEG LIMITED,238.25,241.45,236.3,238.9,238,231.9,,238.21,,,6051,1446278,400,F1,1,,,,,
10-07-2026,10-07-2026,CM,BSE,STK,531642,INE196A01026,MARICO,A,,,,,MARICO LTD.,864.95,864.95,848,852.5,851.65,859.4,,852.5,,,171403,146451392,1368,F1,1,,,,,
10-07-2026,10-07-2026,CM,BSE,STK,531644,INE546D01018,TOKYOFIN,X,,,,,TOKYO FINANCE LTD.,18.1,18.96,18.1,18.61,18.58,18.4,,18.61,,,903,16605,16,F1,1,,,,,
10-07-2026,10-07-2026,CM,BSE,STK,531651,INE654H01011,NATGENI,XT,,,,,NATIONAL GENERAL INDUSTRIES LT,58.73,58.73,53.15,58.36,58.36,55.94,,58.36,,,1265,68994,20,F1,1,,,,,
10-07-2026,10-07-2026,CM,BSE,STK,531652,INE528C01018,UVS,X,,,,,UVS HOSPITALITY AND SERVICES L,97.99,99.99,92.36,94.99,95,95.14,,94.99,,,4688,453710,47,F1,1,,,,,
10-07-2026,10-07-2026,CM,BSE,STK,531658,INE454E01013,ABATEAS,X,,,,,ABATE AS INDUSTRIES LIMITED,10.05,10.05,9.53,9.98,9.98,9.6,,9.98,,,3906,38385,60,F1,1,,,,,
10-07-2026,10-07-2026,CM,BSE,STK,531661,INE863C01019,HITTCO,X,,,,,HITTCO TOOLS LTD.,13.75,13.76,13.11,13.76,13.76,13.11,,13.76,,,174307,2396372,98,F1,1,,,,,
10-07-2026,10-07-2026,CM,BSE,STK,531663,INE139D01020,YUVRAAJHPL,XT,,,,,YUVRAAJ HYGIENE PRODUCTS LTD.,7.1,7.36,6.85,7.11,7.11,7.18,,7.11,,,45983,322413,74,F1,1,,,,,
10-07-2026,10-07-2026,CM,BSE,STK,531667,INE117K01013,RRMETAL,XT,,,,,RR METALMAKERS INDIA LIMITED,56.24,56.24,56.24,56.24,56.24,55.14,,56.24,,,52,2924,2,F1,1,,,,,
10-07-2026,10-07-2026,CM,BSE,STK,531668,INE661D01015,VISIONCO,X,,,,,VISION CORPORATION LTD.,2.48,2.48,2.34,2.34,2.34,2.3,,2.34,,,529,1264,6,F1,1,,,,,
10-07-2026,10-07-2026,CM,BSE,STK,531671,INE214D01021,KARNAWATI,XT,,,,,Karnawati Innovation Limited,1.22,1.27,1.22,1.26,1.26,1.21,,1.26,,,31683,39683,70,F1,1,,,,,
10-07-2026,10-07-2026,CM,BSE,STK,531673,INE067C01025,ANKIN,X,,,,,ANKA INDIA LTD.,21.28,21.73,20.3,20.96,20.31,20.86,,20.96,,,9063,190179,25,F1,1,,,,,
10-07-2026,10-07-2026,CM,BSE,STK,531676,INE554H01021,EMROCK,XT,,,,,EMROCK CORPORATION LIMITED,256.5,269,256.5,256.5,256.5,269.95,,256.5,,,2076,534215,35,F1,1,,,,,
10-07-2026,10-07-2026,CM,BSE,STK,531680,INE799E01011,MAYUR,X,,,,,MAYUR LEATHER PRODUCTS LTD.,22.96,24.6,22.9,24.22,24.22,23.43,,24.22,,,15189,363792,38,F1,1,,,,,
10-07-2026,10-07-2026,CM,BSE,STK,531681,INE673C01020,AMERISE,X,,,,,AMERISE BIOSCIENCES LIMITED,0.8,0.84,0.8,0.84,0.84,0.8,,0.84,,,36730,30573,34,F1,1,,,,,
10-07-2026,10-07-2026,CM,BSE,STK,531685,INE776R01011,FRONTFN,XT,,,,,FRONTLINE FINANCIAL SERVICES L,22.63,22.63,22.63,22.63,22.63,22.19,,22.63,,,1,22,1,F1,1,,,,,
10-07-2026,10-07-2026,CM,BSE,STK,531688,INE621B01021,PRITHVIEXCH,X,,,,,Prithvi Exchange (India) Limit,106,106,103.05,103.55,105,101.15,,103.55,,,1713,179205,26,F1,1,,,,,
10-07-2026,10-07-2026,CM,BSE,STK,531692,INE593B01030,KHYATI,XT,,,,,KHYATI MULTIMEDIA-ENTERTAINMEN,3.45,3.62,3.3,3.48,3.55,3.45,,3.48,,,1525,5258,16,F1,1,,,,,
10-07-2026,10-07-2026,CM,BSE,STK,531694,INE230F01014,RAINBOWF,X,,,,,RAINBOW FOUNDATIONS LTD.,38.45,38.45,37.25,38.41,38.45,38.45,,38.41,,,941,35807,25,F1,1,,,,,
10-07-2026,10-07-2026,CM,BSE,STK,531716,INE843F01014,TRICOMFRU,XT,,,,,TRICOM FRUIT PRODUCTS LIMITED,1.5,1.5,1.42,1.47,1.47,1.49,,1.47,,,2842,4142,20,F1,1,,,,,
10-07-2026,10-07-2026,CM,BSE,STK,531717,INE632C01026,VIDHIING,B,,,,,Vidhi Specialty Food Ingredien,295.95,299.3,290.4,294.85,294.2,292.4,,296.15,,,427,125286,43,F1,1,,,,,
10-07-2026,10-07-2026,CM,BSE,STK,531719,INE414D01027,BHAGCHEM,B,,,,,BHAGIRADHA CHEMICALS & INDUSTR,303.8,305.05,293.7,295.65,295.3,298.95,,295.9,,,8805,2640583,255,F1,1,,,,,
10-07-2026,10-07-2026,CM,BSE,STK,531723,INE224E01028,GATECH,B,,,,,GACM Technologies Limited,0.48,0.49,0.47,0.48,0.48,0.48,,0.48,,,569392,273708,106,F1,1,,,,,
10-07-2026,10-07-2026,CM,BSE,STK,531726,INE316G01019,PANCHSHEEL,X,,,,,PANCHSHEEL ORGANICS LTD.,122.95,123.2,121.3,122.4,122.4,123.2,,122.4,,,2938,359668,50,F1,1,,,,,
10-07-2026,10-07-2026,CM,BSE,STK,531727,INE650G01029,MENNPIS,B,,,,,MENON PISTONS LTD.,73.5,76.74,70.2,71.09,71.09,73.02,,71.28,,,34996,2540013,677,F1,1,,,,,
10-07-2026,10-07-2026,CM,BSE,STK,531737,INE414C01045,GREENCREST,X,,,,,GREENCREST FINANCIAL SERVICES,0.53,0.53,0.51,0.52,0.52,0.52,,0.52,,,52208,26943,84,F1,1,,,,,
10-07-2026,10-07-2026,CM,BSE,STK,531739,INE509C01026,GENNEX,X,,,,,GENNEX LABORATORIES LTD.,9.75,10,9.69,9.93,9.93,9.71,,9.93,,,400152,3979046,445,F1,1,,,,,
10-07-2026,10-07-2026,CM,BSE,STK,531746,INE505C01016,PRAENG,B,,,,,PRAJAY ENGINEERS SYNDICATE LTD,19.5,20.03,19.47,19.69,19.65,19.45,,19.78,,,4514,88818,21,F1,1,,,,,
10-07-2026,10-07-2026,CM,BSE,STK,531752,INE703D01023,BIOGEN,X,,,,,BIOGEN PHARMACHEM INDUSTRIES L,0.29,0.29,0.28,0.29,0.29,0.29,,0.29,,,1819095,523595,809,F1,1,,,,,
10-07-2026,10-07-2026,CM,BSE,STK,531758,INE131D01019,GKCONS,X,,,,,G.K.CONSULTANTS LTD.,14.34,14.66,12.62,13.8,13.8,12.22,,13.8,,,8776,123381,54,F1,1,,,,,
10-07-2026,10-07-2026,CM,BSE,STK,531761,INE126J01016,APOLLOPIPE,B,,,,,APOLLO PIPES LIMITED,486.9,523.95,486.9,510.9,511,486.9,,511.1,,,30594,15669956,905,F1,1,,,,,
10-07-2026,10-07-2026,CM,BSE,STK,531762,INE576D01015,UNJHAFOR,X,,,,,UNJHA FORMULATIONS LTD.,24.39,24.8,24.27,24.28,24.28,23.39,,24.28,,,27003,660605,80,F1,1,,,,,
10-07-2026,10-07-2026,CM,BSE,STK,531768,INE205C01021,POLYMED,A,,,,,POLY MEDICURE LTD.,1646.6,1673.85,1646.6,1665.85,1670,1646.6,,1668.1,,,3664,6092508,358,F1,1,,,,,
10-07-2026,10-07-2026,CM,BSE,STK,531769,INE600F01018,PFLINFOTC,X,,,,,PFL INFOTECH LTD.,3.61,3.61,3.61,3.61,3.61,3.6,,3.61,,,7,25,1,F1,1,,,,,
10-07-2026,10-07-2026,CM,BSE,STK,531771,INE311M01018,SHRADDHA,X,,,,,SHRADDHA PRIME PROJECTS LTD,148.55,148.55,140.95,146.15,146.35,144.7,,146.15,,,8316,1191222,93,F1,1,,,,,
10-07-2026,10-07-2026,CM,BSE,STK,531778,INE059E01010,KACHCHH,XT,,,,,KACHCHH MINERALS LTD.,28.93,28.93,26.46,26.47,26.46,27.85,,26.47,,,1002,26522,3,F1,1,,,,,
10-07-2026,10-07-2026,CM,BSE,STK,531780,INE229G01022,KACL,XT,,,,,KAISER CORPORATION LIMITED,6.77,6.77,6.51,6.69,6.69,6.64,,6.69,,,317012,2121456,87,F1,1,,,,,
10-07-2026,10-07-2026,CM,BSE,STK,531784,INE469F01026,KCLINFRA,X,,,,,KCL Infra Projects Limited,1.23,1.25,1.21,1.22,1.21,1.24,,1.22,,,48035,58734,141,F1,1,,,,,
10-07-2026,10-07-2026,CM,BSE,STK,531794,INE331F01028,SESHACHAL,X,,,,,SESHACHAL TECHNOLOGIES LTD.,62.57,62.57,62.57,62.57,62.57,65.86,,62.57,,,627,39231,15,F1,1,,,,,
10-07-2026,10-07-2026,CM,BSE,STK,531795,INE951D01028,ATULAUTO,B,,,,,ATUL AUTO LTD.,496.8,496.8,489.6,490.9,491.6,490.9,,491.2,,,6586,3236099,218,F1,1,,,,,
10-07-2026,10-07-2026,CM,BSE,STK,531797,INE393D01015,SCANPRO,XT,,,,,SCAN PROJECTS LTD.,108,114.7,108,109.25,109.25,109.25,,109.25,,,2393,264508,9,F1,1,,,,,
10-07-2026,10-07-2026,CM,BSE,STK,531802,INE426H01014,PRERINFRA,X,,,,,PRERNA INFRABUILD LTD.,26.31,27.78,25.51,26,26.8,26.05,,26,,,10501,273277,52,F1,1,,,,,
10-07-2026,10-07-2026,CM,BSE,STK,531810,INE161E01014,METALCO,X,,,,,METAL COATINGS (INDIA) LTD.,49.99,50.99,49.66,50.01,50.01,49,,50.01,,,146,7354,10,F1,1,,,,,
10-07-2026,10-07-2026,CM,BSE,STK,531812,INE266C01023,SGNTE,X,,,,,SGN TELECOMS LTD.,0.52,0.53,0.52,0.52,0.52,0.53,,0.52,,,34486,17958,26,F1,1,,,,,
10-07-2026,10-07-2026,CM,BSE,STK,531813,INE278O01015,GANGAPA,X,,,,,GANGA PAPERS INDIA LTD.,80.5,84.5,80.5,84.5,84.5,80.6,,84.5,,,44,3682,3,F1,1,,,,,
10-07-2026,10-07-2026,CM,BSE,STK,531814,INE297J01023,TIRSARJ,X,,,,,TIRUPATI SARJAN LTD.,9.5,9.5,8.95,9,9,9.29,,9,,,6032,54466,25,F1,1,,,,,
10-07-2026,10-07-2026,CM,BSE,STK,531822,INE513E01024,RODIUM,X,,,,,RODIUM REALTY LIMITED,198.8,198.8,170.95,177,177,177,,177,,,336,58988,9,F1,1,,,,,
10-07-2026,10-07-2026,CM,BSE,STK,531832,INE793H01017,NAGTECH,XT,,,,,NAGARJUNA AGRI TECH LTD.,42.21,42.21,40.5,40.5,40.5,42,,40.5,,,3500,146952,10,F1,1,,,,,
10-07-2026,10-07-2026,CM,BSE,STK,531834,INE487B01019,NATHUEC,XT,,,,,NATURA HUE CHEM LTD.,35.07,35.07,35,35.07,35.07,33.4,,35.07,,,1965,68876,17,F1,1,,,,,
10-07-2026,10-07-2026,CM,BSE,STK,531840,INE172B01017,IECEDU,X,,,,,IEC EDUCATION LTD.,22.7,22.7,22.55,22.55,22.55,22.59,,22.55,,,580,13102,17,F1,1,,,,,
10-07-2026,10-07-2026,CM,BSE,STK,531841,INE935D01013,INDUSFINL,XT,,,,,Indus Finance Limited,156.05,156.05,148.25,151.75,151.75,156.05,,151.75,,,4700,707486,53,F1,1,,,,,
10-07-2026,10-07-2026,CM,BSE,STK,531842,INE515C01023,LAHOTIOV,B,,,,,LAHOTI OVERSEAS LTD.,47.9,47.9,43.99,43.99,43.99,44,,43.85,,,224,9908,8,F1,1,,,,,
10-07-2026,10-07-2026,CM,BSE,STK,531845,INE318D01020,ZENITHSTL,B,,,,,ZENITH STEEL PIPES AND  INDUST,5.57,5.64,5.57,5.61,5.64,5.57,,5.59,,,3891,21763,29,F1,1,,,,,
10-07-2026,10-07-2026,CM,BSE,STK,531846,INE884X01011,TRINITYLEA,X,,,,,TRINITY LEAGUE INDIA LTD.,11.4,11.4,10.99,10.99,10.99,11,,10.99,,,226,2570,6,F1,1,,,,,
10-07-2026,10-07-2026,CM,BSE,STK,531859,INE457G01029,ORIRAIL,X,,,,,ORIENTAL RAIL INFRASTRUCTURE L,119.45,120,116.2,116.65,116.65,116.75,,116.65,,,75774,8909640,512,F1,1,,,,,
10-07-2026,10-07-2026,CM,BSE,STK,531861,INE024B01010,JOINDRE,X,,,,,JOINDRE CAPITAL SERVICES LTD.,51.5,54.9,51.3,53.46,53.46,51.52,,53.46,,,3940,211466,93,F1,1,,,,,
10-07-2026,10-07-2026,CM,BSE,STK,531862,INE842D01029,BHARATAGRI,X,,,,,BHARAT AGRI FERT & REALTY LTD.,24.18,24.97,22.7,23.15,23.2,23.97,,23.15,,,57844,1349006,246,F1,1,,,,,
10-07-2026,10-07-2026,CM,BSE,STK,531867,INE929K01011,UNITINT,Z,,,,,UNITECH INTERNATIONAL LTD.,3.26,3.5,3.26,3.46,3.46,3.43,,3.46,,,810,2689,7,F1,1,,,,,
10-07-2026,10-07-2026,CM,BSE,STK,531869,INE433G01020,SACHEMT,X,,,,,SACHETA METALS LTD.,3.83,3.93,3.83,3.84,3.83,3.86,,3.84,,,33731,129679,92,F1,1,,,,,
10-07-2026,10-07-2026,CM,BSE,STK,531878,INE283D01018,ANJANIFIN,X,,,,,ANJANI FINANCE LTD.,7.88,8.25,7.88,8.25,8.25,7.89,,8.25,,,386,3091,8,F1,1,,,,,
10-07-2026,10-07-2026,CM,BSE,STK,531888,INE687C01012,REXNORD,XT,,,,,REXNORD ELECTRONICS & CONTROLS,80.55,83.95,80.55,81.06,80.95,81.9,,81.06,,,1362,111472,19,F1,1,,,,,
10-07-2026,10-07-2026,CM,BSE,STK,531889,INE882B01037,NWIL,X,,,,,NURTURE WELL INDUSTRIES LIMITE,26.69,27.93,26.07,26.66,26.66,26.17,,26.66,,,292545,7905580,1071,F1,1,,,,,
10-07-2026,10-07-2026,CM,BSE,STK,531893,INE248B01023,SAWACA,X,,,,,SAWACA ENTERPRISES LIMITED,0.3,0.31,0.29,0.3,0.3,0.29,,0.3,,,1081242,321376,294,F1,1,,,,,
10-07-2026,10-07-2026,CM,BSE,STK,531900,INE778E01031,CCLINTER,X,,,,,CCL INTERNATIONAL LTD.,22.7,23.5,22.56,23.37,23.39,22.7,,23.37,,,303,6983,13,F1,1,,,,,
10-07-2026,10-07-2026,CM,BSE,STK,531902,INE755J01012,GALLOPENT,XT,,,,,GALLOPS ENTERPRISE LTD.,33.69,33.69,33.69,33.69,33.69,32.09,,33.69,,,697,23481,10,F1,1,,,,,
10-07-2026,10-07-2026,CM,BSE,STK,531909,INE587J01027,CROISSANCE,X,,,,,CROISSANCE LIMITED,1.17,1.18,1.13,1.14,1.14,1.15,,1.14,,,25295,29163,54,F1,1,,,,,
10-07-2026,10-07-2026,CM,BSE,STK,531910,INE312M01016,JOJO,X,,,,,JOJO LIMITED,210,216.25,210,214.55,210,212.95,,214.55,,,358,75338,15,F1,1,,,,,
10-07-2026,10-07-2026,CM,BSE,STK,531911,INE803L01016,GALAGEX,X,,,,,GALAXY AGRICO EXPORTS LTD.,68,68,64,66.47,66.99,68.38,,66.47,,,22919,1522510,27,F1,1,,,,,
10-07-2026,10-07-2026,CM,BSE,STK,531918,INE02XD01011,HINDAPL,XT,,,,,HINDUSTAN APPLIANCES LTD.,114.95,119,109.25,111.55,113.8,114.95,,111.55,,,104,11916,18,F1,1,,,,,
10-07-2026,10-07-2026,CM,BSE,STK,531921,INE204E01012,AGARIND,B,,,,,AGARWAL INDUSTRIAL CORPORATION,534.6,542.85,521.05,538.6,536.5,524.9,,537.85,,,4080,2181883,187,F1,1,,,,,
10-07-2026,10-07-2026,CM,BSE,STK,531923,INE956B01013,DHAMPURE,X,,,,,DHAMPURE SPECIALITY SUGARS LTD,123.2,123.2,120.6,122.05,122.95,121.65,,122.05,,,2154,261809,25,F1,1,,,,,
10-07-2026,10-07-2026,CM,BSE,STK,531925,INE545N01019,SHAQUAK,X,,,,,SHANTANU SHEOREY AQUAKULT LTD.,1.2,1.22,1.2,1.22,1.22,1.29,,1.22,,,168,204,7,F1,1,,,,,
10-07-2026,10-07-2026,CM,BSE,STK,531930,INE074H01012,SARTHAKIND,X,,,,,SARTHAK INDUSTRIES LTD.,25,25.8,25,25.7,25.75,25.43,,25.7,,,253,6369,15,F1,1,,,,,
10-07-2026,10-07-2026,CM,BSE,STK,531931,INE531X01018,SAICAPI,X,,,,,SAI CAPITAL LTD.,154.35,154.35,147.5,149.15,148.25,151.3,,149.15,,,3675,555702,50,F1,1,,,,,
10-07-2026,10-07-2026,CM,BSE,STK,531944,INE185D01015,LEXORAA,XT,,,,,LEXORAA INDUSTRIES LIMITED,18.76,18.76,18,18,18,18.76,,18,,,1830,33194,8,F1,1,,,,,
10-07-2026,10-07-2026,CM,BSE,STK,531950,INE316D01024,VERTEX,XT,,,,,VERTEX SECURITIES LTD.,3.69,3.69,3.51,3.61,3.6,3.69,,3.61,,,42931,154615,66,F1,1,,,,,
10-07-2026,10-07-2026,CM,BSE,STK,531952,INE811H01017,RIBATEX,XT,,,,,RIBA TEXTILES LTD.,84.45,84.45,79,79.88,82.25,82.12,,79.88,,,3369,272290,39,F1,1,,,,,
10-07-2026,10-07-2026,CM,BSE,STK,531959,INE997D01021,NEWINFRA,X,,,,,NEWTIME INFRASTRUCTURE LIMITED,2.07,2.25,2.07,2.15,2.2,2.15,,2.15,,,67777,148971,183,F1,1,,,,,
10-07-2026,10-07-2026,CM,BSE,STK,531962,INE914B01012,SHREMETAL,X,,,,,SHREE METALLOYS LTD.,37.69,37.99,35.6,37.09,36.2,37.87,,37.09,,,1336,49107,43,F1,1,,,,,
10-07-2026,10-07-2026,CM,BSE,STK,531968,INE786E01018,IITLPROJ,X,,,,,IITL PROJECTS LIMITED,54.75,54.75,54.5,54.59,54.5,50.25,,54.59,,,27,1474,3,F1,1,,,,,
10-07-2026,10-07-2026,CM,BSE,STK,531977,INE558F01026,CHLOGIST,X,,,,,CHARTERED LOGISTICS LTD.,6.49,6.49,5.85,6.08,6.01,6.12,,6.08,,,33557,203511,84,F1,1,,,,,
10-07-2026,10-07-2026,CM,BSE,STK,531978,INE540G01014,AMBIKCO,B,,,,,AMBIKA COTTON MILLS LTD.,1755.5,1795.65,1738,1747.95,1750.1,1762.7,,1745.2,,,683,1201730,95,F1,1,,,,,
10-07-2026,10-07-2026,CM,BSE,STK,531979,INE227B01019,HINDALUMI,X,,,,,HIND ALUMINIUM INDUSTRIES LTD.,95,99.85,95,99.45,99.45,96.9,,99.45,,,4373,432260,100,F1,1,,,,,
10-07-2026,10-07-2026,CM,BSE,STK,531982,INE547C01018,SPECFOOD,XT,,,,,SPECTRUM FOODS LTD.,17.16,17.16,15.54,15.88,15.88,16.35,,15.88,,,31205,495090,110,F1,1,,,,,
10-07-2026,10-07-2026,CM,BSE,STK,531989,INE132E01015,DECPO,X,,,,,DECCAN POLYPACKS LTD.,32,32,32,32,32,32,,32,,,1,32,1,F1,1,,,,,
10-07-2026,10-07-2026,CM,BSE,STK,531991,INE735C01027,AMRAAGRI,X,,,,,AMRAWORLD AGRICO LTD.,0.51,0.55,0.51,0.54,0.54,0.5,,0.54,,,30861,15967,47,F1,1,,,,,
10-07-2026,10-07-2026,CM,BSE,STK,531996,INE839E01023,ODYCORP,X,,,,,ODYSSEY CORPORATION LTD.,7.06,7.34,6.97,7.02,6.97,7.27,,7.02,,,13540,96140,65,F1,1,,,,,
10-07-2026,10-07-2026,CM,BSE,STK,531997,INE164D01010,IKOMA,XT,,,,,IKOMA TECHNOLOGIES LIMITED,67.5,70,67.5,68.73,69,68.4,,68.73,,,56668,3935380,131,F1,1,,,,,
10-07-2026,10-07-2026,CM,BSE,STK,532001,INE146H01018,INDCTST,X,,,,,INDUCTO STEEL LTD.,56.97,56.97,54.56,55.4,55.4,52.71,,55.4,,,883,48440,13,F1,1,,,,,
10-07-2026,10-07-2026,CM,BSE,STK,532005,INE653D01012,SAMINDUS,X,,,,,SAM INDUSTRIES LTD.,47.7,47.7,40.9,44.4,44.4,43.68,,44.4,,,112,4914,15,F1,1,,,,,
10-07-2026,10-07-2026,CM,BSE,STK,532007,INE981C01019,SHVFL,X,,,,,SHREEVATSAA FINANCE & LEASING,25.9,25.9,25.9,25.9,25.9,26.87,,25.9,,,4,103,1,F1,1,,,,,
10-07-2026,10-07-2026,CM,BSE,STK,532011,INE147C01017,POOJAENT,XT,,,,,VASHU BHAGNANI INDUSTRIES LIMI,77,77.59,76,76,76,76.47,,76,,,15771,1204823,71,F1,1,,,,,
10-07-2026,10-07-2026,CM,BSE,STK,532015,INE995A01013,GRAVITY,XT,,,,,GRAVITY (INDIA) LTD.,11.5,11.73,11.23,11.66,11.66,11.74,,11.66,,,20974,238193,65,F1,1,,,,,
10-07-2026,10-07-2026,CM,BSE,STK,532016,INE176O01011,ESPIRE,X,,,,,ESPIRE HOSPITALITY LIMITED,170,174.75,167,174.15,174,167.75,,174.15,,,940,160270,30,F1,1,,,,,
10-07-2026,10-07-2026,CM,BSE,STK,532019,INE938A01021,LCCINFOTEC,B,,,,,LCC INFOTECH LTD.,4.7,4.73,4.5,4.64,4.64,4.68,,4.57,,,3176,14820,24,F1,1,,,,,
10-07-2026,10-07-2026,CM,BSE,STK,532022,INE185E01021,FILATFASH,T,,,,,FILATEX FASHIONS LTD.,0.19,0.2,0.19,0.2,0.2,0.2,,0.19,,,2882180,555222,354,F1,1,,,,,
10-07-2026,10-07-2026,CM,BSE,STK,532029,INE325D01025,SINDHUTRAD,B,,,,,SINDHU TRADE LINKS LIMITED,25.58,27.42,25.2,26.23,26,25.63,,26.25,,,106679,2850007,340,F1,1,,,,,
10-07-2026,10-07-2026,CM,BSE,STK,532039,INE486F01012,ZENOTECH,X,,,,,ZENOTECH LABORATORIES LTD.,46.3,46.3,44.4,44.59,44.5,45.02,,44.59,,,6384,289680,67,F1,1,,,,,
10-07-2026,10-07-2026,CM,BSE,STK,532041,INE597C01021,HINDBIO,XT,,,,,HINDUSTAN BIO SCIENCES LTD.,7,7.34,6.97,7.2,7.2,7,,7.2,,,2832,20702,30,F1,1,,,,,
10-07-2026,10-07-2026,CM,BSE,STK,532042,INE092D01013,FRONTCORP,X,,,,,FRONTLINE CORPORATION LTD.,35.4,35.4,35.4,35.4,35.4,35.89,,35.4,,,1,35,1,F1,1,,,,,
10-07-2026,10-07-2026,CM,BSE,STK,532051,INE409B01013,SWELECTES,B,,,,,SWELECT ENERGY SYSTEMS LIMITED,645.8,660.7,637,649.9,641.45,635.7,,645.45,,,1377,895089,129,F1,1,,,,,
10-07-2026,10-07-2026,CM,BSE,STK,532053,INE121B01014,WALLFORT,X,,,,,WALLFORT FINANCIAL SERVICES LT,83.99,83.99,78.05,78.06,78.1,78.78,,78.06,,,484,37789,14,F1,1,,,,,
10-07-2026,10-07-2026,CM,BSE,STK,532054,INE291D01011,KDDL,B,,,,,KDDL LTD.,3247.95,3270,3168.8,3233.75,3236,3181.85,,3251,,,687,2208124,163,F1,1,,,,,
10-07-2026,10-07-2026,CM,BSE,STK,532056,INE398H01015,TRUSTEDGE,X,,,,,Trustedge Capital Limited,135.1,143.95,135.1,139.95,143.95,144.4,,139.95,,,218,30325,12,F1,1,,,,,
10-07-2026,10-07-2026,CM,BSE,STK,532057,INE516F01016,ABHICAP,X,,,,,ABHINAV CAPITAL SERVICES LTD.,115,115,102.65,104.5,110,106.65,,104.5,,,171,18263,13,F1,1,,,,,
10-07-2026,10-07-2026,CM,BSE,STK,532067,INE994E01018,3BBLACKBIO,B,,,,,3B BlackBio Dx Limited,1176,1199.8,1134.55,1153.3,1178.8,1171.1,,1149.9,,,2118,2458600,421,F1,1,,,,,
10-07-2026,10-07-2026,CM,BSE,STK,532070,INE311N01016,GUJJUBHAI,X,,,,,GUJJUBHAI INDUSTRIES LIMITED,129.9,129.9,119.1,121.05,122.9,126.25,,121.05,,,16815,2051537,159,F1,1,,,,,
10-07-2026,10-07-2026,CM,BSE,STK,532090,INE219M01021,ATVOENT,XT,,,,,Atvo Enterprises Limited,31.34,31.34,31.34,31.34,31.34,30.73,,31.34,,,19321,605520,22,F1,1,,,,,
10-07-2026,10-07-2026,CM,BSE,STK,532092,INE807D01030,EPUJA,X,,,,,EPUJA SPIRITECH LIMITED,1.58,1.61,1.52,1.61,1.61,1.54,,1.61,,,116452,184144,81,F1,1,,,,,
10-07-2026,10-07-2026,CM,BSE,STK,532100,INE456B01014,INDOCITY,XT,,,,,INDO-CITY INFOTECH LTD.,13.5,13.5,12.34,13.15,13.15,12.98,,13.15,,,2892,37966,19,F1,1,,,,,
10-07-2026,10-07-2026,CM,BSE,STK,532102,INE948G01019,SBECSUG,XT,,,,,SBEC SUGAR LTD.,67.3,68.68,65.24,66.01,66,68.67,,66.01,,,6151,406915,60,F1,1,,,,,
10-07-2026,10-07-2026,CM,BSE,STK,532113,INE957E01031,BRIJLEAS,X,,,,,BRIJLAXMI LEASING & FINANCE LT,9.91,9.91,9.01,9.01,9.01,9.91,,9.01,,,225,2049,7,F1,1,,,,,
10-07-2026,10-07-2026,CM,BSE,STK,532123,INE395A01016,BSELALGO,X,,,,,BSEL ALGO LIMITED,4.34,4.44,4.25,4.27,4.27,4.37,,4.27,,,70803,305869,175,F1,1,,,,,
10-07-2026,10-07-2026,CM,BSE,STK,532124,INE419H01019,RELIABVEN,XT,,,,,RELIABLE VENTURES INDIA LTD.,27.84,27.84,26.06,26.08,26.08,27.17,,26.08,,,3045,79464,17,F1,1,,,,,
10-07-2026,10-07-2026,CM,BSE,STK,532131,INE382B01012,TRIUMPIN,XT,,,,,TRIUMPH INTERNATIONAL FINANCE,16.59,16.59,16.59,16.59,16.59,15.8,,16.59,,,393,6519,11,F1,1,,,,,
10-07-2026,10-07-2026,CM,BSE,STK,532134,INE028A01039,BANKBARODA,A,,,,,BANK OF BARODA,246.75,254.35,245.5,251,251,244.55,,250.95,,,816050,204442864,8271,F1,1,,,,,
10-07-2026,10-07-2026,CM,BSE,STK,532140,INE154B01023,MOHITE,X,,,,,MOHITE INDUSTRIES LIMITED,3.06,3.06,2.83,2.85,2.85,2.87,,2.85,,,26249,75733,92,F1,1,,,,,
10-07-2026,10-07-2026,CM,BSE,STK,532141,INE666E01020,ACL,B,,,,,ANDHRA CEMENTS LTD.,50.31,50.31,48.99,49.46,49.82,49.3,,49.18,,,3295,162896,59,F1,1,,,,,
10-07-2026,10-07-2026,CM,BSE,STK,532143,INE411D01023,SKMEGGPROD,B,,,,,SKM EGG PRODUCTS EXPORT (INDIA,320,325.15,317,321.35,321.25,314.95,,321.35,,,20454,6574302,786,F1,1,,,,,
10-07-2026,10-07-2026,CM,BSE,STK,532144,INE191B01025,WELCORP,A,,,,,WELSPUN CORP LIMITED,1610.2,1634.45,1590.25,1606.85,1615.45,1602.5,,1612.4,,,47719,77130672,2280,F1,1,,,,,
10-07-2026,10-07-2026,CM,BSE,STK,532145,INE731B01010,HOTLSILV,X,,,,,H.S.INDIA LTD.,11.36,11.36,10.82,11.1,11.1,11.25,,11.1,,,952,10511,7,F1,1,,,,,
10-07-2026,10-07-2026,CM,BSE,STK,532149,INE084A01016,BANKINDIA,A,,,,,BANK OF INDIA,139.55,146.8,139.55,144.85,144.85,138.65,,144.9,,,1675092,239475614,12789,F1,1,,,,,
10-07-2026,10-07-2026,CM,BSE,STK,532150,INE681B01017,INDRAMEDCO,B,,,,,INDRAPRASTHA MEDICAL CORP.LTD.,379.1,383.95,378.8,380.65,380.1,379.7,,380.85,,,3554,1351506,186,F1,1,,,,,
10-07-2026,10-07-2026,CM,BSE,STK,532154,INE560F01022,JOHNPHARMA,X,,,,,JOHNSON PHARMACARE LIMITED,0.48,0.48,0.47,0.48,0.48,0.48,,0.48,,,383106,182108,334,F1,1,,,,,
10-07-2026,10-07-2026,CM,BSE,STK,532155,INE129A01019,GAIL,A,,,,,GAIL (INDIA) LTD.,170.9,174.4,170.9,173.6,173.6,170.4,,173.73,,,215540,37348341,2844,F1,1,,,,,
10-07-2026,10-07-2026,CM,BSE,STK,532156,INE884A01027,VAIBHAVGBL,B,,,,,VAIBHAV GLOBAL LTD,255,266.85,251.3,260.95,260.95,255.75,,261.35,,,64588,16898234,848,F1,1,,,,,
10-07-2026,10-07-2026,CM,BSE,STK,532159,INE088D01011,TRESCON,X,,,,,TRESCON LIMITED,9.16,9.16,8.61,8.86,9.15,9.16,,8.86,,,2299,20416,10,F1,1,,,,,
10-07-2026,10-07-2026,CM,BSE,STK,532160,INE944A01011,GUJSTATFIN,B,,,,,GUJARAT STATE FINANCIAL CORPOR,10.59,10.75,10.46,10.52,10.48,10.57,,10.52,,,5349,56807,56,F1,1,,,,,
10-07-2026,10-07-2026,CM,BSE,STK,532162,INE789E01012,JKPAPER,A,,,,,JK PAPER LTD.,362.1,367,358.15,365.05,365.4,355.6,,365.4,,,14631,5317786,480,F1,1,,,,,
10-07-2026,10-07-2026,CM,BSE,STK,532163,INE979A01025,SAREGAMA,A,,,,,SAREGAMA INDIA LTD.,477.95,480.5,469.95,479.15,480.5,476.2,,479.2,,,15046,7155397,491,F1,1,,,,,
10-07-2026,10-07-2026,CM,BSE,STK,532167,INE501C01015,OMKARPH,X,,,,,OMKAR PHARMACHEM LTD.,17.85,17.89,17,17.1,17,17.89,,17.1,,,76,1342,5,F1,1,,,,,
10-07-2026,10-07-2026,CM,BSE,STK,532172,INE737B01033,ADROITINFO,B,,,,,Adroit Infotech Limited,8.82,9.24,8.82,8.93,8.93,9,,9.01,,,1296,11555,20,F1,1,,,,,
10-07-2026,10-07-2026,CM,BSE,STK,532173,INE214A01019,CYBERTECH,T,,,,,CYBERTECH SYSTEMS AND SOFTWARE,136.25,146.65,136.25,140.25,140.25,140,,140.53,,,1971,276426,23,F1,1,,,,,
10-07-2026,10-07-2026,CM,BSE,STK,532174,INE090A01021,ICICIBANK,A,,,,,ICICI BANK LTD.,1389,1407.9,1389,1401.45,1401.45,1381.6,,1401.2,,,394752,553661309,10593,F1,1,,,,,
10-07-2026,10-07-2026,CM,BSE,STK,532175,INE136B01020,CYIENT,A,,,,,CYIENT LIMITED,839.95,848.25,834.05,840.6,838.45,829.9,,841.15,,,11952,10062787,658,F1,1,,,,,
10-07-2026,10-07-2026,CM,BSE,STK,532178,INE510A01028,ENGINERSIN,A,,,,,ENGINEERS INDIA LTD.,239.25,241.35,237.6,239.55,239.55,237.3,,239.63,,,141438,33901040,1600,F1,1,,,,,
10-07-2026,10-07-2026,CM,BSE,STK,532180,INE680A01011,DHANBANK,B,,,,,DHANLAXMI BANK LIMITED,33.95,35,33.95,34.76,34.8,33.91,,34.75,,,149588,5148781,893,F1,1,,,,,
10-07-2026,10-07-2026,CM,BSE,STK,532181,INE131A01031,GMDCLTD,A,,,,,GUJARAT MINERAL DEVELOPMENT CO,589.35,603,589,589.85,589.85,585.45,,589.8,,,63673,37949968,1434,F1,1,,,,,
10-07-2026,10-07-2026,CM,BSE,STK,532183,INE622E01023,GAYATRI,X,,,,,GAYATRI SUGARS LTD.,8,8.4,8,8.26,8.27,8.05,,8.26,,,16090,132514,74,F1,1,,,,,
10-07-2026,10-07-2026,CM,BSE,STK,532187,INE095A01012,INDUSINDBK,A,,,,,INDUSIND BANK LTD.,1015.05,1030.65,1014.05,1016.25,1014.7,1015,,1015.8,,,331390,340603438,1829,F1,1,,,,,
10-07-2026,10-07-2026,CM,BSE,STK,532189,INE353K01014,ITDC,B,,,,,INDIA TOURISM DEVELOPMENT CORP,740.95,745,706.55,718.5,711,729.6,,716.9,,,338511,246046576,7734,F1,1,,,,,
10-07-2026,10-07-2026,CM,BSE,STK,532209,INE168A01041,J&KBANK,A,,,,,JAMMU & KASHMIR BANK LTD.,169.15,202,169.15,192.2,192.2,168.4,,192.63,,,1241653,228195888,14083,F1,1,,,,,
10-07-2026,10-07-2026,CM,BSE,STK,532210,INE491A01021,CUB,A,,,,,CITY UNION BANK LTD.,230.75,231.3,226.3,229.2,226.8,229.15,,229.33,,,407341,93240649,1592,F1,1,,,,,
10-07-2026,10-07-2026,CM,BSE,STK,532212,INE731A01020,ARCHIES,B,,,,,ARCHIES LTD.,13.77,14.35,13.51,13.9,13.91,13.77,,13.81,,,2502,34855,30,F1,1,,,,,
10-07-2026,10-07-2026,CM,BSE,STK,532215,INE238A01034,AXISBANK,A,,,,,AXIS BANK LTD.,1301.9,1326.3,1301.9,1323.75,1324,1299,,1323.7,,,349274,460826151,6103,F1,1,,,,,
10-07-2026,10-07-2026,CM,BSE,STK,532216,INE550B01022,HBSL,T,,,,,HB STOCKHOLDINGS LTD.,51.83,51.83,50.9,51.82,51.82,51.83,,51.5,,,279,14367,7,F1,1,,,,,
10-07-2026,10-07-2026,CM,BSE,STK,532217,INE027F01014,CMXLTD,X,,,,,CMX HOLDINGS LIMITED,24.34,24.34,23,23.98,23.98,23.51,,23.98,,,11568,267386,31,F1,1,,,,,
10-07-2026,10-07-2026,CM,BSE,STK,532218,INE683A01023,SOUTHBANK,A,,,,,SOUTH INDIAN BANK LTD.,44.65,46.28,44.5,45.78,45.78,44.25,,45.81,,,2260392,102795863,6447,F1,1,,,,,
10-07-2026,10-07-2026,CM,BSE,STK,532219,INE306C01019,ENERGYDEV,B,,,,,ENERGY DEVELOPMENT COMPANY LTD,16.22,17.3,16.22,16.95,16.94,16.83,,16.92,,,3653,62395,71,F1,1,,,,,
10-07-2026,10-07-2026,CM,BSE,STK,532221,INE269A01021,SONATSOFTW,A,,,,,SONATA SOFTWARE LTD.,280.35,289.85,279.2,285.05,285.05,275.95,,285.35,,,151125,43151257,2818,F1,1,,,,,
10-07-2026,10-07-2026,CM,BSE,STK,532230,INE665D01016,BENGALT,X,,,,,BENGAL TEA & FABRICS LTD.,144.95,144.95,136.3,143.9,143.9,140.35,,143.9,,,222,30476,12,F1,1,,,,,
10-07-2026,10-07-2026,CM,BSE,STK,532234,INE139A01034,NATIONALUM,A,,,,,NATIONAL ALUMINIUM CO.LTD.,354.95,363.75,354.05,354.85,354.85,349.5,,354.85,,,497005,178797424,10229,F1,1,,,,,
10-07-2026,10-07-2026,CM,BSE,STK,532240,INE092B01025,INDNIPPON,B,,,,,INDIA NIPPON ELECTRICALS LTD.,1130.3,1182.05,1130.3,1168.7,1179.8,1107.6,,1168.5,,,28992,33741333,1648,F1,1,,,,,
10-07-2026,10-07-2026,CM,BSE,STK,532256,INE023A01030,NSIL,B,,,,,NALWA SONS INVESTMENTS LTD.,5350.85,5485,5350.85,5469.5,5469,5365.65,,5469,,,199,1084909,66,F1,1,,,,,
10-07-2026,10-07-2026,CM,BSE,STK,532259,INE372A01015,APARINDS,A,,,,,APAR INDUSTRIES LTD.,14165,14264.15,13899.5,14086.8,14120,14055.8,,14062,,,4465,62764353,728,F1,1,,,,,
10-07-2026,10-07-2026,CM,BSE,STK,532268,INE793A01012,ACCELYA,B,,,,,ACCELYA SOLUTIONS INDIA LIMITE,1094,1126,1094,1106.7,1106.7,1097.75,,1108.7,,,224,248381,60,F1,1,,,,,
10-07-2026,10-07-2026,CM,BSE,STK,532271,INE215B01022,ORCHASP,B,,,,,ORCHASP LIMITED,1.83,1.94,1.81,1.85,1.85,1.84,,1.83,,,16910,31054,44,F1,1,,,,,
10-07-2026,10-07-2026,CM,BSE,STK,532275,INE394C01023,LANDMARC,X,,,,,LANDMARC LEISURE CORPORATION L,1.8,1.89,1.8,1.87,1.89,1.8,,1.87,,,18593,34220,48,F1,1,,,,,
10-07-2026,10-07-2026,CM,BSE,STK,532281,INE860A01027,HCLTECH,A,,,,,HCL TECHNOLOGIES LTD.,1173.95,1191.7,1153.25,1162.65,1167,1149.6,,1164.1,,,235603,275299377,7666,F1,1,,,,,
10-07-2026,10-07-2026,CM,BSE,STK,532284,INE389D01013,TCFCFINQ,X,,,,,TCFC FINANCE LTD.,26.64,26.69,25.47,26.07,26.64,25.33,,26.07,,,1223,32528,204,F1,1,,,,,
10-07-2026,10-07-2026,CM,BSE,STK,532285,INE007B01023,GEOJITFSL,B,,,,,Geojit Financial Services Limi,77.75,80,77.75,79.46,79.3,79.12,,79.4,,,10190,807219,194,F1,1,,,,,
10-07-2026,10-07-2026,CM,BSE,STK,532286,INE749A01030,JINDALSTEL,A,,,,,JINDAL STEEL LIMITED,1048.8,1064,1039,1051.6,1052.75,1030.45,,1051.3,,,56091,59123971,2531,F1,1,,,,,
10-07-2026,10-07-2026,CM,BSE,STK,532290,INE791A01024,BLBLIMITED,B,,,,,BLB LTD.,16.32,16.32,15.79,16.17,16,16,,16,,,7382,117734,106,F1,1,,,,,
10-07-2026,10-07-2026,CM,BSE,STK,532296,INE935A01035,GLENMARK,A,,,,,GLENMARK PHARMACEUTICALS LTD.,2299.9,2303,2245.7,2282.25,2276.1,2265.25,,2282.9,,,9745,22231526,1395,F1,1,,,,,
10-07-2026,10-07-2026,CM,BSE,STK,532300,INE049B01025,WOCKPHARMA,A,,,,,WOCKHARDT LTD.,1849.7,1851,1800,1811.45,1811.45,1830.35,,1810.7,,,28699,52250201,1575,F1,1,,,,,
10-07-2026,10-07-2026,CM,BSE,STK,532303,INE934A01012,INTEGHIT,X,,,,,INTEGRATED HITECH LTD.,3.45,3.45,3.45,3.45,3.45,3.62,,3.45,,,265,914,3,F1,1,,,,,
10-07-2026,10-07-2026,CM,BSE,STK,532304,INE602C01011,KJMCCORP,X,,,,,KJMC CORPORATE ADVISORS (INDIA,56,56,47,52.5,52.5,55,,52.5,,,3435,170429,51,F1,1,,,,,
10-07-2026,10-07-2026,CM,BSE,STK,532305,INE915B01019,INDSWFTLAB,B,,,,,IND-SWIFT LABORATORIES LTD.,238.2,247.8,230.8,246.4,246.4,235.1,,246.44,,,97297,23306542,2244,F1,1,,,,,
10-07-2026,10-07-2026,CM,BSE,STK,532309,INE878A01011,GVPIL,B,,,,,GE Power India Ltd,865.45,880.7,818.25,821.25,821.25,860.45,,820.45,,,22111,18483395,1376,F1,1,,,,,
10-07-2026,10-07-2026,CM,BSE,STK,532310,INE879A01019,SHREERAMA,B,,,,,SHREE RAMA MULTI-TECH LTD.,43.7,44,42.51,43.38,43.38,43.59,,43.24,,,1919,83009,119,F1,1,,,,,
10-07-2026,10-07-2026,CM,BSE,STK,532313,INE813A01018,MAHLIFE,A,,,,,MAHINDRA LIFESPACE DEVELOPERS,368.1,380.95,368.1,379.1,379.35,368.1,,378.9,,,119291,44652161,841,F1,1,,,,,
10-07-2026,10-07-2026,CM,BSE,STK,532315,INE042B01012,GROARC,X,,,,,GROARC INDUSTRIES INDIA LIMITE,5.75,6,5.75,6,6,5.87,,6,,,7039,41773,17,F1,1,,,,,
10-07-2026,10-07-2026,CM,BSE,STK,532320,INE418B01048,VAARAD,X,,,,,VAARAD VENTURES LTD,10.19,11.15,9.58,10.51,10.51,10.14,,10.51,,,4491,47660,43,F1,1,,,,,
10-07-2026,10-07-2026,CM,BSE,STK,532321,INE010B01027,ZYDUSLIFE,A,,,,,Zydus Lifesciences Limited,1159.5,1160.35,1144.65,1150.5,1150.5,1159.85,,1150.8,,,35527,40931760,2495,F1,1,,,,,
10-07-2026,10-07-2026,CM,BSE,STK,532323,INE555C01029,SHIVACEM,X,,,,,SHIVA CEMENT LTD.,16.85,16.99,16.52,16.75,16.77,16.73,,16.75,,,47028,788850,184,F1,1,,,,,
10-07-2026,10-07-2026,CM,BSE,STK,532324,INE039B01026,CINEVISTA,B,,,,,CINEVISTA LTD.,15.5,15.99,15.35,15.56,15.97,15.33,,15.44,,,1621,25398,143,F1,1,,,,,
10-07-2026,10-07-2026,CM,BSE,STK,532326,INE781A01025,INTENTECH,B,,,,,INTENSE TECHNOLOGIES LTD.,97.9,100.18,97.56,99.3,99.3,97.23,,98.8,,,848,84059,34,F1,1,,,,,
10-07-2026,10-07-2026,CM,BSE,STK,532329,INE310B01013,DANLAW,XT,,,,,DANLAW TECHNOLOGIES INDIA LTD.,1022,1054,1022,1043.7,1049.95,1018.2,,1043.7,,,1205,1250605,136,F1,1,,,,,
10-07-2026,10-07-2026,CM,BSE,STK,532331,INE031B01049,AJANTPHARM,A,,,,,AJANTA PHARMA LTD.,3310.95,3364.9,3291.35,3351.2,3359.8,3305.2,,3348.6,,,1377,4593554,299,F1,1,,,,,
10-07-2026,10-07-2026,CM,BSE,STK,532333,INE638B01025,HBPOR,X,,,,,HB PORTFOLIO LTD.,57.9,57.9,54.02,57.79,57.8,54.94,,57.79,,,971,55219,41,F1,1,,,,,
10-07-2026,10-07-2026,CM,BSE,STK,532334,INE640B01021,HBESD,B,,,,,HB ESTATE DEVELOPERS LTD.,73.95,73.97,73.88,73.97,73.97,78.6,,75.12,,,37,2736,4,F1,1,,,,,
10-07-2026,10-07-2026,CM,BSE,STK,532335,INE792B01012,AMBICAAGAR,B,,,,,AMBICA AGARBATHIES & AROMA IND,24.58,24.58,24.39,24.5,24.56,24.57,,24.68,,,112,2744,5,F1,1,,,,,
10-07-2026,10-07-2026,CM,BSE,STK,532339,INE453B01029,COMPUSOFT,B,,,,,COMPUCOM SOFTWARE LTD.,13.61,13.61,13.33,13.34,13.33,13.58,,13.31,,,6586,88853,40,F1,1,,,,,
10-07-2026,10-07-2026,CM,BSE,STK,532340,INE369B01019,OMNIAX,X,,,,,OMNI AXS SOFTWARE LTD.,3.59,3.59,3.15,3.15,3.15,3.33,,3.15,,,43,135,3,F1,1,,,,,
10-07-2026,10-07-2026,CM,BSE,STK,532341,INE848A01014,IZMO,B,,,,,IZMO Limited,1010.2,1010.2,986.65,1010.2,1010.2,962.1,,1009.9,,,47670,48120444,621,F1,1,,,,,
10-07-2026,10-07-2026,CM,BSE,STK,532343,INE494B01023,TVSMOTOR,A,,,,,TVS MOTOR COMPANY LTD.,3650,3670,3608.85,3621.85,3633.15,3625.45,,3623.1,,,7030,25534365,1737,F1,1,,,,,
10-07-2026,10-07-2026,CM,BSE,STK,532344,INE002B01016,MADALA,X,,,,,MADALA HOLDINGS LIMITED,212.9,212.9,190,195.7,197.7,203,,195.7,,,3609,700226,68,F1,1,,,,,
10-07-2026,10-07-2026,CM,BSE,STK,532348,INE754A01055,SUBEXLTD,T,,,,,SUBEX LTD.,13.05,13.12,12.8,13.12,13.12,12.5,,13.23,,,239503,3131584,241,F1,1,,,,,
10-07-2026,10-07-2026,CM,BSE,STK,532349,INE688A01022,TCI,B,,,,,TRANSPORT CORPORATION OF INDIA,924,936.8,924,936.75,936.8,926.3,,935.35,,,480,448085,67,F1,1,,,,,
10-07-2026,10-07-2026,CM,BSE,STK,532350,INE243B01016,PADMALAYAT,Z,,,,,PADMALAYA TELEFILMS LTD.,3.96,4.2,3.96,4.2,4.2,4,,4.2,,,2953,12020,9,F1,1,,,,,
10-07-2026,10-07-2026,CM,BSE,STK,532351,INE523B01011,AKSHOPTFBR,T,,,,,AKSH OPTIFIBRE LTD.,6.26,6.26,6.26,6.26,6.26,6.38,,6.26,,,75447,472298,39,F1,1,,,,,
10-07-2026,10-07-2026,CM,BSE,STK,532354,INE400B01020,VIRGOGLOB,XT,,,,,Virgo Global Limited,5.16,5.2,5.16,5.16,5.16,5.26,,5.16,,,158,817,6,F1,1,,,,,
10-07-2026,10-07-2026,CM,BSE,STK,532356,INE256C01024,TRIVENI,A,,,,,TRIVENI ENGINEERING & INDUSTRI,457.25,463.8,457,462,460.9,455.05,,462.4,,,9734,4486415,326,F1,1,,,,,
10-07-2026,10-07-2026,CM,BSE,STK,532359,INE309B01023,HITKITGLO,X,,,,,HIT KIT GLOBAL SOLUTIONS LTD.,2.15,2.15,2.05,2.05,2.05,2.15,,2.05,,,202837,419864,168,F1,1,,,,,
10-07-2026,10-07-2026,CM,BSE,STK,532362,INE099E01016,NAGPI,X,,,,,NAGPUR POWER & INDUSTRIES LTD.,150,155.05,146,149.35,152,146.05,,149.35,,,5489,824261,67,F1,1,,,,,
10-07-2026,10-07-2026,CM,BSE,STK,532365,INE417B01040,DSSL,B,,,,,DYNACONS SYSTEMS & SOLUTIONS L,1329.2,1347.9,1286.15,1322.65,1326.4,1288.85,,1325,,,2074,2742465,252,F1,1,,,,,
10-07-2026,10-07-2026,CM,BSE,STK,532366,INE859A01011,PNBGILTS,B,,,,,PNB GILTS LTD.,87.45,89.17,87.45,87.94,87.97,87.45,,87.82,,,30069,2655920,312,F1,1,,,,,
10-07-2026,10-07-2026,CM,BSE,STK,532368,INE425B01027,BCG,B,,,,,BRIGHTCOM GROUP LIMITED,9.48,9.75,9.48,9.52,9.55,9.43,,9.52,,,356715,3418910,625,F1,1,,,,,
10-07-2026,10-07-2026,CM,BSE,STK,532369,INE614A01028,RAMCOIND,B,,,,,RAMCO INDUSTRIES LTD.,373.5,374.95,364,367.9,367.9,368.5,,367.75,,,17063,6299722,547,F1,1,,,,,
10-07-2026,10-07-2026,CM,BSE,STK,532370,INE246B01019,RAMCOSYS,B,,,,,RAMCO SYSTEMS LTD.,852.95,860.15,797.75,805.6,805.6,835,,805.6,,,104036,86669449,2743,F1,1,,,,,
10-07-2026,10-07-2026,CM,BSE,STK,532371,INE517B01013,TTML,A,,,,,TATA TELESERVICES (MAHARASHTRA,40.71,41.8,40.71,41.26,41.24,40.54,,41.28,,,157430,6504028,1097,F1,1,,,,,
10-07-2026,10-07-2026,CM,BSE,STK,532372,INE539B01017,VIRINCHI,B,,,,,Virinchi Limited,15.34,16.34,15.34,16.18,16.25,15.33,,16.04,,,9882,158658,117,F1,1,,,,,
10-07-2026,10-07-2026,CM,BSE,STK,532373,INE434B01029,WEPSOLN,X,,,,,WEP SOLUTIONS LTD.,24.15,25.33,24.15,25.01,25.29,24.83,,25.01,,,5189,129733,21,F1,1,,,,,
10-07-2026,10-07-2026,CM,BSE,STK,532374,INE089C01029,STLTECH,T,,,,,STERLITE TECHNOLOGIES LTD.,554,554,531.65,541.8,541.8,551.25,,543.05,,,48793,26436164,1349,F1,1,,,,,
10-07-2026,10-07-2026,CM,BSE,STK,532375,INE716B01029,TIPSMUSIC,A,,,,,TIPS MUSIC LIMITED,715.45,720,698.4,711.15,703.4,712.5,,711.55,,,15317,10860683,868,F1,1,,,,,
10-07-2026,10-07-2026,CM,BSE,STK,532376,INE398B01018,UMIYA-MRO,B,,,,,UMIYA BUILDCON LIMITED,93,94.5,91.2,91.38,91.2,90.99,,91.33,,,8386,781183,220,F1,1,,,,,
10-07-2026,10-07-2026,CM,BSE,STK,532378,INE464B01018,UNIVARTS,X,,,,,UNIVERSAL ARTS LTD.,5,5,5,5,5,5,,5,,,2014,10070,2,F1,1,,,,,
10-07-2026,10-07-2026,CM,BSE,STK,532379,INE683B01047,FIRSTFIN,XT,,,,,FIRST FINTEC LIMITED,7.75,8.45,7.71,7.71,7.71,8.11,,7.71,,,1280,9887,18,F1,1,,,,,
10-07-2026,10-07-2026,CM,BSE,STK,532380,INE893A01036,BABA,X,,,,,BABA ARTS LTD.,16.41,17.1,16.1,16.54,16.72,16.36,,16.54,,,25119,411207,104,F1,1,,,,,
10-07-2026,10-07-2026,CM,BSE,STK,532382,INE794B01026,BALAJITELE,B,,,,,BALAJI TELEFILMS LTD.,92.58,93,90.39,92.25,92.79,91.15,,92.29,,,21352,1954131,696,F1,1,,,,,
10-07-2026,10-07-2026,CM,BSE,STK,532384,INE443B01012,TYCHE,X,,,,,TYCHE INDUSTRIES LTD.,124.95,130,121.5,122.1,122.1,121.8,,122.1,,,8907,1104602,137,F1,1,,,,,
10-07-2026,10-07-2026,CM,BSE,STK,532386,INE526B01014,CALSOFT,T,,,,,CALIFORNIA SOFTWARE CO.LTD.,21.45,22.43,21.45,22.28,22.34,21.39,,22.29,,,25307,559040,74,F1,1,,,,,
10-07-2026,10-07-2026,CM,BSE,STK,532387,INE392B01011,PNC,B,,,,,PRITISH NANDY COMMUNICATIONS L,19.36,21.6,19.36,20.37,20.38,21.34,,20.37,,,178,3644,11,F1,1,,,,,
10-07-2026,10-07-2026,CM,BSE,STK,532388,INE565A01014,IOB,A,,,,,INDIAN OVERSEAS BANK,33.89,34.85,33.8,34.58,34.58,33.73,,34.58,,,191507,6593484,752,F1,1,,,,,
10-07-2026,10-07-2026,CM,BSE,STK,532390,INE586B01026,TAJGVK,B,,,,,TAJGVK HOTELS & RESORTS LTD.,362.55,374,360.85,371.5,370.1,362.05,,371.7,,,14952,5506231,514,F1,1,,,,,
10-07-2026,10-07-2026,CM,BSE,STK,532392,INE230B01021,CREATIVEYE,B,,,,,CREATIVE EYE LTD.,6.4,6.4,5.83,6.16,6.19,6.4,,6.24,,,366,2250,12,F1,1,,,,,
10-07-2026,10-07-2026,CM,BSE,STK,532395,INE555B01013,AXISCADES,B,,,,,AXISCADES TECHNOLOGIES LIMITED,1624.75,1636,1589,1601,1604.85,1604.15,,1603.2,,,12922,20755443,1012,F1,1,,,,,
10-07-2026,10-07-2026,CM,BSE,STK,532397,INE971A01014,KONNDOR,XT,,,,,KONNDOR INDUSTRIES LIMITED,17.74,17.74,16.63,16.63,16.63,17.5,,16.63,,,7671,127686,15,F1,1,,,,,
10-07-2026,10-07-2026,CM,BSE,STK,532398,INE240C01028,UMESLTD,B,,,,,USHA MARTIN EDUCATION & SOLUTI,5.72,5.75,5.72,5.75,5.75,5.71,,5.81,,,13,74,3,F1,1,,,,,
10-07-2026,10-07-2026,CM,BSE,STK,532400,INE836A01035,BSOFT,A,,,,,BIRLASOFT LIMITED,277.25,292.8,277.25,290.1,290.1,274.85,,290.15,,,434420,124803489,6472,F1,1,,,,,
10-07-2026,10-07-2026,CM,BSE,STK,532402,INE718B01017,USGTECH,XT,,,,,USG TECH SOLUTIONS LTD.,9.85,9.85,9.85,9.85,9.85,10.05,,9.85,,,17646,173813,12,F1,1,,,,,
10-07-2026,10-07-2026,CM,BSE,STK,532404,INE856B01023,7TEC,X,,,,,SAVEN TECHNOLOGIES LTD.,37.2,37.2,35,35.66,35.66,35.55,,35.66,,,17477,624238,250,F1,1,,,,,
10-07-2026,10-07-2026,CM,BSE,STK,532406,INE005B01027,AVANTEL,A,,,,,AVANTEL LTD.,180.75,183,177,180.2,180.85,179.85,,180.19,,,294531,52858217,2149,F1,1,,,,,
10-07-2026,10-07-2026,CM,BSE,STK,532407,INE935B01025,MOSCHIP,A,,,,,MOSCHIP TECHNOLOGIES LIMITED,240.65,245,236,236.7,236.7,238.7,,236.81,,,518964,124630700,4735,F1,1,,,,,
10-07-2026,10-07-2026,CM,BSE,STK,532408,INE933B01012,SIGMAADV,B,,,,,SIGMA ADVANCED SYSTEMS LIMITED,584.75,584.75,559.1,582.9,582.9,556.95,,582.65,,,178845,103974924,2372,F1,1,,,,,
10-07-2026,10-07-2026,CM,BSE,STK,532410,INE330E01023,TRANSCOR,X,,,,,TRANSCORP INTERNATIONAL LTD.,26.5,26.98,26.32,26.4,26.84,26.5,,26.4,,,1278,34044,33,F1,1,,,,,
10-07-2026,10-07-2026,CM,BSE,STK,532413,INE345B01019,CEREBRAINT,Z,,,,,CEREBRA INTEGRATED TECHNOLOGIE,3.08,3.29,3.08,3.24,3.24,3.2,,3.23,,,8692,27817,35,F1,1,,,,,
10-07-2026,10-07-2026,CM,BSE,STK,532419,INE178C01020,SMARTLINK,T,,,,,Smartlink Holdings Limited,188,189,183.5,188.4,185.6,180,,187.36,,,5452,1028357,76,F1,1,,,,,
10-07-2026,10-07-2026,CM,BSE,STK,532424,INE102D01028,GODREJCP,A,,,,,GODREJ CONSUMER PRODUCTS LTD.,1087.55,1098.5,1084.5,1088.65,1089.95,1087.6,,1088.4,,,14140,15427736,870,F1,1,,,,,
10-07-2026,10-07-2026,CM,BSE,STK,532425,INE256D01014,GENUSPRIME,X,,,,,GENUS PRIME INFRA LIMITED,31.1,33,30,30.58,31,30.94,,30.58,,,8496,268582,73,F1,1,,,,,
10-07-2026,10-07-2026,CM,BSE,STK,532430,INE243D01012,BFUTILITIE,B,,,,,BF UTILITIES LTD.,564.8,586.85,559,578.35,578.35,560.9,,578.8,,,8152,4667068,565,F1,1,,,,,
10-07-2026,10-07-2026,CM,BSE,STK,532432,INE854D01024,UNITDSPR,A,,,,,UNITED SPIRITS LTD.,1381.6,1391.45,1376.3,1386.4,1385.75,1380.05,,1385.7,,,23141,32055594,2027,F1,1,,,,,
10-07-2026,10-07-2026,CM,BSE,STK,532435,INE799C01049,SANINFRA,XT,,,,,SANMIT INFRA LIMITED,51.35,52.4,49.11,51.35,51.35,51.24,,51.35,,,1748,87802,99,F1,1,,,,,
10-07-2026,10-07-2026,CM,BSE,STK,532439,INE260D01016,OLECTRA,A,,,,,OLECTRA GREENTECH LIMITED,1402.1,1468.1,1402.1,1423.5,1430.4,1393.8,,1423.6,,,37160,53551609,1759,F1,1,,,,,
10-07-2026,10-07-2026,CM,BSE,STK,532440,INE943D01017,MPSLTD,B,,,,,MPS LTD.,2052,2052,1986,1994.1,2020,2019.65,,1996.7,,,737,1482647,184,F1,1,,,,,
10-07-2026,10-07-2026,CM,BSE,STK,532443,INE739E01017,CERA,A,,,,,CERA SANITARYWARE LTD.,6316.75,6350,6291.3,6314.3,6310,6296.4,,6313.5,,,764,4826039,215,F1,1,,,,,
10-07-2026,10-07-2026,CM,BSE,STK,532444,INE541C01037,TSPIRITUAL,XT,,,,,T.SPIRITUAL WORLD LTD.,1.97,2.06,1.88,2.04,2.04,1.97,,2.04,,,4885,9947,20,F1,1,,,,,
10-07-2026,10-07-2026,CM,BSE,STK,532454,INE397D01024,BHARTIARTL,A,,,,,BHARTI AIRTEL LTD.,1932.1,1932.15,1905.45,1921.1,1921.1,1930.5,,1920.4,,,145873,279307738,6376,F1,1,,,,,
10-07-2026,10-07-2026,CM,BSE,STK,532455,INE655D01025,SHALIWIR,X,,,,,SHALIMAR WIRES INDUSTRIES LTD.,21.45,22.98,20.34,22.5,21.76,21.45,,22.5,,,20161,442470,173,F1,1,,,,,
10-07-2026,10-07-2026,CM,BSE,STK,532456,INE070C01037,COMPINFO,Z,,,,,COMPUAGE INFOCOM LTD.,1.28,1.28,1.23,1.24,1.23,1.29,,1.2,,,3916,4925,14,F1,1,,,,,
10-07-2026,10-07-2026,CM,BSE,STK,532457,INE255D01024,GULPOLY,B,,,,,GULSHAN POLYOLS LTD.,188,191.4,185.15,189.65,190.65,183.6,,190.03,,,8925,1689009,202,F1,1,,,,,
10-07-2026,10-07-2026,CM,BSE,STK,532460,INE838E01017,PONNIERODE,B,,,,,PONNI SUGARS (ERODE) LTD.,320,321.55,315.5,315.5,315.5,315,,316.55,,,165,52178,35,F1,1,,,,,
10-07-2026,10-07-2026,CM,BSE,STK,532461,INE160A01022,PNB,A,,,,,PUNJAB NATIONAL BANK,104,107.5,103.75,105.4,105.4,103.45,,105.41,,,1622895,171182360,7832,F1,1,,,,,
10-07-2026,10-07-2026,CM,BSE,STK,532466,INE881D01027,OFSS,A,,,,,ORACLE FINANCIAL SERVICES SOFT,11347.25,11684.8,11271.5,11655.95,11665,11130.1,,11651,,,19449,223630308,6388,F1,1,,,,,
10-07-2026,10-07-2026,CM,BSE,STK,532467,INE550F01049,HAZOOR,B,,,,,HAZOOR MULTI PROJECTS LTD.,23.36,24.5,23.36,23.59,23.59,23.51,,23.59,,,167777,3998352,449,F1,1,,,,,
10-07-2026,10-07-2026,CM,BSE,STK,532468,INE411F01010,KAMAHOLD,A,,,,,KAMA HOLDINGS LIMITED,2568.05,2600,2550.05,2594.35,2594,2563.15,,2593.9,,,172,444688,60,F1,1,,,,,
10-07-2026,10-07-2026,CM,BSE,STK,532475,INE266F01018,APTECHT,T,,,,,APTECH LTD.,98.1,102,98.1,101,101.95,100.55,,100.12,,,5623,562438,80,F1,1,,,,,
10-07-2026,10-07-2026,CM,BSE,STK,532477,INE692A01016,UNIONBANK,A,,,,,UNION BANK OF INDIA,157.45,165.35,157.45,164.5,164.5,157.45,,164.51,,,1505944,245055563,7798,F1,1,,,,,
10-07-2026,10-07-2026,CM,BSE,STK,532478,INE686F01025,UBL,A,,,,,UNITED BREWERIES LTD.,1329.15,1346,1327,1329,1329.2,1328.65,,1329.3,,,4122,5496115,514,F1,1,,,,,
10-07-2026,10-07-2026,CM,BSE,STK,532481,INE781B01015,NOIDATOLL,T,,,,,NOIDA TOLL BRIDGE COMPANY LTD.,4.63,4.75,4.57,4.66,4.75,4.65,,4.72,,,3220,15054,45,F1,1,,,,,
10-07-2026,10-07-2026,CM,BSE,STK,532482,INE101D01020,GRANULES,A,,,,,GRANULES INDIA LTD.,887.1,901.1,880,889.55,890,881.15,,889.85,,,25939,23115315,1734,F1,1,,,,,
10-07-2026,10-07-2026,CM,BSE,STK,532483,INE476A01022,CANBK,A,,,,,CANARA BANK,125.85,131.45,125.3,128.8,128.8,124.8,,128.78,,,2754943,353547093,9893,F1,1,,,,,
10-07-2026,10-07-2026,CM,BSE,STK,532485,INE525F01025,BLIL,B,,,,,BALMER LAWRIE INVESTMENTS LTD.,70.61,71.39,70.25,70.34,70.32,70.67,,70.4,,,18367,1297300,435,F1,1,,,,,
10-07-2026,10-07-2026,CM,BSE,STK,532486,INE637C01025,POKARNA,B,,,,,POKARNA LTD.,1045,1067.4,1038.1,1042.9,1048,1032.4,,1042.6,,,2906,3039909,207,F1,1,,,,,
10-07-2026,10-07-2026,CM,BSE,STK,532488,INE361B01024,DIVISLAB,A,,,,,DIVIS LABORATORIES LTD.,6870,6870,6775,6835.7,6832.3,6811.45,,6836,,,8440,57636601,934,F1,1,,,,,
10-07-2026,10-07-2026,CM,BSE,STK,532493,INE386C01029,ASTRAMICRO,A,,,,,ASTRA MICROWAVE PRODUCTS LTD.,1849.5,1849.5,1783.55,1803.8,1812,1831.1,,1803.7,,,38402,69207493,1602,F1,1,,,,,
10-07-2026,10-07-2026,CM,BSE,STK,532497,INE944F01028,RADICO,A,,,,,RADICO KHAITAN LTD.,4137.8,4144.5,4061,4072.3,4062,4090.15,,4073.7,,,11110,45347553,1577,F1,1,,,,,
10-07-2026,10-07-2026,CM,BSE,STK,532500,INE585B01010,MARUTI,A,,,,,MARUTI SUZUKI INDIA LTD.,13811,13986,13772.1,13859.25,13859.25,13728.4,,13854,,,24541,340541417,5631,F1,1,,,,,
10-07-2026,10-07-2026,CM,BSE,STK,532503,INE296E01026,RAJPALAYAM,B,,,,,RAJAPALAYAM MILLS LTD.,827.65,838.65,820.3,837.55,838.65,813.55,,830.05,,,306,255073,21,F1,1,,,,,
10-07-2026,10-07-2026,CM,BSE,STK,532504,INE048G01026,NAVINFLUOR,A,,,,,NAVIN FLUORINE INTERNATIONAL L,7708,7760,7654.55,7716.85,7716.85,7695.5,,7712,,,13086,100550002,1309,F1,1,,,,,
10-07-2026,10-07-2026,CM,BSE,STK,532505,INE691A01018,UCOBANK,A,,,,,UCO BANK,26.34,27.01,26.17,26.76,26.76,26.04,,26.7,,,481778,12809368,1285,F1,1,,,,,
10-07-2026,10-07-2026,CM,BSE,STK,532507,INE116D01028,BAGFILMS,B,,,,,B.A.G.FILMS & MEDIA LTD.,4.4,4.58,4.32,4.51,4.5,4.46,,4.5,,,22174,98960,66,F1,1,,,,,
10-07-2026,10-07-2026,CM,BSE,STK,532508,INE220G01021,JSL,A,,,,,JINDAL STAINLESS LTD.,709.7,725,709.7,715.9,715.9,708.8,,716.4,,,11961,8607589,608,F1,1,,,,,
10-07-2026,10-07-2026,CM,BSE,STK,532509,INE399C01030,SUPRAJIT,B,,,,,SUPRAJIT ENGINEERING LTD.,503.8,511.4,494.5,508.5,509.4,495.55,,509,,,36350,18150588,541,F1,1,,,,,
10-07-2026,10-07-2026,CM,BSE,STK,532513,INE236G01019,TVSELECT,B,,,,,TVS ELECTRONICS LTD.,521.55,524.5,506.35,512.25,513.95,516.55,,511.65,,,17333,8951054,570,F1,1,,,,,
10-07-2026,10-07-2026,CM,BSE,STK,532514,INE203G01027,IGL,A,,,,,INDRAPRASTHA GAS LTD.,153.9,154.7,151.4,154.1,154.1,151.75,,154.06,,,148757,22724765,1609,F1,1,,,,,
10-07-2026,10-07-2026,CM,BSE,STK,532515,INE038F01029,TVTODAY,B,,,,,TV TODAY NETWORK LTD.,122.8,125.05,122,125.05,125.05,122,,123.79,,,239,29382,20,F1,1,,,,,
10-07-2026,10-07-2026,CM,BSE,STK,532521,INE218G01033,PALREDTEC,T,,,,,PALRED TECHNOLOGIES LIMITED,55.54,55.54,55.54,55.54,55.54,56.67,,55.17,,,26,1444,3,F1,1,,,,,
10-07-2026,10-07-2026,CM,BSE,STK,532522,INE347G01014,PETRONET,A,,,,,PETRONET LNG LTD.,280.85,282.45,278.45,279.15,279.65,277,,278.95,,,33731,9459528,635,F1,1,,,,,
10-07-2026,10-07-2026,CM,BSE,STK,532523,INE376G01013,BIOCON,A,,,,,BIOCON LTD.,405.8,419.55,404,418.45,418.95,403.65,,418.5,,,169336,70104888,3930,F1,1,,,,,
10-07-2026,10-07-2026,CM,BSE,STK,532524,INE877F01012,PTC,A,,,,,PTC INDIA LTD.,169.9,172.95,168.8,172.55,172.85,168,,172.46,,,30702,5261972,406,F1,1,,,,,
10-07-2026,10-07-2026,CM,BSE,STK,532525,INE457A01014,MAHABANK,A,,,,,BANK OF MAHARASHTRA,82.98,87.4,81.66,84.35,84.35,82,,84.25,,,2589488,218126646,11526,F1,1,,,,,
10-07-2026,10-07-2026,CM,BSE,STK,532527,INE399G01023,RKFORGE,A,,,,,RAMKRISHNA FORGINGS LTD.,562.1,571.75,562.1,565.4,567.1,560.9,,565.3,,,8624,4892692,412,F1,1,,,,,
10-07-2026,10-07-2026,CM,BSE,STK,532528,INE365B01017,DATAMATICS,B,,,,,DATAMATICS GLOBAL SERVICES LTD,880.9,915.2,880.2,900.3,900,864.25,,900.45,,,36753,33037540,1617,F1,1,,,,,
10-07-2026,10-07-2026,CM,BSE,STK,532529,INE155G01029,NDTV,B,,,,,NEW DELHI TELEVISION LTD.,83.76,84.8,82.77,83.02,83.02,83.3,,82.96,,,35140,2941192,366,F1,1,,,,,
10-07-2026,10-07-2026,CM,BSE,STK,532531,INE939A01011,STAR,A,,,,,STRIDES PHARMA SCIENCE LIMITED,1093.5,1100.5,1051.6,1081.8,1084.4,1073.85,,1082.3,,,80768,87301931,2212,F1,1,,,,,
10-07-2026,10-07-2026,CM,BSE,STK,532538,INE481G01011,ULTRACEMCO,A,,,,,ULTRATECH CEMENT LTD.,11506.85,11725,11506.85,11713.55,11706,11515.9,,11711,,,6552,76500683,2232,F1,1,,,,,
10-07-2026,10-07-2026,CM,BSE,STK,532539,INE405E01023,UNOMINDA,A,,,,,UNO Minda Limited,1162.55,1179.25,1159.25,1165.05,1165.05,1153.75,,1166.1,,,36929,43149677,1487,F1,1,,,,,
10-07-2026,10-07-2026,CM,BSE,STK,532540,INE467B01029,TCS,A,,,,,TATA CONSULTANCY SERVICES LTD.,2109.95,2132,2064.8,2069.05,2069.05,2047.75,,2069,,,459346,960665643,24616,F1,1,,,,,
10-07-2026,10-07-2026,CM,BSE,STK,532541,INE591G01025,COFORGE,A,,,,,COFORGE LIMITED,1490.4,1523.3,1489.15,1503.5,1503.8,1468.75,,1503.8,,,210224,316924404,8586,F1,1,,,,,
10-07-2026,10-07-2026,CM,BSE,STK,532543,INE586G01017,GULFPETRO,T,,,,,GP PETROLEUMS LTD,39.3,39.3,38.06,39.05,39.05,37.58,,38.67,,,2449,95393,15,F1,1,,,,,
10-07-2026,10-07-2026,CM,BSE,STK,532548,INE348B01021,CENTURYPLY,A,,,,,CENTURY PLYBOARDS (I) LTD.,783.95,798.75,776.95,789.9,790,773,,790,,,4781,3784058,473,F1,1,,,,,
10-07-2026,10-07-2026,CM,BSE,STK,532553,INE625G01013,WELENT,A,,,,,WELSPUN ENTERPRISES LIMTED,620.95,625.2,610.85,613.7,613.7,615.2,,614,,,12664,7878437,516,F1,1,,,,,
10-07-2026,10-07-2026,CM,BSE,STK,532555,INE733E01010,NTPC,A,,,,,NTPC LTD.,345.45,348.7,343.4,344.5,344.8,343.5,,344.55,,,196364,67835199,3134,F1,1,,,,,
10-07-2026,10-07-2026,CM,BSE,STK,532604,INE658G01014,SALSTEEL,T,,,,,S.A.L.STEEL LTD.,56.01,57.99,56,56.05,56.5,58.85,,56.19,,,7651,430085,63,F1,1,,,,,
10-07-2026,10-07-2026,CM,BSE,STK,532605,INE927D01051,JBMA,A,,,,,JBM AUTO LTD.,676.95,696,674.4,684.7,687.15,670.45,,684.7,,,60221,41395654,1698,F1,1,,,,,
10-07-2026,10-07-2026,CM,BSE,STK,532610,INE366A01041,DWARKESH,B,,,,,DWARIKESH SUGAR INDUSTRIES LTD,42.65,43.1,42.51,42.69,42.69,42.61,,42.63,,,50287,2155832,223,F1,1,,,,,
10-07-2026,10-07-2026,CM,BSE,STK,532612,INE873D01024,INDOCO,B,,,,,INDOCO REMEDIES LTD.,254.25,264.95,252.65,260.15,261.2,255.65,,260.22,,,24360,6335042,772,F1,1,,,,,
10-07-2026,10-07-2026,CM,BSE,STK,532613,INE450G01024,VIPCLOTHNG,T,,,,,VIP Clothing Limited,23.56,24.25,23.56,24.16,24.16,24.24,,24.05,,,2559,61347,29,F1,1,,,,,
10-07-2026,10-07-2026,CM,BSE,STK,532616,INE692G01013,XCHANGING,B,,,,,XCHANGING SOLUTIONS LTD.,63.11,65,63.07,64.82,64.82,62.4,,64.85,,,7588,485902,127,F1,1,,,,,
10-07-2026,10-07-2026,CM,BSE,STK,532624,INE796G01012,JINDALPHOT,B,,,,,JINDAL PHOTO LTD.,1154.55,1155.15,1140.5,1140.5,1140.5,1138.15,,1145.9,,,148,170380,17,F1,1,,,,,
10-07-2026,10-07-2026,CM,BSE,STK,532626,INE063E01053,POCL,B,,,,,PONDY OXIDES & CHEMICALS LTD.,1439,1446,1395,1425.35,1425.35,1417.8,,1425,,,20925,29604435,1005,F1,1,,,,,
10-07-2026,10-07-2026,CM,BSE,STK,532627,INE351F01018,JPPOWER,A,,,,,JAIPRAKASH POWER VENTURES LIMI,17.02,17.3,16.99,17.02,17.02,17.02,,17.02,,,3206256,54878067,4504,F1,1,,,,,
10-07-2026,10-07-2026,CM,BSE,STK,532628,INE748C01038,3IINFOLTD,B,,,,,3I INFOTECH LTD.,18.49,19.45,18.23,18.78,18.78,18.22,,18.77,,,121153,2264712,740,F1,1,,,,,
10-07-2026,10-07-2026,CM,BSE,STK,532630,INE887G01027,GOKEX,A,,,,,GOKALDAS EXPORTS LTD.,839.7,848.95,825,833,833.45,831,,832.75,,,14497,12116857,492,F1,1,,,,,
10-07-2026,10-07-2026,CM,BSE,STK,532633,INE835G01018,ALLDIGI,B,,,,,Alldigi Tech Limited,850,850,805.65,806.7,806.7,793.1,,805.75,,,285,234783,70,F1,1,,,,,
10-07-2026,10-07-2026,CM,BSE,STK,532636,INE530B01024,IIFL,A,,,,,IIFL FINANCE LIMITED,543.45,559,541.4,552.55,551.95,543.4,,552.7,,,59922,33040098,1519,F1,1,,,,,
10-07-2026,10-07-2026,CM,BSE,STK,532637,INE584F01014,MANGALAM,B,,,,,MANGALAM DRUGS & ORGANICS LTD.,27.9,28.5,27.53,28,28,27.16,,27.75,,,2456,68904,15,F1,1,,,,,
10-07-2026,10-07-2026,CM,BSE,STK,532638,INE498B01024,SHOPERSTOP,B,,,,,SHOPPERS STOP LTD.,336.05,386,336.05,366.8,362.9,337.9,,365.3,,,113583,42087711,2162,F1,1,,,,,
10-07-2026,10-07-2026,CM,BSE,STK,532640,INE278G01037,CYBERMEDIA,T,,,,,CYBER MEDIA (INDIA) LTD.,16.9,16.9,16.79,16.79,16.79,16.27,,16.46,,,501,8411,3,F1,1,,,,,
10-07-2026,10-07-2026,CM,BSE,STK,532641,INE875G01048,NDL,B,,,,,NANDAN DENIM LIMITED,2.42,2.45,2.37,2.41,2.41,2.36,,2.4,,,122105,295098,141,F1,1,,,,,
10-07-2026,10-07-2026,CM,BSE,STK,532642,INE824G01012,JSWHL,A,,,,,JSW HOLDINGS LIMITED,11243.75,11555,11077,11268.45,11240,11130.75,,11249,,,748,8522375,247,F1,1,,,,,
10-07-2026,10-07-2026,CM,BSE,STK,532644,INE823G01014,JKCEMENT,A,,,,,J.K.CEMENT LTD.,5400.95,5485.5,5381.5,5398.55,5410,5380,,5398.5,,,1649,8955338,232,F1,1,,,,,
10-07-2026,10-07-2026,CM,BSE,STK,532645,INE052B01011,BEEYU,X,,,,,BEEYU OVERSEAS LTD.,2.5,2.5,2.26,2.5,2.5,2.5,,2.5,,,1110,2603,9,F1,1,,,,,
10-07-2026,10-07-2026,CM,BSE,STK,532648,INE528G01035,YESBANK,A,,,,,YES BANK LTD.,23.9,24.02,23.82,23.94,23.94,23.65,,23.94,,,4593153,109894453,29710,F1,1,,,,,
10-07-2026,10-07-2026,CM,BSE,STK,532649,INE023H01027,NECLIFE,T,,,,,NECTAR LIFESCIENCES LTD.,11.37,11.37,11.05,11.15,11.16,11.17,,11.19,,,4683,52468,37,F1,1,,,,,
10-07-2026,10-07-2026,CM,BSE,STK,532650,INE752G01015,MSPL,B,,,,,MSP STEEL & POWER LTD.,39.32,40.24,38.77,39.24,39.24,39.47,,39.15,,,51419,2024427,346,F1,1,,,,,
10-07-2026,10-07-2026,CM,BSE,STK,532651,INE978G01016,SPLIL,B,,,,,SPL INDUSTRIES LTD.,31.45,32,30.1,31.09,31.5,31.5,,32.07,,,1224,37615,53,F1,1,,,,,
10-07-2026,10-07-2026,CM,BSE,STK,532652,INE614B01018,KTKBANK,A,,,,,KARNATAKA BANK LTD.,267.6,277.5,267.6,276.05,276.05,267.7,,276.35,,,164829,45042562,3328,F1,1,,,,,
10-07-2026,10-07-2026,CM,BSE,STK,532654,INE942G01012,MCLEODRUSS,T,,,,,MCLEOD RUSSEL INDIA LTD.,52.89,55.27,52.64,55.27,55.27,52.64,,55.02,,,28884,1571537,117,F1,1,,,,,
10-07-2026,10-07-2026,CM,BSE,STK,532656,INE828G01013,FACORALL,XT,,,,,FACOR ALLOYS LTD.,3.3,3.46,3.14,3.44,3.45,3.3,,3.44,,,166137,546122,162,F1,1,,,,,
10-07-2026,10-07-2026,CM,BSE,STK,532660,INE526G01021,VIVIMEDLAB,T,,,,,VIVIMED LABS LTD.,5.41,5.58,5.4,5.51,5.51,5.4,,5.41,,,12910,70394,24,F1,1,,,,,
10-07-2026,10-07-2026,CM,BSE,STK,532661,INE050H01012,RML,B,,,,,RANE (MADRAS) LTD.,1302.4,1318.5,1285.5,1300.75,1295.3,1277.35,,1299.6,,,2539,3309368,358,F1,1,,,,,
10-07-2026,10-07-2026,CM,BSE,STK,532662,INE501G01024,HTMEDIA,B,,,,,HT MEDIA LTD.,26.05,26.15,25.35,25.41,25.35,25.98,,25.41,,,17188,444141,105,F1,1,,,,,
10-07-2026,10-07-2026,CM,BSE,STK,532663,INE231F01020,SASKEN,B,,,,,Sasken Technologies Limited,1993.05,2058.15,1985.3,2058.15,2058.15,1960.15,,2056,,,3465,7066794,295,F1,1,,,,,
10-07-2026,10-07-2026,CM,BSE,STK,532666,INE512B01022,FCSSOFT,T,,,,,FCS SOFTWARE SOLUTIONS LTD.,1.49,1.49,1.47,1.49,1.49,1.49,,1.49,,,194707,289066,89,F1,1,,,,,
10-07-2026,10-07-2026,CM,BSE,STK,532667,INE040H01021,SUZLON,A,,,,,SUZLON ENERGY LTD.,54.17,54.44,53.77,53.92,53.92,53.64,,53.92,,,2465659,133372230,6964,F1,1,,,,,
10-07-2026,10-07-2026,CM,BSE,STK,532668,INE132H01018,AURIONPRO,A,,,,,AURIONPRO SOLUTIONS LTD.,836.95,865.75,836.95,857.65,856.65,836.95,,857.8,,,4216,3612136,296,F1,1,,,,,
10-07-2026,10-07-2026,CM,BSE,STK,532670,INE087H01022,RENUKA,A,,,,,SHREE RENUKA SUGARS LTD.,22.95,23,22.68,22.76,22.76,22.63,,22.74,,,342199,7810428,797,F1,1,,,,,
10-07-2026,10-07-2026,CM,BSE,STK,532673,INE157H01023,KMSUGAR,B,,,,,K.M.SUGAR MILLS LTD.,26.8,28.5,26.58,28.04,28.01,27.15,,28.07,,,9121,253981,197,F1,1,,,,,
10-07-2026,10-07-2026,CM,BSE,STK,532674,INE186H01022,BASML,T,,,,,BANNARI AMMAN SPINNING MILLS L,25.81,26.56,25.5,26.56,26.56,25.3,,26.41,,,2489,64367,18,F1,1,,,,,
10-07-2026,10-07-2026,CM,BSE,STK,532676,INE160H01019,PBAINFRA,XT,,,,,PBA INFRASTRUCTURE LTD.,13.13,13.13,12.93,12.94,13,12.6,,12.94,,,702,9156,8,F1,1,,,,,
10-07-2026,10-07-2026,CM,BSE,STK,532683,INE212H01026,AIAENG,A,,,,,AIA ENGINEERING LTD.,4664.95,4757.95,4651.65,4675.75,4664.35,4687.75,,4683.5,,,56944,267549180,853,F1,1,,,,,
10-07-2026,10-07-2026,CM,BSE,STK,532684,INE184H01027,EKC,B,,,,,EVEREST KANTO CYLINDER LTD.,115.35,116.05,114,115.1,115,113.9,,115.02,,,10345,1188339,234,F1,1,,,,,
10-07-2026,10-07-2026,CM,BSE,STK,532686,INE202H01019,KERNEX,B,,,,,KERNEX MICROSYSTEMS (INDIA) LT,2144.95,2181.5,2104,2160.5,2168,2123.15,,2157.6,,,11232,24065323,831,F1,1,,,,,
10-07-2026,10-07-2026,CM,BSE,STK,532687,INE461B01014,REPRO,B,,,,,REPRO INDIA LTD.,364,370,360.3,365.35,360.3,364,,363.6,,,307,111580,48,F1,1,,,,,
10-07-2026,10-07-2026,CM,BSE,STK,532689,INE191H01014,PVRINOX,A,,,,,PVR INOX LIMITED,988.15,1008.35,988.15,1001.75,1000.5,990.3,,1002,,,18315,18354887,1282,F1,1,,,,,
10-07-2026,10-07-2026,CM,BSE,STK,532694,INE855F01042,ASMS,T,,,,,Avio Smart Market Stack Limite,7.01,7.19,6.93,7.04,7.08,7.09,,7.04,,,56692,399677,134,F1,1,,,,,
10-07-2026,10-07-2026,CM,BSE,STK,532695,INE185H01016,CELEBRITY,B,,,,,CELEBRITY FASHIONS LTD.,7.2,7.7,7.1,7.4,7.4,7.51,,7.52,,,3174,23309,31,F1,1,,,,,
10-07-2026,10-07-2026,CM,BSE,STK,532698,INE229H01012,NITINSPIN,B,,,,,NITIN SPINNERS LTD.,549.1,550.3,540.5,543.25,543.75,547.2,,543.2,,,2398,1307234,97,F1,1,,,,,
10-07-2026,10-07-2026,CM,BSE,STK,532699,INE283H01019,ROHLTD,B,,,,,ROYAL ORCHID HOTELS LTD.,325.8,328.15,323.95,327,328.15,323,,326.7,,,307,100170,26,F1,1,,,,,
10-07-2026,10-07-2026,CM,BSE,STK,532700,INE265F01028,ENIL,B,,,,,ENTERTAINMENT NETWORK (INDIA),106.1,106.1,105.5,105.95,105.95,105.5,,105.86,,,1137,120025,26,F1,1,,,,,
10-07-2026,10-07-2026,CM,BSE,STK,532701,INE266H01014,CELLA,Z,,,,,CELLA SPACE LIMITED,17.67,18.32,16.69,17.15,17.15,17.5,,17.15,,,1918,33509,30,F1,1,,,,,
10-07-2026,10-07-2026,CM,BSE,STK,532705,INE199G01027,JAGRAN,B,,,,,JAGRAN PRAKASHAN LTD.,63.16,64.52,63.16,63.84,64.05,63.96,,63.89,,,22386,1432282,328,F1,1,,,,,
10-07-2026,10-07-2026,CM,BSE,STK,532707,INE256H01015,DYNPRO,B,,,,,DYNEMIC PRODUCTS LTD.,233.05,238.9,231.6,233.85,233.85,232.75,,233.36,,,24,5597,6,F1,1,,,,,
10-07-2026,10-07-2026,CM,BSE,STK,532708,INE251H01024,GVKPIL,T,,,,,GVK POWER & INFRASTRUCTURE LTD,2.48,2.54,2.48,2.5,2.5,2.53,,2.49,,,161709,404679,298,F1,1,,,,,
10-07-2026,10-07-2026,CM,BSE,STK,532710,INE226H01026,SADBHAV,B,,,,,SADBHAV ENGINEERING LTD.,8.27,8.45,8.16,8.36,8.36,8.32,,8.35,,,6906,57493,59,F1,1,,,,,
10-07-2026,10-07-2026,CM,BSE,STK,532712,INE330H01018,RCOM,T,,,,,RELIANCE COMMUNICATIONS LTD.,0.88,0.89,0.86,0.87,0.87,0.88,,0.87,,,1267578,1112725,302,F1,1,,,,,
10-07-2026,10-07-2026,CM,BSE,STK,532713,INE190H01024,SAKUMA,T,,,,,SAKUMA EXPORTS LTD.,1.74,1.77,1.71,1.74,1.76,1.69,,1.72,,,64937,112474,122,F1,1,,,,,
10-07-2026,10-07-2026,CM,BSE,STK,532714,INE389H01022,KEC,A,,,,,KEC INTERNATIONAL LTD.,499.8,516.85,494.45,504.95,504.95,495.45,,504.85,,,109835,55855400,2334,F1,1,,,,,
10-07-2026,10-07-2026,CM,BSE,STK,532716,INE047B01011,GILLANDERS,B,,,,,GILLANDERS ARBUTHNOT & CO.LTD.,87.38,95,86.5,89.09,92.9,86.4,,91.28,,,1245,109041,15,F1,1,,,,,
10-07-2026,10-07-2026,CM,BSE,STK,532717,INE332H01014,INDOTECH,T,,,,,INDO TECH TRANSFORMERS LTD.,3098.65,3319.9,3098.65,3319.9,3319.9,3161.85,,3308.9,,,8014,26560972,245,F1,1,,,,,
10-07-2026,10-07-2026,CM,BSE,STK,532719,INE350H01032,BLKASHYAP,B,,,,,B.L.KASHYAP AND SONS LTD.,53.35,55.72,53.3,55.02,55.02,52.37,,55.26,,,5983,325737,52,F1,1,,,,,
10-07-2026,10-07-2026,CM,BSE,STK,532720,INE774D01024,M&MFIN,A,,,,,MAHINDRA & MAHINDRA FINANCIAL,338.55,347,338.55,340.85,340.85,336.75,,340.85,,,304771,104663352,4904,F1,1,,,,,
10-07-2026,10-07-2026,CM,BSE,STK,532721,INE286H01012,VISACHROME,T,,,,,VISA Chrome Limited,39.3,40.67,39.3,40.01,40.01,39.7,,40.07,,,2281,91668,13,F1,1,,,,,
10-07-2026,10-07-2026,CM,BSE,STK,532722,INE858F01012,NITCO,B,,,,,NITCO LTD.,109.3,109.3,105.95,106.55,107.05,108.05,,106.52,,,36419,3930426,318,F1,1,,,,,
10-07-2026,10-07-2026,CM,BSE,STK,532723,INE493H01014,MPDL,X,,,,,MPDL LIMITED,30.94,31.49,30.84,31.49,31.49,29.85,,31.49,,,144,4444,7,F1,1,,,,,
10-07-2026,10-07-2026,CM,BSE,STK,532725,INE343H01029,SOLARINDS,A,,,,,SOLAR INDUSTRIES INDIA LTD.,17499.85,18279.85,17261.4,18236.8,18236.8,17377.75,,18236,,,12522,224483140,2542,F1,1,,,,,
10-07-2026,10-07-2026,CM,BSE,STK,532726,INE297H01019,GALLANTT,B,,,,,GALLANTT ISPAT LIMITED,674.15,678.6,663.35,668.15,673.5,662.4,,667.65,,,3519,2359697,270,F1,1,,,,,
10-07-2026,10-07-2026,CM,BSE,STK,532728,INE383H01017,MALUPAPER,B,,,,,MALU PAPER MILLS LTD.,31.38,31.89,30.6,30.63,30.6,31.38,,30.66,,,746,23079,25,F1,1,,,,,
10-07-2026,10-07-2026,CM,BSE,STK,532729,INE786F01031,UTTAMSUGAR,B,,,,,UTTAM SUGAR MILLS LTD.,234.95,235.25,231.2,232.65,231.8,233.9,,232.45,,,4574,1063867,160,F1,1,,,,,
10-07-2026,10-07-2026,CM,BSE,STK,532730,INE353H01010,SGL,B,,,,,STL GLOBAL LTD.,9.82,10.75,9.7,10.2,10.2,9.82,,10.24,,,32367,337439,93,F1,1,,,,,
10-07-2026,10-07-2026,CM,BSE,STK,532732,INE401H01017,KKCL,B,,,,,KEWAL KIRAN CLOTHING LTD.,498.6,500.8,486.65,497.6,497.65,495.3,,499.15,,,2047,1003080,108,F1,1,,,,,
10-07-2026,10-07-2026,CM,BSE,STK,532733,INE424H01027,SUNTV,A,,,,,SUN TV NETWORK LTD.,505,506.45,497.65,499.85,499.95,499.05,,499.7,,,4491,2259866,170,F1,1,,,,,
10-07-2026,10-07-2026,CM,BSE,STK,532734,INE177H01039,GPIL,A,,,,,GODAWARI POWER & ISPAT LTD.,253,255.95,251.5,254.45,254.45,250.4,,254.35,,,47920,12191231,574,F1,1,,,,,
10-07-2026,10-07-2026,CM,BSE,STK,532735,INE411H01032,RSYSTEMS,B,,,,,R SYSTEMS INTERNATIONAL LTD.,237.05,253.05,237.05,241.95,241.95,235.15,,241.86,,,527379,129761864,1661,F1,1,,,,,
10-07-2026,10-07-2026,CM,BSE,STK,532737,INE296H01011,EMKAY,B,,,,,EMKAY GLOBAL FINANCIAL SERVICE,266.85,271.9,266.85,271.7,271.7,265,,270.85,,,736,197405,42,F1,1,,,,,
10-07-2026,10-07-2026,CM,BSE,STK,532738,INE388G01026,TICL,B,,,,,TwamevConstruction and Infrast,10.69,11.81,10.69,11.79,11.81,11.25,,11.77,,,179742,2057713,355,F1,1,,,,,
10-07-2026,10-07-2026,CM,BSE,STK,532740,INE397H01017,LOKESHMACH,T,,,,,LOKESH MACHINES LTD.,335.9,335.9,329.2,329.2,329.2,335.9,,329.2,,,3917,1299555,48,F1,1,,,,,
10-07-2026,10-07-2026,CM,BSE,STK,532741,INE390H01020,KAMDHENU,T,,,,,Kamdhenu Limited,33,34.18,31.16,31.82,31.82,32.78,,32.96,,,226726,7407694,404,F1,1,,,,,
10-07-2026,10-07-2026,CM,BSE,STK,532742,INE111F01024,PAUSHAKLTD,B,,,,,PAUSHAK LTD.,555,596.55,552.5,566.7,566.7,546.35,,565.9,,,7862,4560316,776,F1,1,,,,,
10-07-2026,10-07-2026,CM,BSE,STK,532744,INE302H01017,GTNTEX,X,,,,,GTN TEXTILES LTD.,8.2,8.77,8.2,8.77,8.77,8.11,,8.77,,,112,922,6,F1,1,,,,,
10-07-2026,10-07-2026,CM,BSE,STK,532748,INE367G01038,PFOCUS,T,,,,,PRIME FOCUS LTD.,255,255.7,255,255.7,255.7,243.55,,256.69,,,2570,657009,25,F1,1,,,,,
10-07-2026,10-07-2026,CM,BSE,STK,532749,INE418H01029,ALLCARGO,B,,,,,ALLCARGO LOGISTICS LTD.,7.97,8.03,7.9,7.98,7.95,7.85,,7.98,,,295482,2359204,413,F1,1,,,,,
10-07-2026,10-07-2026,CM,BSE,STK,532754,INE776C01039,GMRAIRPORT,A,,,,,GMR Airports Limited,110.7,113.15,110.7,112.5,112.5,111.85,,112.51,,,41108049,4626841585,4165,F1,1,,,,,
10-07-2026,10-07-2026,CM,BSE,STK,532755,INE669C01036,TECHM,A,,,,,TECH MAHINDRA LTD.,1448.75,1478,1445.6,1455.45,1455.45,1424.25,,1454.8,,,54457,79436890,2583,F1,1,,,,,
10-07-2026,10-07-2026,CM,BSE,STK,532756,INE536H01010,CIEINDIA,A,,,,,CIE Automotive India Limited,465.9,472.25,462.45,464.45,464.6,461.8,,464.3,,,7424,3468920,330,F1,1,,,,,
10-07-2026,10-07-2026,CM,BSE,STK,532757,INE540H01012,VOLTAMP,A,,,,,VOLTAMP TRANSFORMERS LTD.,9607.2,9626,9531.45,9554.55,9585,9581.1,,9562,,,775,7419329,253,F1,1,,,,,
10-07-2026,10-07-2026,CM,BSE,STK,532759,INE285H01022,ATLANTAA,B,,,,,ATLANTAA LIMITED,38.11,39.32,38.11,39,39,38.9,,39.11,,,3819,148467,124,F1,1,,,,,
10-07-2026,10-07-2026,CM,BSE,STK,532761,INE596H01014,HGM,B,,,,,HANDSON GLOBAL MANAGEMENT (HGM,49.11,50.6,49.1,50.6,50.6,49.27,,50.07,,,113,5556,6,F1,1,,,,,
10-07-2026,10-07-2026,CM,BSE,STK,532762,INE731H01025,ACE,A,,,,,ACTION CONSTRUCTION EQUIPMENT,979.75,1002.3,979.75,989.35,990,977.05,,989,,,20300,20140890,1178,F1,1,,,,,
10-07-2026,10-07-2026,CM,BSE,STK,532764,INE916G01016,GEECEE,T,,,,,GEECEE VENTURES LIMITED,362,362,350,350,350,345,,348.95,,,77,27201,4,F1,1,,,,,
10-07-2026,10-07-2026,CM,BSE,STK,532767,INE336H01023,GAYAPROJ,T,,,,,GAYATRI PROJECTS LTD.,20.96,21.8,20.52,21.04,21.39,20.99,,20.99,,,38892,823408,147,F1,1,,,,,
10-07-2026,10-07-2026,CM,BSE,STK,532768,INE737H01014,FIEMIND,B,,,,,FIEM INDUSTRIES LTD.,2228.3,2257.25,2208,2249.05,2243,2208.05,,2249.9,,,1122,2505977,208,F1,1,,,,,
10-07-2026,10-07-2026,CM,BSE,STK,532771,INE544H01014,JHS,B,,,,,JHS SVENDGAARD LABORATORIES LT,7.61,7.7,7.42,7.56,7.7,7.61,,7.58,,,7310,55059,98,F1,1,,,,,
10-07-2026,10-07-2026,CM,BSE,STK,532772,INE503A01015,DCBBANK,A,,,,,DCB BANK LIMITED,189,191.95,186.95,188.75,188.4,185.9,,188.67,,,23640,4474496,448,F1,1,,,,,
10-07-2026,10-07-2026,CM,BSE,STK,532773,INE792H01019,GLOBALVECT,B,,,,,GLOBAL VECTRA HELICORP LTD.,160,164.95,156.1,156.85,161,160,,159.57,,,873,138095,58,F1,1,,,,,
10-07-2026,10-07-2026,CM,BSE,STK,532774,INE020G01017,INSPIRISYS,T,,,,,Inspirisys Solutions Limited,104.35,106.75,104.35,106.15,106.35,104.35,,104.22,,,88,9296,4,F1,1,,,,,
10-07-2026,10-07-2026,CM,BSE,STK,532775,INE221H01019,GTLINFRA,B,,,,,GTL INFRASTRUCTURE LTD.,1.32,1.36,1.32,1.34,1.34,1.33,,1.33,,,2961359,3967193,15221,F1,1,,,,,
10-07-2026,10-07-2026,CM,BSE,STK,532776,INE637H01024,SHIVAMAUTO,T,,,,,SHIVAM AUTOTECH LTD.,19.55,19.55,19.55,19.55,19.55,19.94,,19.4,,,5831,113996,7,F1,1,,,,,
10-07-2026,10-07-2026,CM,BSE,STK,532777,INE663F01032,NAUKRI,A,,,,,INFO EDGE (INDIA) LTD.,1217.85,1229,1201.3,1204.1,1201.9,1202.7,,1204.05,,,105113,127298394,4073,F1,1,,,,,
10-07-2026,10-07-2026,CM,BSE,STK,532779,INE813H01021,TORNTPOWER,A,,,,,TORRENT POWER LTD.,1415.05,1453.4,1414.45,1419,1419,1412.2,,1419.4,,,13336,19125309,710,F1,1,,,,,
10-07-2026,10-07-2026,CM,BSE,STK,532780,INE561H01026,PARSVNATH,T,,,,,PARSVNATH DEVELOPERS LTD.,2.33,2.33,2.33,2.33,2.33,2.37,,2.34,,,373460,870161,115,F1,1,,,,,
10-07-2026,10-07-2026,CM,BSE,STK,532782,INE645H01027,SUTLEJTEX,T,,,,,SUTLEJ TEXTILES & INDUSTRIES L,37.17,38.4,37.17,38.4,38.4,37.17,,37.98,,,361,13538,6,F1,1,,,,,
10-07-2026,10-07-2026,CM,BSE,STK,532783,INE818H01020,LTFOODS,A,,,,,LT FOODS LTD.,389.05,393.15,387.15,389.15,389.3,388.2,,389.1,,,25430,9918209,705,F1,1,,,,,
10-07-2026,10-07-2026,CM,BSE,STK,532784,INE671H01015,SOBHA,A,,,,,SOBHA,1484.05,1524.5,1455,1510.05,1523,1469.4,,1511.2,,,17804,26625497,951,F1,1,,,,,
10-07-2026,10-07-2026,CM,BSE,STK,532785,INE803H01014,RUCHIRA,B,,,,,RUCHIRA PAPERS LTD.,104.45,106,103.65,105.1,105.35,103.85,,105.75,,,1032,108254,108,F1,1,,,,,
10-07-2026,10-07-2026,CM,BSE,STK,532790,INE483C01032,TANLA,A,,,,,TANLA PLATFORMS LIMITED,522.3,553.8,522.3,550.6,550.6,521.35,,550.2,,,45299,24742241,1371,F1,1,,,,,
10-07-2026,10-07-2026,CM,BSE,STK,532794,INE966H01019,ZEEMEDIA,B,,,,,ZEE MEDIA CORPORATION LIMITED,8.59,8.59,8.25,8.26,8.27,8.4,,8.26,,,68353,570331,170,F1,1,,,,,
10-07-2026,10-07-2026,CM,BSE,STK,532795,INE965H01011,SITINET,Z,,,,,Siti Networks Ltd.,0.49,0.49,0.49,0.49,0.49,0.49,,0.33,,,5250,2572,8,F1,1,,,,,
10-07-2026,10-07-2026,CM,BSE,STK,532796,INE872H01027,LUMAXTECH,A,,,,,LUMAX AUTO TECHNOLOGIES LTD.,1503.6,1504.05,1489,1491.8,1496.5,1494.95,,1491,,,4214,6303477,268,F1,1,,,,,
10-07-2026,10-07-2026,CM,BSE,STK,532797,INE718H01014,AUTOIND,T,,,,,AUTOLINE INDUSTRIES LTD.,95.15,99.5,94,97.58,97,95.15,,97.63,,,35865,3478238,306,F1,1,,,,,
10-07-2026,10-07-2026,CM,BSE,STK,532798,INE870H01013,NETWORK18,A,,,,,NETWORK18 MEDIA & INVESTMENTS,31,31.59,31,31.18,31.23,30.8,,31.17,,,78041,2437351,523,F1,1,,,,,
10-07-2026,10-07-2026,CM,BSE,STK,532799,INE703H01016,HUBTOWN,B,,,,,HUBTOWN LTD.,204.95,211,203.25,207.4,207.2,204.3,,206.91,,,44547,9180457,536,F1,1,,,,,
10-07-2026,10-07-2026,CM,BSE,STK,532801,INE627H01017,CTE,B,,,,,CAMBRIDGE TECHNOLOGY ENTERPRIS,29.85,29.85,29.14,29.2,29.2,29.1,,29.26,,,200,5834,6,F1,1,,,,,
10-07-2026,10-07-2026,CM,BSE,STK,532804,INE545H01011,TIIL,B,,,,,TECHNOCRAFT INDUSTRIES (INDIA),2491.1,2525.25,2472.5,2478.05,2494.7,2506,,2479.1,,,418,1044086,122,F1,1,,,,,
10-07-2026,10-07-2026,CM,BSE,STK,532805,INE891D01026,REDINGTON,A,,,,,Redington Limited,274.5,282.2,274,280.25,280.05,274.65,,280.4,,,74649,20865591,1522,F1,1,,,,,
10-07-2026,10-07-2026,CM,BSE,STK,532806,INE768E01024,AICHAMP,XT,,,,,AI CHAMPDANY INDUSTRIES LTD.,35,35.7,34,35.03,34.68,35.3,,35.03,,,930,32495,16,F1,1,,,,,
10-07-2026,10-07-2026,CM,BSE,STK,532807,INE704H01022,CINELINE,B,,,,,CINELINE INDIA LIMITED,79.34,81.67,77.75,78.63,79.37,80.15,,78.97,,,1168,93148,30,F1,1,,,,,
10-07-2026,10-07-2026,CM,BSE,STK,532808,INE940H01022,PGIL,A,,,,,PEARL GLOBAL INDUSTRIES LIMITE,1959.35,2033.05,1950.45,1995.85,1995,1983.65,,1997.9,,,3939,7855460,400,F1,1,,,,,
10-07-2026,10-07-2026,CM,BSE,STK,532809,INE684F01012,FSL,A,,,,,FIRSTSOURCE SOLUTIONS LTD.,246.9,260.9,245.95,259.75,259.75,242.85,,259.71,,,196916,50147101,2554,F1,1,,,,,
10-07-2026,10-07-2026,CM,BSE,STK,532810,INE134E01011,PFC,A,,,,,POWER FINANCE CORPORATION LTD.,405.8,409.8,404.2,406.5,406.5,403.9,,406.5,,,142887,58102782,1832,F1,1,,,,,
10-07-2026,10-07-2026,CM,BSE,STK,532811,INE758C01029,AHLUCONT,B,,,,,AHLUWALIA CONTRACTS (INDIA) LT,849.6,849.6,833.85,843,840.75,835.95,,842.95,,,6165,5179259,256,F1,1,,,,,
10-07-2026,10-07-2026,CM,BSE,STK,532812,INE804H01012,TFL,B,,,,,TRANSWARRANTY FINANCE LTD.,11.97,12.3,11.01,11.41,11.41,11.65,,11.6,,,1211,14169,17,F1,1,,,,,
10-07-2026,10-07-2026,CM,BSE,STK,532814,INE562A01011,INDIANB,A,,,,,INDIAN BANK,797.7,874.95,795.75,870.95,870.95,792.95,,870.7,,,1126267,963880474,26027,F1,1,,,,,
10-07-2026,10-07-2026,CM,BSE,STK,532815,INE812G01025,SMSPHARMA,B,,,,,SMS PHARMACEUTICALS LTD.,413.25,413.25,400,402.7,401.85,406.1,,402.7,,,17126,6884560,766,F1,1,,,,,
10-07-2026,10-07-2026,CM,BSE,STK,532817,INE998H01012,ORIENTALTL,B,,,,,ORIENTAL TRIMEX LTD.,6.29,6.29,5.37,5.42,5.42,5.57,,5.5,,,23324,128908,103,F1,1,,,,,
10-07-2026,10-07-2026,CM,BSE,STK,532820,INE311H01018,ELAND,X,,,,,E-Land Apparel Limited,13.51,13.51,12.61,13,13,13.45,,13,,,15727,204397,23,F1,1,,,,,
10-07-2026,10-07-2026,CM,BSE,STK,532822,INE669E01016,IDEA,A,,,,,VODAFONE IDEA  LIMITED,14.15,14.33,14.02,14.2,14.2,14.04,,14.19,,,16972582,240687174,393799,F1,1,,,,,
10-07-2026,10-07-2026,CM,BSE,STK,532825,INE702H01018,JAGJANANI,X,,,,,JAGJANANI TEXTILES LTD.,4.3,4.3,4.19,4.19,4.19,4.32,,4.19,,,1551,6573,9,F1,1,,,,,
10-07-2026,10-07-2026,CM,BSE,STK,532826,INE952H01027,RAJTV,B,,,,,RAJ TELEVISION NETWORK LTD.,12,12.05,11.81,12.01,12.05,12,,12.01,,,109566,1306906,27,F1,1,,,,,
10-07-2026,10-07-2026,CM,BSE,STK,532827,INE761H01022,PAGEIND,A,,,,,PAGE INDUSTRIES LTD.,40797.75,40814.85,39233.15,39406.7,39475,40581.8,,39395,,,1167,46519479,534,F1,1,,,,,
10-07-2026,10-07-2026,CM,BSE,STK,532828,INE005I01014,AMDIND,B,,,,,AMD INDUSTRIES LTD.,46.6,46.6,45.21,45.21,45.21,45.52,,46.23,,,1246,57015,25,F1,1,,,,,
10-07-2026,10-07-2026,CM,BSE,STK,532829,INE976H01018,LEHAR,X,,,,,LEHAR FOOTWEARS LIMITED,246,246,236.1,240.1,240.5,243.85,,240.1,,,17091,4133341,316,F1,1,,,,,
10-07-2026,10-07-2026,CM,BSE,STK,532830,INE006I01046,ASTRAL,A,,,,,ASTRAL LIMITED,1321.05,1338.3,1312.6,1333.65,1333.65,1318.25,,1333.8,,,34123,45236092,3299,F1,1,,,,,
10-07-2026,10-07-2026,CM,BSE,STK,532832,INE069I01010,EMBDL,A,,,,,EMBASSY DEVELOPMENTS LIMITED,63.89,67.52,63.79,66.16,66.12,63.79,,66.23,,,246746,16166235,1226,F1,1,,,,,
10-07-2026,10-07-2026,CM,BSE,STK,532834,INE052I01032,CAMLINFINE,A,,,,,Camlin Fine Sciences Ltd,129.55,132.05,123.4,128.4,128.4,129.2,,128.52,,,237463,30408293,1256,F1,1,,,,,
10-07-2026,10-07-2026,CM,BSE,STK,532835,INE725G01011,ICRA,B,,,,,ICRA LTD.,5234.5,5330,5210.75,5302.35,5295.1,5197.5,,5298,,,2165,11409383,562,F1,1,,,,,
10-07-2026,10-07-2026,CM,BSE,STK,532839,INE836F01026,DISHTV,T,,,,,DISH TV INDIA LTD.,2.94,3.03,2.92,2.98,2.98,2.94,,2.98,,,195890,583389,361,F1,1,,,,,
10-07-2026,10-07-2026,CM,BSE,STK,532841,INE280H01015,SAHYADRI,B,,,,,SAHYADRI INDUSTRIES LTD.,277.15,278.5,273.5,275.6,275.6,275,,277.55,,,594,164123,77,F1,1,,,,,
10-07-2026,10-07-2026,CM,BSE,STK,532842,INE917H01012,SRHHYPOLTD,B,,,,,SREE RAYALASEEMA HI-STRENGTH H,501.2,504.5,492.7,493.8,493.8,493.45,,496.1,,,449,221749,27,F1,1,,,,,
10-07-2026,10-07-2026,CM,BSE,STK,532843,INE061F01013,FORTIS,A,,,,,FORTIS HEALTHCARE LTD.,959.8,970,948.95,968.05,968.65,951.5,,968,,,75999,72669410,2888,F1,1,,,,,
10-07-2026,10-07-2026,CM,BSE,STK,532845,INE797H01018,TGBHOTELS,B,,,,,TGB BANQUETS AND HOTELS LTD.,8.9,8.9,8.85,8.85,8.85,8.73,,8.9,,,1501,13358,15,F1,1,,,,,
10-07-2026,10-07-2026,CM,BSE,STK,532847,INE788H01017,HILTON,T,,,,,HILTON METAL FORGING LTD.,23,23.44,22.5,23.2,23.15,23.38,,23.22,,,497,11553,18,F1,1,,,,,
10-07-2026,10-07-2026,CM,BSE,STK,532848,INE124G01033,DELTACORP,A,,,,,DELTA CORP LTD.,65.11,65.45,64.5,64.92,64.92,65.06,,64.99,,,95112,6180477,712,F1,1,,,,,
10-07-2026,10-07-2026,CM,BSE,STK,532850,INE287C01037,MICEL,T,,,,,MIC ELECTRONICS LTD.,36.73,38.24,36.73,37.32,37.32,36.87,,37.34,,,15419,578203,117,F1,1,,,,,
10-07-2026,10-07-2026,CM,BSE,STK,532851,INE070I01018,INSECTICID,B,,,,,INSECTICIDES (INDIA) LTD.,656.15,662.75,650.8,657.1,657.1,655.45,,659,,,1238,809572,67,F1,1,,,,,
10-07-2026,10-07-2026,CM,BSE,STK,532853,INE228I01012,ASAHISONG,B,,,,,ASAHI SONGWON COLORS LTD.,280,280.8,270,274.2,271.4,275.9,,270.55,,,1058,291242,57,F1,1,,,,,
10-07-2026,10-07-2026,CM,BSE,STK,532855,INE928H01019,HARYNACAP,X,,,,,HARYANA CAPFIN LTD.,142.05,149.9,139,146.55,146.55,145,,146.55,,,490,69602,18,F1,1,,,,,
10-07-2026,10-07-2026,CM,BSE,STK,532856,INE508G01029,TIMETECHNO,A,,,,,TIME TECHNOPLAST LTD.,177.2,185.5,176.95,184.45,184.45,176.9,,184.35,,,133006,24224307,1417,F1,1,,,,,
10-07-2026,10-07-2026,CM,BSE,STK,532859,INE170I01016,HGS,B,,,,,HINDUJA GLOBAL SOLUTIONS LTD.,411.85,422.6,411.85,413.05,412.7,407.1,,413.25,,,720,298135,48,F1,1,,,,,
10-07-2026,10-07-2026,CM,BSE,STK,532864,INE189I01024,NELCAST,B,,,,,NELCAST LTD.,134.95,140.9,133,139.8,140,134,,139.89,,,16301,2223221,308,F1,1,,,,,
10-07-2026,10-07-2026,CM,BSE,STK,532867,INE945H01021,V2RETAIL,B,,,,,V2 RETAIL LTD.,222,225.2,218.5,220.4,220.4,221.6,,220.24,,,190526,42063705,1911,F1,1,,,,,
10-07-2026,10-07-2026,CM,BSE,STK,532868,INE271C01023,DLF,A,,,,,DLF LTD.,667.7,691.6,654.9,685.7,685.7,659.95,,685.75,,,454660,309179613,10237,F1,1,,,,,
10-07-2026,10-07-2026,CM,BSE,STK,532869,INE924H01018,TARMAT,B,,,,,TARMAT LTD.,48.86,51.48,48,49.8,49.8,48.85,,49.28,,,2269,111328,35,F1,1,,,,,
10-07-2026,10-07-2026,CM,BSE,STK,532870,INE106I01010,ANKITMETAL,Z,,,,,ANKIT METAL & POWER LTD.,1.46,1.53,1.46,1.47,1.47,1.53,,1.47,,,10650,15612,21,F1,1,,,,,
10-07-2026,10-07-2026,CM,BSE,STK,532872,INE232I01014,SPARC,B,,,,,SUN PHARMA ADVANCED RESEARCH C,279.95,280.6,258.85,264.6,264.6,277.4,,264.6,,,241273,64658257,4035,F1,1,,,,,
10-07-2026,10-07-2026,CM,BSE,STK,532873,INE191I01012,HDIL,Z,,,,,HOUSING DEVELOPMENT & INFRASTR,1.66,1.72,1.66,1.69,1.68,1.72,,1.69,,,19978,33886,70,F1,1,,,,,
10-07-2026,10-07-2026,CM,BSE,STK,532875,INE102I01027,ADSL,B,,,,,ALLIED DIGITAL SERVICES LTD.,118,121.5,118,120.05,120.65,117.9,,120.06,,,16923,2032993,348,F1,1,,,,,
10-07-2026,10-07-2026,CM,BSE,STK,532878,INE385I01010,ALPA,B,,,,,ALPA LABORATORIES LTD.,67.05,68.8,67.05,68.78,68.78,68.3,,68.25,,,177,12057,9,F1,1,,,,,
10-07-2026,10-07-2026,CM,BSE,STK,532880,INE800H01010,OMAXE,B,,,,,OMAXE LTD.,87.1,94.44,87.1,90.35,90.35,87.14,,90.47,,,148605,13624629,800,F1,1,,,,,
10-07-2026,10-07-2026,CM,BSE,STK,532884,INE056I01025,REFEX,A,,,,,REFEX INDUSTRIES LTD.,353.95,353.95,342.35,345.95,346.55,349.05,,344.75,,,19681,6840114,536,F1,1,,,,,
10-07-2026,10-07-2026,CM,BSE,STK,532885,INE483A01010,CENTRALBK,A,,,,,CENTRAL BANK OF INDIA,31.88,32.78,31.88,32.61,32.61,31.72,,32.6,,,1017348,32945678,2587,F1,1,,,,,
10-07-2026,10-07-2026,CM,BSE,STK,532886,INE105I01020,SELMC,B,,,,,SEL MANUFACTURING COMPANY LTD.,28.97,29.26,28.27,28.34,28.27,28.26,,28.32,,,715,20437,14,F1,1,,,,,
10-07-2026,10-07-2026,CM,BSE,STK,532887,INE333I01044,NEUEON,T,,,,,Neueon Corporation Limited,12.57,13.89,12.57,13.76,13.75,13.23,,13.69,,,106570,1453959,216,F1,1,,,,,
10-07-2026,10-07-2026,CM,BSE,STK,532888,INE022I01019,ASIANTILES,B,,,,,ASIAN GRANITO INDIA LTD.,48.14,49.37,47.9,48.94,48.94,48.17,,48.84,,,39310,1905738,383,F1,1,,,,,
10-07-2026,10-07-2026,CM,BSE,STK,532889,INE930H01031,KPRMILL,A,,,,,K.P.R.MILL LIMITED,1134.85,1134.85,1104,1108.5,1112,1114.65,,1110,,,504298,562797093,590,F1,1,,,,,
10-07-2026,10-07-2026,CM,BSE,STK,532890,INE142I01023,TAKE,T,,,,,TAKE SOLUTIONS LTD.,22.26,22.98,22.26,22.56,22.7,23.43,,22.63,,,58175,1305952,567,F1,1,,,,,
10-07-2026,10-07-2026,CM,BSE,STK,532891,INE323I01011,PURVA,B,,,,,Puravankara Limited,220.9,226,220.9,223.8,223.7,219.4,,224.03,,,16090,3594332,404,F1,1,,,,,
10-07-2026,10-07-2026,CM,BSE,STK,532892,INE338I01027,MOTILALOFS,A,,,,,MOTILAL OSWAL FINANCIAL SERVIC,954.05,982.5,953.75,978.85,976.4,942,,979.35,,,56915,55257218,2131,F1,1,,,,,
10-07-2026,10-07-2026,CM,BSE,STK,532893,INE222F01029,VTMLTD,X,,,,,VTM LTD.,63.9,70.45,63,68.07,68.07,63.48,,68.07,,,91292,6124798,406,F1,1,,,,,
10-07-2026,10-07-2026,CM,BSE,STK,532894,INE227G01018,INDOWIND,T,,,,,INDOWIND ENERGY LTD.,9.23,9.47,9.15,9.39,9.3,9.42,,9.28,,,26952,250987,96,F1,1,,,,,
10-07-2026,10-07-2026,CM,BSE,STK,532895,INE245I01016,NAGREEKCAP,T,,,,,NAGREEKA CAPITAL & INFRASTRUCT,23.15,24.54,23.15,23.15,23.15,24.11,,23.89,,,1148,27011,21,F1,1,,,,,
10-07-2026,10-07-2026,CM,BSE,STK,532896,INE387I01016,MAGNUM,B,,,,,MAGNUM VENTURES LTD.,19.98,19.99,19.45,19.76,19.9,20.48,,19.74,,,771,15166,19,F1,1,,,,,
10-07-2026,10-07-2026,CM,BSE,STK,532898,INE752E01010,POWERGRID,A,,,,,POWER GRID CORPORATION OF INDI,283,283.85,281.4,283.2,283.2,281.15,,283.1,,,954198,269859656,2426,F1,1,,,,,
10-07-2026,10-07-2026,CM,BSE,STK,532899,INE455I01029,KSCL,A,,,,,KAVERI SEED COMPANY LTD.,876.7,876.95,863.7,870.3,871,865.75,,869.95,,,2308,2002543,151,F1,1,,,,,
10-07-2026,10-07-2026,CM,BSE,STK,532900,INE420C01059,PAISALO,A,,,,,PAISALO DIGITAL LIMITED,72.59,73.95,71.73,72.95,72.95,72.34,,73.23,,,428374,31144594,1237,F1,1,,,,,
10-07-2026,10-07-2026,CM,BSE,STK,532902,INE429I01024,CCCL,B,,,,,CONSOLIDATED CONSTRUCTION CONS,16.78,16.78,16.02,16.07,16.39,16.37,,16.21,,,41561,670399,128,F1,1,,,,,
10-07-2026,10-07-2026,CM,BSE,STK,532904,INE550H01011,SUPREMEINF,B,,,,,SUPREME INFRASTRUCTURE INDIA L,83.53,83.53,80.3,80.74,80.79,83.53,,80.36,,,2074,168042,54,F1,1,,,,,
10-07-2026,10-07-2026,CM,BSE,STK,532906,INE215I01027,MAANALU,B,,,,,MAAN ALUMINIUM LTD.,122.55,126,120.6,121.95,121.25,120.6,,121.63,,,7736,955967,346,F1,1,,,,,
10-07-2026,10-07-2026,CM,BSE,STK,532907,INE369I01014,IL&FSENGG,Z,,,,,IL&FS ENGINEERING AND CONSTRUC,28.71,29.8,27.55,29.8,29.8,28.7,,29.8,,,627,17887,4,F1,1,,,,,
10-07-2026,10-07-2026,CM,BSE,STK,532911,INE272G01014,PARLEIND,XT,,,,,PARLE INDUSTRIES LIMITED,8.93,8.93,8.93,8.93,8.93,9.11,,8.93,,,11715,104614,135,F1,1,,,,,
10-07-2026,10-07-2026,CM,BSE,STK,532915,INE621H01010,RELIGARE,A,,,,,RELIGARE ENTERPRISES LTD.,272.75,274.35,269.15,270.2,269.6,271.55,,270.45,,,21565,5863120,425,F1,1,,,,,
10-07-2026,10-07-2026,CM,BSE,STK,532916,INE139I01011,BVCL,B,,,,,BARAK VALLEY CEMENTS LTD.,42.9,43.19,42.9,43.19,43.19,42.05,,42.92,,,360,15536,3,F1,1,,,,,
10-07-2026,10-07-2026,CM,BSE,STK,532918,INE575I01016,RATHIBAR,X,,,,,RATHI BARS LTD.,20.51,20.9,20.51,20.55,20.51,20.51,,20.55,,,4475,92028,38,F1,1,,,,,
10-07-2026,10-07-2026,CM,BSE,STK,532921,INE742F01042,ADANIPORTS,A,,,,,ADANI PORTS AND SPECIAL ECONOM,1799.3,1852,1799.3,1828,1828,1799.3,,1828.1,,,54189,99412153,3196,F1,1,,,,,
10-07-2026,10-07-2026,CM,BSE,STK,532922,INE532F01054,EDELWEISS,A,,,,,EDELWEISS FINANCIAL SERVICES L,119.35,121.8,118.65,120.15,119.9,117.6,,120.14,,,114295,13758164,603,F1,1,,,,,
10-07-2026,10-07-2026,CM,BSE,STK,532923,INE722H01024,RGL,B,,,,,RENAISSANCE GLOBAL LIMITED,120.25,121.3,118.1,118.8,118.75,120.7,,119.14,,,8571,1020457,127,F1,1,,,,,
10-07-2026,10-07-2026,CM,BSE,STK,532924,INE094I01018,KOLTEPATIL,B,,,,,KOLTE-PATIL DEVELOPERS LTD.,362,372.2,362,368.4,372.2,360.5,,370.25,,,2230,819760,256,F1,1,,,,,
10-07-2026,10-07-2026,CM,BSE,STK,532925,INE234I01028,KAUSHALYA,T,,,,,KAUSHALYA INFRASTRUCTURE DEVEL,1036.05,1036.05,1036.05,1036.05,1036.05,1090.55,,1034.45,,,39,40405,8,F1,1,,,,,
10-07-2026,10-07-2026,CM,BSE,STK,532926,INE668F01031,JYOTHYLAB,A,,,,,JYOTHY LABS LIMITED,203.5,204.75,200,200.5,200.4,201.7,,200.54,,,96319,19488105,2607,F1,1,,,,,
10-07-2026,10-07-2026,CM,BSE,STK,532927,INE738I01010,ECLERX,A,,,,,ECLERX SERVICES LTD.,1563.5,1628.5,1563.5,1622.3,1627.15,1556.05,,1621.7,,,15467,24751164,1359,F1,1,,,,,
10-07-2026,10-07-2026,CM,BSE,STK,532928,INE763I01026,TARIL,A,,,,,TRANSFORMERS AND RECTIFIERS (I,337.9,347.5,337.3,344.55,344.55,334.7,,344.75,,,134128,46136150,1986,F1,1,,,,,
10-07-2026,10-07-2026,CM,BSE,STK,532929,INE791I01019,BRIGADE,A,,,,,BRIGADE ENTERPRISES LTD.,538,577.85,530,574.65,574.65,533.05,,574.6,,,89079,49770216,2224,F1,1,,,,,
10-07-2026,10-07-2026,CM,BSE,STK,532930,INE661I01014,BGRENERGY,T,,,,,BGR ENERGY SYSTEMS LTD.,291.15,301.95,291.15,299.2,298.3,291.15,,299.3,,,3502,1041841,86,F1,1,,,,,
10-07-2026,10-07-2026,CM,BSE,STK,532932,INE015D01022,MANAKSIA,B,,,,,MANAKSIA LTD.,58.86,58.86,57.42,57.42,57.42,56.9,,57.56,,,110,6460,2,F1,1,,,,,
10-07-2026,10-07-2026,CM,BSE,STK,532933,INE386I01018,PORWAL,X,,,,,PORWAL AUTO COMPONENTS LTD.,57.9,59.01,56,57.61,57.61,55.67,,57.61,,,6658,384816,70,F1,1,,,,,
10-07-2026,10-07-2026,CM,BSE,STK,532934,INE095I01015,PPAP,B,,,,,PPAP,280.45,331.4,273,325.5,325.5,276.2,,323.46,,,84723,26453706,5315,F1,1,,,,,
10-07-2026,10-07-2026,CM,BSE,STK,532935,INE298I01015,ARIES,B,,,,,ARIES AGRO LTD.,345.05,348,342.3,344.35,345.35,344,,344.15,,,421,145168,34,F1,1,,,,,
10-07-2026,10-07-2026,CM,BSE,STK,532937,INE529I01021,KUANTUM,B,,,,,KUANTUM PAPERS LTD.,74.65,76.23,73.85,75.77,75.7,75.35,,75.62,,,773,57691,17,F1,1,,,,,
10-07-2026,10-07-2026,CM,BSE,STK,532939,INE614G01033,RPOWER,A,,,,,RELIANCE POWER LTD.,25.01,25.5,25.01,25.1,25.1,24.77,,25.12,,,2277533,57504219,3357,F1,1,,,,,
10-07-2026,10-07-2026,CM,BSE,STK,532940,INE576I01022,JKIL,A,,,,,J.KUMAR INFRAPROJECTS LTD.,510.85,510.85,498,501.1,499.5,501.25,,500.7,,,4430,2237522,274,F1,1,,,,,
10-07-2026,10-07-2026,CM,BSE,STK,532941,INE792I01017,CORDSCABLE,T,,,,,CORDS CABLE INDUSTRIES LTD.,202,209.4,202,208.95,208,206.4,,206.09,,,232,47711,10,F1,1,,,,,
10-07-2026,10-07-2026,CM,BSE,STK,532942,INE634I01029,KNRCON,A,,,,,KNR CONSTRUCTIONS LTD.,128,130.8,127.95,129.2,129.2,127.5,,129.05,,,76758,9948903,712,F1,1,,,,,
10-07-2026,10-07-2026,CM,BSE,STK,532944,INE809I01019,ONMOBILE,T,,,,,ONMOBILE,68.78,70,66,68.14,69,66.92,,68.49,,,13449,905255,115,F1,1,,,,,
10-07-2026,10-07-2026,CM,BSE,STK,532945,INE964H01014,SEPC,B,,,,,SEPC LIMITED,6.46,6.63,6.46,6.57,6.59,6.46,,6.56,,,840599,5515834,640,F1,1,,,,,
10-07-2026,10-07-2026,CM,BSE,STK,532946,INE863I01016,BANG,B,,,,,BANG OVERSEAS LTD.,29.19,29.8,28.88,29.75,29.8,28.55,,29.78,,,2495,73799,94,F1,1,,,,,
10-07-2026,10-07-2026,CM,BSE,STK,532947,INE821I01022,IRB,A,,,,,IRB INFRASTRUCTURE DEVELOPERS,20.44,20.44,20.22,20.31,20.31,20.25,,20.29,,,1143157,23266259,2762,F1,1,,,,,
10-07-2026,10-07-2026,CM,BSE,STK,532951,INE871H01011,GSS,T,,,,,GSS INFOTECH LTD.,12.5,12.84,12.02,12.49,12.49,12.31,,12.5,,,290,3619,8,F1,1,,,,,
10-07-2026,10-07-2026,CM,BSE,STK,532952,INE049I01012,NAHARCAP,B,,,,,NAHAR CAPITAL & FINANCIAL SERV,247.05,253,245.8,245.8,245.8,243,,246.74,,,49,12104,5,F1,1,,,,,
10-07-2026,10-07-2026,CM,BSE,STK,532953,INE951I01027,VGUARD,A,,,,,V-GUARD INDUSTRIES LTD.,311.35,311.35,305.1,305.35,306.2,305.75,,305.6,,,2562,787907,138,F1,1,,,,,
10-07-2026,10-07-2026,CM,BSE,STK,532955,INE020B01018,RECLTD,A,,,,,REC LIMITED,353.5,356.5,350.7,351.9,351.9,352.05,,351.95,,,293349,103724243,4057,F1,1,,,,,
10-07-2026,10-07-2026,CM,BSE,STK,532957,INE642I01014,GOKAKTEX,X,,,,,GOKAK TEXTILES LTD.,62,63.6,60.56,63.6,63.6,63.49,,63.6,,,809,51149,27,F1,1,,,,,
10-07-2026,10-07-2026,CM,BSE,STK,532966,INE615H01020,TITAGARH,A,,,,,TITAGARH RAIL SYSTEMS LIMITED,832.1,845.25,832.1,835.65,836,827.35,,835.8,,,8216,6901198,425,F1,1,,,,,
10-07-2026,10-07-2026,CM,BSE,STK,532967,INE415I01015,KIRIINDUS,A,,,,,KIRI INDUSTRIES LTD.,382.9,390,381.25,387,387.85,381.75,,387.75,,,14578,5634346,261,F1,1,,,,,
10-07-2026,10-07-2026,CM,BSE,STK,532974,INE865C01022,BIRLAMONEY,B,,,,,ADITYA BIRLA MONEY LTD.,144.45,152.25,144.45,149.3,148,142.65,,149.88,,,27440,4086749,524,F1,1,,,,,
10-07-2026,10-07-2026,CM,BSE,STK,532975,INE778I01024,TELOGICA,XT,,,,,TELOGICA LIMITED,9.89,10.13,9.5,10.13,10.13,9.65,,10.13,,,30529,296813,39,F1,1,,,,,
10-07-2026,10-07-2026,CM,BSE,STK,532976,INE091G01026,JAIBALAJI,T,,,,,JAI BALAJI INDUSTRIES LTD.,65.37,67.9,65.37,66.44,66.32,66.5,,66.09,,,14935,996074,128,F1,1,,,,,
10-07-2026,10-07-2026,CM,BSE,STK,532977,INE917I01010,BAJAJ-AUTO,A,,,,,BAJAJ AUTO LTD.,10188.95,10296.8,10111.9,10163.4,10154.05,10153.35,,10156.5,,,25418,258292309,5873,F1,1,,,,,
10-07-2026,10-07-2026,CM,BSE,STK,532978,INE918I01026,BAJAJFINSV,A,,,,,BAJAJ FINSERV LTD.,1914.6,1921.15,1894.25,1915.55,1915.55,1894.25,,1916,,,104139,198986333,3447,F1,1,,,,,
10-07-2026,10-07-2026,CM,BSE,STK,532980,INE020J01029,GOKUL,B,,,,,GOKUL REFOILS & SOLVENT LTD.,40.65,42.5,40.65,41.44,41.25,40.45,,41.72,,,18696,774532,131,F1,1,,,,,
10-07-2026,10-07-2026,CM,BSE,STK,532983,INE105J01010,RPGLIFE,B,,,,,RPG LIFE SCIENCES LTD.,2626,2889,2607.65,2854.5,2854.5,2658,,2856.6,,,10589,29592115,1483,F1,1,,,,,
10-07-2026,10-07-2026,CM,BSE,STK,532985,INF174KA1JD7,SENSEX1,A,,,,,KOTAK MAHINDRA MUTUAL FUND,84.84,85.28,84.64,85.05,84.84,83.88,,85.05,,,5814,493039,85,F1,1,,,,,
10-07-2026,10-07-2026,CM,BSE,STK,532986,INE368I01016,NIRAJ,T,,,,,NIRAJ CEMENT STRUCTURALS LTD.,30,30,28.77,29.69,29.69,29.5,,29.33,,,408,11843,8,F1,1,,,,,
10-07-2026,10-07-2026,CM,BSE,STK,532989,INE878I01022,BAFNAPH,T,,,,,BAFNA PHARMACEUTICALS LTD.,199.45,207.55,199.45,207.55,207.55,203.5,,207.55,,,1998,412667,25,F1,1,,,,,
10-07-2026,10-07-2026,CM,BSE,STK,532992,INE790D01020,CHLLTD,X,,,,,CHL LTD.,27.16,27.99,27.05,27.19,27.19,27.04,,27.19,,,16,435,5,F1,1,,,,,
10-07-2026,10-07-2026,CM,BSE,STK,532993,INE955I01044,SEJALLTD,T,,,,,SEJAL GLASS LIMITED,734.8,737.1,715,737.1,737.1,702,,754.85,,,383,281406,14,F1,1,,,,,
10-07-2026,10-07-2026,CM,BSE,STK,532994,INE877I01016,ARCHIDPLY,B,,,,,ARCHIDPLY INDUSTRIES LTD.,83.5,83.5,80.68,81.25,81.54,80.97,,81.58,,,1008,81976,27,F1,1,,,,,
10-07-2026,10-07-2026,CM,BSE,STK,532998,INE947I01017,LOTUSEYE,B,,,,,Lotus Eye Hospital And Institu,134,134,118.25,118.25,118.25,120.25,,118.28,,,287,34378,29,F1,1,,,,,
10-07-2026,10-07-2026,CM,BSE,STK,533001,INE323J01019,SOMICONVEY,B,,,,,SOMI CONVEYOR BELTINGS LTD.,97.3,102.5,97.3,98.75,98.6,98.8,,98.72,,,5067,508888,173,F1,1,,,,,
10-07-2026,10-07-2026,CM,BSE,STK,533007,INE201J01017,LGBFORGE,XT,,,,,LGB FORGE LTD.,5.5,5.8,5.5,5.67,5.74,5.69,,5.67,,,82807,473562,169,F1,1,,,,,
10-07-2026,10-07-2026,CM,BSE,STK,533012,INE197J01017,LPDC,B,,,,,LANDMARK PROPERTY DEVELOPMENT,6.44,6.5,6.35,6.46,6.46,6.44,,6.42,,,7934,50766,50,F1,1,,,,,
10-07-2026,10-07-2026,CM,BSE,STK,533014,INE176J01011,SICAGEN,B,,,,,SICAGEN INDIA LTD.,53.02,53.02,52.5,52.75,52.75,52.18,,52.71,,,480,25374,37,F1,1,,,,,
10-07-2026,10-07-2026,CM,BSE,STK,533019,INE456H01029,SIMPLXPAP,X,,,,,SIMPLEX PAPERS LTD.,1312.5,1312.5,1312.5,1312.5,1312.5,1250,,1312.5,,,6,7875,3,F1,1,,,,,
10-07-2026,10-07-2026,CM,BSE,STK,533022,INE144J01027,20MICRONS,B,,,,,20 MICRONS LTD.,196.65,200.95,196.65,198,198,193.75,,198.33,,,3929,779258,158,F1,1,,,,,
10-07-2026,10-07-2026,CM,BSE,STK,533023,INE342J01019,ZFCVINDIA,A,,,,,ZF Commercial Vehicle Control,2335.55,2363.7,2317.4,2334,2332.95,2312.45,,2333.8,,,3857,9028700,527,F1,1,,,,,
10-07-2026,10-07-2026,CM,BSE,STK,533029,INE773I01017,ALKALI,T,,,,,ALKALI METALS LTD.,86.09,86.1,82,82,82,86.09,,83.11,,,670,56538,15,F1,1,,,,,
10-07-2026,10-07-2026,CM,BSE,STK,533033,INE858B01029,ISGEC,A,,,,,ISGEC HEAVY ENGINEERING LTD.,927,937.7,895.6,902.8,900,924.6,,902.3,,,3574,3261103,322,F1,1,,,,,
10-07-2026,10-07-2026,CM,BSE,STK,533047,INE919H01018,IMFA,B,,,,,INDIAN METALS & FERRO ALLOYS L,1339.3,1430.6,1339.3,1402.5,1402.5,1337.7,,1400.9,,,5054,7033983,459,F1,1,,,,,
10-07-2026,10-07-2026,CM,BSE,STK,533048,INE065J01024,TPHQ,B,,,,,Teamo Productions HQ Limited,0.45,0.46,0.37,0.45,0.45,0.46,,0.45,,,785916,341814,206,F1,1,,,,,
10-07-2026,10-07-2026,CM,BSE,STK,533056,INE359B01010,VEDAVAAG,X,,,,,VEDAVAAG SYSTEMS LTD.,22.27,23.55,22.17,22.53,22.65,22.16,,22.53,,,21346,484828,172,F1,1,,,,,
10-07-2026,10-07-2026,CM,BSE,STK,533080,INE893J01029,MOLDTKPAC,B,,,,,MOLD-TEK PACKAGING LIMITED,681.3,683.35,665.8,668.9,672.4,681.65,,669.4,,,3321,2236198,243,F1,1,,,,,
10-07-2026,10-07-2026,CM,BSE,STK,533088,INE998I01010,MHRIL,B,,,,,MAHINDRA HOLIDAYS & RESORTS IN,235.3,236.05,232.45,233.25,234,232.3,,233.69,,,5461,1276779,265,F1,1,,,,,
10-07-2026,10-07-2026,CM,BSE,STK,533090,INE688J01023,LANDSMILL,B,,,,,Landsmill Green Limited,0.77,0.79,0.77,0.78,0.78,0.78,,0.78,,,277030,216305,176,F1,1,,,,,
10-07-2026,10-07-2026,CM,BSE,STK,533093,INE294G01026,ROML,B,,,,,RAJ OIL MILLS LTD.,45.4,45.4,45.4,45.4,45.4,44.8,,45.4,,,1126,51120,28,F1,1,,,,,
10-07-2026,10-07-2026,CM,BSE,STK,533095,INE083K01017,BENGALASM,B,,,,,BENGAL & ASSAM COMPANY LTD.,6300,6400,6300,6300.15,6300.15,6357.9,,6289.5,,,183,1161492,83,F1,1,,,,,
10-07-2026,10-07-2026,CM,BSE,STK,533096,INE814H01029,ADANIPOWER,A,,,,,ADANI POWER LTD.,218.7,220.6,216.85,218.4,218.4,216.3,,218.45,,,958346,209715415,5950,F1,1,,,,,
10-07-2026,10-07-2026,CM,BSE,STK,533098,INE848E01016,NHPC,A,,,,,NHPC LTD.,79.07,79.99,79.02,79.85,79.85,78.58,,79.82,,,299697,23866919,2000,F1,1,,,,,
10-07-2026,10-07-2026,CM,BSE,STK,533100,INE429K01012,PEIL,X,,,,,PREMIER ENERGY AND INFRASTRUCT,6.43,6.43,6.04,6.06,6.05,6.25,,6.06,,,16375,100472,41,F1,1,,,,,
10-07-2026,10-07-2026,CM,BSE,STK,533101,INE360J01011,SURYAAMBA,X,,,,,SURYAAMBA SPINNING MILLS LTD.,120,124.9,115.6,115.6,115.6,120,,115.6,,,195,23227,7,F1,1,,,,,
10-07-2026,10-07-2026,CM,BSE,STK,533104,INE615I01010,GLOBUSSPR,B,,,,,GLOBUS SPIRITS LTD.,911.1,929.9,911.1,924.75,923.1,921.6,,926.05,,,2460,2271875,275,F1,1,,,,,
10-07-2026,10-07-2026,CM,BSE,STK,533106,INE274J01014,OIL,A,,,,,OIL INDIA LTD.,422.05,425.65,421.05,425,425,423.2,,424.95,,,223087,94597885,3850,F1,1,,,,,
10-07-2026,10-07-2026,CM,BSE,STK,533107,INE542F01020,SWANDEF,T,,,,,SWAN DEFENCE AND HEAVY INDUSTR,2169.8,2249.85,2141,2216.95,2216.95,2155.65,,2232.7,,,987,2160944,99,F1,1,,,,,
10-07-2026,10-07-2026,CM,BSE,STK,533108,INE274K01012,BTTL,T,,,,,BHILWARA TECHNICAL TEXTILES LT,52.2,56.5,52.2,55.9,55.9,53.81,,54.34,,,6514,362490,58,F1,1,,,,,
10-07-2026,10-07-2026,CM,BSE,STK,533110,INE318K01025,SPSL,X,,,,,SHREE PRECOATED STEELS LTD.,16.44,16.44,16.44,16.44,16.44,15.93,,16.44,,,2000,32880,4,F1,1,,,,,
10-07-2026,10-07-2026,CM,BSE,STK,533121,INE201K01015,EXPLEOSOL,B,,,,,EXPLEO SOLUTIONS LIMITED,815.7,824.3,808.6,809.7,812.6,828.65,,810.85,,,1655,1348546,218,F1,1,,,,,
10-07-2026,10-07-2026,CM,BSE,STK,533122,INE399K01017,RTNPOWER,A,,,,,RATTANINDIA POWER LTD.,8.82,9.04,8.82,8.98,8.98,8.82,,8.99,,,974431,8756846,2451,F1,1,,,,,
10-07-2026,10-07-2026,CM,BSE,STK,533137,INE947J01015,DEN,B,,,,,DEN NETWORKS LTD,28.78,29.35,28.74,29.15,29.22,28.29,,29.19,,,22327,649826,169,F1,1,,,,,
10-07-2026,10-07-2026,CM,BSE,STK,533138,INE563J01010,ASTEC,B,,,,,ASTEC LIFESCIENCES LIMITED,687.35,703.2,685.6,686.15,686.15,687.25,,689.1,,,1246,860007,97,F1,1,,,,,
10-07-2026,10-07-2026,CM,BSE,STK,533146,INE250K01012,DLINKINDIA,B,,,,,D-LINK (INDIA) LTD,504.8,513,496,506.3,507,545.85,,506.45,,,38155,19251456,891,F1,1,,,,,
10-07-2026,10-07-2026,CM,BSE,STK,533148,INE121E01018,JSWENERGY,A,,,,,JSW ENERGY LTD,535.6,554.65,535.6,553.3,553.35,533.2,,553.45,,,66456,36439837,1999,F1,1,,,,,
10-07-2026,10-07-2026,CM,BSE,STK,533149,INE143K01019,YUNIKM,X,,,,,Yunik Managing Advisors Limite,7.1,7.1,6.62,6.65,6.65,6.96,,6.65,,,569,3885,15,F1,1,,,,,
10-07-2026,10-07-2026,CM,BSE,STK,533150,INE484J01027,GODREJPROP,A,,,,,GODREJ PROPERTIES LTD,2040,2137.15,2025,2133.6,2133.6,2030.45,,2133.1,,,116259,244509103,7307,F1,1,,,,,
10-07-2026,10-07-2026,CM,BSE,STK,533151,INE950I01011,DBCORP,B,,,,,D B CORP LTD,203.9,209.2,200.65,203.15,203.15,201.65,,203.53,,,85062,17433637,1122,F1,1,,,,,
10-07-2026,10-07-2026,CM,BSE,STK,533152,INE912H01013,MBLINFRA,T,,,,,MBL Infrastructure Ltd,26.25,26.79,25.1,25.8,25.8,26.24,,25.99,,,3351,86465,17,F1,1,,,,,
10-07-2026,10-07-2026,CM,BSE,STK,533155,INE797F01020,JUBLFOOD,A,,,,,JUBILANT FOODWORKS LTD,432.05,440.7,431.45,438.2,438,429.3,,438.05,,,3047666,1340761413,1799,F1,1,,,,,
10-07-2026,10-07-2026,CM,BSE,STK,533156,INE893I01013,VASCONEQ,T,,,,,VASCON ENGINEERS LTD,32.32,32.65,32.01,32.39,32.6,31.9,,32.52,,,14465,467525,112,F1,1,,,,,
10-07-2026,10-07-2026,CM,BSE,STK,533158,INE085J01014,THANGAMAYL,A,,,,,THANGAMAYIL JEWELLERY LTD,6749.95,6749.95,6378.8,6538.7,6524.15,6597.45,,6540.5,,,9685,63141270,1619,F1,1,,,,,
10-07-2026,10-07-2026,CM,BSE,STK,533160,INE879I01012,DBREALTY,T,,,,,VALOR ESTATE LIMITED,111,116.4,111,113.9,113.9,111.05,,114.26,,,25525,2904499,173,F1,1,,,,,
10-07-2026,10-07-2026,CM,BSE,STK,533161,INE753K01015,EMMBI,T,,,,,EMMBI INDUSTRIES LTD,89,91,88.5,90.5,90.5,90,,90,,,702,63261,10,F1,1,,,,,
10-07-2026,10-07-2026,CM,BSE,STK,533162,INE982F01036,HATHWAY,B,,,,,HATHWAY CABLE & DATACOM LTD,11,11.1,10.96,11.06,11.06,10.9,,11.04,,,260626,2877365,487,F1,1,,,,,
10-07-2026,10-07-2026,CM,BSE,STK,533164,INE141K01013,TEXMOPIPES,B,,,,,TEXMO PIPES & PRODUCTS LTD.,43,44.72,43,44.46,44.72,43.46,,44.55,,,1807,79341,196,F1,1,,,,,
10-07-2026,10-07-2026,CM,BSE,STK,533166,INE108E01023,SUNDARAM,B,,,,,SUNDARAM MULTI PAP LTD.,1.26,1.32,1.25,1.28,1.28,1.26,,1.28,,,99719,125940,128,F1,1,,,,,
10-07-2026,10-07-2026,CM,BSE,STK,533167,INE312J01012,COROENGG,X,,,,,COROMANDEL ENGINEERING COMPANY,55.2,57.46,55.2,56.25,56.25,54.73,,56.25,,,6438,365496,37,F1,1,,,,,
10-07-2026,10-07-2026,CM,BSE,STK,533168,INE847C01020,ROSSELLIND,B,,,,,ROSSELL INDIA LTD.,56.93,57.92,55.93,56.4,56.51,56.93,,56.25,,,1685,94922,64,F1,1,,,,,
10-07-2026,10-07-2026,CM,BSE,STK,533169,INE949H01023,MANINFRA,A,,,,,MAN INFRACONSTRUCTION LTD.,101.4,104.95,101.4,104.35,104.35,100.75,,104.61,,,153279,15944068,620,F1,1,,,,,
10-07-2026,10-07-2026,CM,BSE,STK,533170,INE864J01012,TAMBOLIIN,T,,,,,TAMBOLI INDUSTRIES LIMITED,218.6,218.6,218,218,218,218.6,,217.74,,,2930,638998,2,F1,1,,,,,
10-07-2026,10-07-2026,CM,BSE,STK,533172,INF205KA1BP1,IVZINGOLD,E,,,,,INVESCO India Gold Exchange Tr,125.55,125.55,123.8,124.33,124.33,124.2,,124.25,,,982,121966,16,F1,1,,,,,
10-07-2026,10-07-2026,CM,BSE,STK,533177,INE975G01012,IL&FSTRANS,Z,,,,,IL&FS TRANSPORTATION NETWORKS,2.15,2.19,2.14,2.19,2.19,2.22,,2.18,,,4592,9913,17,F1,1,,,,,
10-07-2026,10-07-2026,CM,BSE,STK,533179,INE262H01021,PERSISTENT,A,,,,,PERSISTENT SYSTEMS LTD.,4924.6,5067.95,4907,5054.2,5033,4829,,5054,,,48309,241023619,6629,F1,1,,,,,
10-07-2026,10-07-2026,CM,BSE,STK,533181,INE566K01011,ISFT,B,,,,,INTRASOFT TECHNOLOGIES LTD.,77.05,78.19,76.01,77.1,77.1,77.05,,77.5,,,517,39570,14,F1,1,,,,,
10-07-2026,10-07-2026,CM,BSE,STK,533192,INE790B01024,KCPSUGIND,B,,,,,KCP SUGAR & INDUSTRIES CORPORA,21.06,22,21.06,21.87,21.99,22,,21.96,,,6044,132412,51,F1,1,,,,,
10-07-2026,10-07-2026,CM,BSE,STK,533193,INE134B01017,KECL,T,,,,,KIRLOSKAR ELECTRIC COMPANY LTD,110.9,115,108.1,113,112,111.15,,115.01,,,8747,974058,84,F1,1,,,,,
10-07-2026,10-07-2026,CM,BSE,STK,533202,INE639K01016,SATCH,XT,,,,,SATCHMO HOLDINGS LIMITED,4.73,4.9,4.71,4.82,4.8,4.71,,4.82,,,40933,197781,69,F1,1,,,,,
10-07-2026,10-07-2026,CM,BSE,STK,533203,INE747K01017,TARAPUR,B,,,,,TARAPUR TRANSFORMERS LTD,18.13,18.19,18,18.16,18.16,18.01,,18.17,,,629,11411,19,F1,1,,,,,
10-07-2026,10-07-2026,CM,BSE,STK,533206,INE002L01015,SJVN,A,,,,,SJVN LTD,70.16,71.29,70.16,70.89,70.89,70.09,,70.88,,,226734,16092893,1910,F1,1,,,,,
10-07-2026,10-07-2026,CM,BSE,STK,533208,INE830C01026,EMAMIPAP,B,,,,,EMAMI PAPER MILLS LTD.,88.03,88.64,86.08,86.84,86.08,88.03,,86.56,,,3906,340634,68,F1,1,,,,,
10-07-2026,10-07-2026,CM,BSE,STK,533210,INE798K01010,KRITINUT,T,,,,,KRITI NUTRIENTS LTD,77.9,78.5,75.05,77.96,78.5,76.75,,77.31,,,1053,79921,16,F1,1,,,,,
10-07-2026,10-07-2026,CM,BSE,STK,533212,INE265D01015,GKB,X,,,,,GKB OPHTHALMICS LTD.,60.01,62.85,60,60,60,60.98,,60,,,518,31082,7,F1,1,,,,,
10-07-2026,10-07-2026,CM,BSE,STK,533217,INE871K01015,HMVL,B,,,,,HINDUSTAN MEDIA VENTURES LTD.,91.8,91.8,89,89.6,91,88.73,,90.57,,,775,69576,55,F1,1,,,,,
10-07-2026,10-07-2026,CM,BSE,STK,533218,INE778K01012,EMAMIREAL,T,,,,,EMAMI REALTY LIMITED,78.89,78.89,76.35,77.8,77.8,79.95,,77.88,,,2596,202223,21,F1,1,,,,,
10-07-2026,10-07-2026,CM,BSE,STK,533227,INE926K01017,AHLEAST,B,,,,,ASIAN HOTELS (EAST) LTD.,142.35,146.15,139.5,141,141,139.15,,142.45,,,699,98416,39,F1,1,,,,,
10-07-2026,10-07-2026,CM,BSE,STK,533229,INE933K01021,BAJAJCON,B,,,,,BAJAJ CONSUMER CARE LIMITED,649.45,680,639.7,668.3,670.3,642.55,,670.15,,,72352,48084238,2761,F1,1,,,,,
10-07-2026,10-07-2026,CM,BSE,STK,533230,INF179KC1981,HDFCGOLD,E,,,,,HDFC MUTUAL FUND - HDFC GOLD E,120.7,122.71,119.29,122.14,122.22,122.35,,122.08,,,85223,10425237,1277,F1,1,,,,,
10-07-2026,10-07-2026,CM,BSE,STK,533239,INE696K01024,PRAKASHSTL,B,,,,,PRAKASH STEELAGE LTD.,4.15,4.26,4.1,4.17,4.19,4.14,,4.14,,,34668,144981,131,F1,1,,,,,
10-07-2026,10-07-2026,CM,BSE,STK,533244,INF109KC1NT3,GOLDIETF,E,,,,,ICICI Prudential Gold ETF,125.83,125.83,121.95,122.52,122.52,122.77,,122.41,,,313470,38483681,2161,F1,1,,,,,
10-07-2026,10-07-2026,CM,BSE,STK,533248,INE517F01014,GPPL,A,,,,,GUJARAT PIPAVAV PORT LTD.,152.3,155.7,152.3,154.3,154.2,152.25,,154.3,,,91169,14113446,1064,F1,1,,,,,
10-07-2026,10-07-2026,CM,BSE,STK,533257,INE866K01023,WAAREEINDO,B,,,,,INDOSOLAR LTD.,397,397.9,387.8,389.85,389.85,386.3,,389.6,,,4847,1893224,249,F1,1,,,,,
10-07-2026,10-07-2026,CM,BSE,STK,533259,INE019J01013,HEALTHX,B,,,,,HEALTH X PLATFORM LIMITED,334.8,340,324,324.55,324,334.8,,323.4,,,403,133437,71,F1,1,,,,,
10-07-2026,10-07-2026,CM,BSE,STK,533260,INE521J01018,CPCAP,T,,,,,CP CAPITAL LIMITED,114.1,114.1,111.1,112.4,112.5,115.45,,112.48,,,745,83261,16,F1,1,,,,,
10-07-2026,10-07-2026,CM,BSE,STK,533262,INE874I01013,RAMKY,B,,,,,RAMKY INFRASTRUCTURE LTD.,386.7,407,386.7,403.75,407,386.9,,403.55,,,4459,1779556,161,F1,1,,,,,
10-07-2026,10-07-2026,CM,BSE,STK,533263,INE999K01014,GREENPOWER,B,,,,,ORIENT GREEN POWER COMPANY LTD,10.15,10.29,10.12,10.16,10.16,10.13,,10.16,,,233566,2385423,1105,F1,1,,,,,
10-07-2026,10-07-2026,CM,BSE,STK,533267,INE068L01024,CANTABIL,B,,,,,CANTABIL RETAIL INDIA LTD.,254,260.25,250,251.2,250,253.05,,251.22,,,4845,1238919,236,F1,1,,,,,
10-07-2026,10-07-2026,CM,BSE,STK,533268,INE351L01016,SEATV,X,,,,,SEA TV NETWORK LTD.,3.11,3.11,3.02,3.02,3.02,3.11,,3.02,,,61,187,3,F1,1,,,,,
10-07-2026,10-07-2026,CM,BSE,STK,533269,INE956G01038,WABAG,A,,,,,VA TECH WABAG LTD.,2140.35,2246.05,2126.4,2220.7,2220.7,2118.4,,2221.2,,,53782,118665132,3205,F1,1,,,,,
10-07-2026,10-07-2026,CM,BSE,STK,533270,INE844K01012,BEDMUTHA,B,,,,,BEDMUTHA INDUSTRIES LTD.,111.2,111.2,107,111,111,108,,108.72,,,451,49307,4,F1,1,,,,,
10-07-2026,10-07-2026,CM,BSE,STK,533271,INE442H01029,ASHOKA,A,,,,,ASHOKA BUILDCON LTD.,127.95,133,127.85,131.25,131.15,127,,131.55,,,64498,8443431,618,F1,1,,,,,
10-07-2026,10-07-2026,CM,BSE,STK,533272,INE209L01016,JWL,A,,,,,JUPITER WAGONS LIMITED,251.85,258.8,251.85,256.85,256.85,251.35,,256.8,,,94387,24237877,1853,F1,1,,,,,
10-07-2026,10-07-2026,CM,BSE,STK,533273,INE093I01010,OBEROIRLTY,A,,,,,OBEROI REALTY LTD.,1896.5,1933.15,1846.75,1924.9,1924.9,1873.8,,1924.8,,,34652,66129189,3575,F1,1,,,,,
10-07-2026,10-07-2026,CM,BSE,STK,533274,INE811K01011,PRESTIGE,A,,,,,PRESTIGE ESTATES PROJECTS LTD.,1689.9,1740.85,1654.9,1732.35,1732.35,1675.45,,1733.2,,,59410,101492007,5154,F1,1,,,,,
10-07-2026,10-07-2026,CM,BSE,STK,533275,INE482J01021,SHAH,B,,,,,SHAH METACORP LIMITED,4.68,4.79,4.61,4.66,4.65,4.61,,4.65,,,124842,582640,202,F1,1,,,,,
10-07-2026,10-07-2026,CM,BSE,STK,533278,INE522F01014,COALINDIA,A,,,,,COAL INDIA LTD.,429.7,432.6,426.7,429.45,429.45,430.2,,429.3,,,275671,118337258,8334,F1,1,,,,,
10-07-2026,10-07-2026,CM,BSE,STK,533282,INE024L01027,GRAVITA,A,,,,,GRAVITA INDIA LTD.,1832.05,1865,1824,1854,1849,1810.7,,1854.6,,,25128,46477679,1708,F1,1,,,,,
10-07-2026,10-07-2026,CM,BSE,STK,533284,INE324L01013,RPPINFRA,B,,,,,RPP INFRA PROJECTS LTD.,63.07,64.09,62.53,63.25,63.15,62.33,,63.22,,,2838,179805,68,F1,1,,,,,
10-07-2026,10-07-2026,CM,BSE,STK,533285,INE245L01028,RDBIPL,B,,,,,RDB INFRASTRUCTURE AND POWER L,19.87,20,19.12,19.6,19.71,19.31,,19.6,,,37887,744667,162,F1,1,,,,,
10-07-2026,10-07-2026,CM,BSE,STK,533286,INE490G01020,MOIL,A,,,,,MOIL LTD.,271.25,277.3,271.05,273.95,273.95,270.5,,274,,,17579,4835204,392,F1,1,,,,,
10-07-2026,10-07-2026,CM,BSE,STK,533287,INE565L01011,ZEELEARN,T,,,,,ZEE LEARN LTD.,9.23,9.23,8.86,8.92,9.11,8.89,,8.97,,,40203,360832,90,F1,1,,,,,
10-07-2026,10-07-2026,CM,BSE,STK,533289,INE096L01025,KTIL,X,,,,,KESAR TERMINALS & INFRASTRUCTU,62,63.99,62,63.7,63.7,62.2,,63.7,,,221,13870,17,F1,1,,,,,
10-07-2026,10-07-2026,CM,BSE,STK,533292,INE619I01012,A2ZINFRA,B,,,,,A2Z INFRA ENGINEERING LIMITED,13.31,13.9,13.31,13.57,13.6,13.58,,13.57,,,18852,256417,108,F1,1,,,,,
10-07-2026,10-07-2026,CM,BSE,STK,533293,INE146L01010,KIRLOSENG,A,,,,,KIRLOSKAR OIL ENGINES LTD.,2452.55,2499.95,2435,2492.25,2492.25,2425.8,,2491.9,,,137672,340905112,5922,F1,1,,,,,
10-07-2026,10-07-2026,CM,BSE,STK,533294,INE722J01012,RKDL,B,,,,,RAVI KUMAR DISTILLERIES LTD.,17.56,19.79,17.56,18.83,19.79,18.99,,18.86,,,333,6269,14,F1,1,,,,,
10-07-2026,10-07-2026,CM,BSE,STK,533295,INE608A01012,PSB,B,,,,,PUNJAB & SIND BANK,24.73,25.28,24.7,24.98,24.98,24.46,,24.99,,,186818,4666710,659,F1,1,,,,,
10-07-2026,10-07-2026,CM,BSE,STK,533296,INE360L01017,FMNL,T,,,,,FUTURE MARKET NETWORKS LTD.,10,10.48,9.7,10.4,10.4,10.2,,10.25,,,23090,225620,33,F1,1,,,,,
10-07-2026,10-07-2026,CM,BSE,STK,533298,INE272L01022,SURANASOL,B,,,,,SURANA SOLAR LTD.,25.01,25.97,25.01,25.71,25.97,25.6,,25.75,,,5470,140311,90,F1,1,,,,,
10-07-2026,10-07-2026,CM,BSE,STK,533301,INE268L01046,SHEKHAWATI,T,,,,,SHEKHAWATI INDUSTRIES LIMITED,13.75,14.25,13.75,14,14,14.4,,13.75,,,352,4915,5,F1,1,,,,,
10-07-2026,10-07-2026,CM,BSE,STK,533302,INE029L01018,KICL,B,,,,,KALYANI INVESTMENT COMPANY LTD,5500,5657.5,5499.75,5510,5510,5495.3,,5556.5,,,192,1074175,50,F1,1,,,,,
10-07-2026,10-07-2026,CM,BSE,STK,533303,INE878K01010,BFINVEST,B,,,,,BF INVESTMENT LTD.,452.55,510.95,452.55,489.15,495,446,,487.3,,,123502,61055578,2847,F1,1,,,,,
10-07-2026,10-07-2026,CM,BSE,STK,533306,INE519C01017,SUMMITSEC,B,,,,,SUMMIT SECURITIES LTD.,1537,1576.75,1537,1566.1,1564,1537.9,,1563.7,,,228,353595,59,F1,1,,,,,
10-07-2026,10-07-2026,CM,BSE,STK,533316,INE577L01016,STEL,B,,,,,STEL HOLDINGS LIMITED,565.3,568.4,558,564.95,568.4,562.75,,562.9,,,91,51301,18,F1,1,,,,,
10-07-2026,10-07-2026,CM,BSE,STK,533326,INE621L01012,TEXRAIL,A,,,,,TEXMACO RAIL & ENGINEERING LTD,114.4,116.7,113.8,116.45,116.45,113.7,,116.39,,,71210,8245276,814,F1,1,,,,,
10-07-2026,10-07-2026,CM,BSE,STK,533329,INE611L01021,INDTERRAIN,B,,,,,INDIAN TERRAIN FASHIONS LTD.,32.2,32.44,31.75,32.18,32.09,32.24,,31.69,,,1168,37591,13,F1,1,,,,,
10-07-2026,10-07-2026,CM,BSE,STK,533333,INE045J01034,FCL,B,,,,,FINEOTEX CHEMICAL LTD.,37.93,38.18,36.65,37.02,36.91,37.4,,36.99,,,313747,11692248,883,F1,1,,,,,
10-07-2026,10-07-2026,CM,BSE,STK,533336,INE320L01011,DHUNINV,B,,,,,DHUNSERI INVESTMENTS LTD.,984.95,994,959,977.45,976.95,960.55,,988,,,230,225158,33,F1,1,,,,,
10-07-2026,10-07-2026,CM,BSE,STK,533339,INE251B01027,ZENTEC,A,,,,,ZEN TECHNOLOGIES LTD.,1817.4,1894.8,1813.05,1880.1,1880.1,1812.4,,1880.4,,,34794,64498415,1652,F1,1,,,,,
10-07-2026,10-07-2026,CM,BSE,STK,533343,INE597L01014,LOVABLE,B,,,,,LOVABLE LINGERIE LTD.,78.8,79.6,77.89,77.91,77.9,76.35,,77.59,,,759,59676,26,F1,1,,,,,
10-07-2026,10-07-2026,CM,BSE,STK,533344,INE560K01014,PFS,B,,,,,PTC INDIA FINANCIAL SERVICES L,30.54,30.94,30.54,30.72,30.72,30.59,,30.67,,,24443,751602,132,F1,1,,,,,
10-07-2026,10-07-2026,CM,BSE,STK,533385,INF247L01AP3,MON100,E,,,,,MOTILAL OSWAL MOST SHARES NASD,327.73,327.73,327.73,327.73,327.73,324.85,,327.73,,,5388,1765809,104,F1,1,,,,,
10-07-2026,10-07-2026,CM,BSE,STK,533398,INE414G01012,MUTHOOTFIN,A,,,,,MUTHOOT FINANCE LTD.,3100,3145.3,3086.55,3129.65,3129.65,3055.25,,3129.4,,,82264,256723596,4251,F1,1,,,,,
10-07-2026,10-07-2026,CM,BSE,STK,533407,INE672K01025,TRUEGREEN,XT,,,,,TRUE GREEN BIO ENERGY LIMITED,176.05,192,176.05,190.7,190,185,,190.7,,,14682,2784887,144,F1,1,,,,,
10-07-2026,10-07-2026,CM,BSE,STK,533408,INF209KB18D3,BSLGOLDETF,E,,,,,Aditya Birla Sun Life Mutual F,126.08,126.24,125.39,125.63,125.75,125.98,,125.67,,,5270,663719,118,F1,1,,,,,
10-07-2026,10-07-2026,CM,BSE,STK,533427,INE932K01015,VMS,X,,,,,VMS INDUSTRIES LTD.,23.1,24.74,22.6,23.35,23.54,22.48,,23.35,,,59331,1385992,217,F1,1,,,,,
10-07-2026,10-07-2026,CM,BSE,STK,533451,INE725L01011,KARMAENG,B,,,,,KARMA ENERGY LTD.,39,40.35,39,39.5,39.5,40,,39.28,,,188,7425,34,F1,1,,,,,
10-07-2026,10-07-2026,CM,BSE,STK,533452,INE726L01027,DELPHIFX,T,,,,,DELPHI WORLD MONEY LIMITED,9.08,9.08,8.4,8.99,8.99,8.69,,8.8,,,2858,25593,13,F1,1,,,,,
10-07-2026,10-07-2026,CM,BSE,STK,533470,INE573K01025,RUSHIL,B,,,,,RUSHIL DECOR LTD.,16.5,16.5,16.07,16.11,16.19,16.05,,16.12,,,6794,109759,61,F1,1,,,,,
10-07-2026,10-07-2026,CM,BSE,STK,533477,INE130L01014,ENKEIWHEL,X,,,,,ENKEI WHEELS (INDIA) LTD.,365.3,369.95,360,365.05,368.8,369.95,,365.05,,,1004,363394,49,F1,1,,,,,
10-07-2026,10-07-2026,CM,BSE,STK,533482,INE524L01026,KRIDHANINF,T,,,,,KRIDHAN INFRA LIMITED,2.8,2.8,2.69,2.69,2.69,2.8,,2.71,,,1262,3396,3,F1,1,,,,,
10-07-2026,10-07-2026,CM,BSE,STK,533506,INE878H01024,INVENTURE,B,,,,,INVENTURE GROWTH & SECURITIES,0.9,0.93,0.9,0.92,0.93,0.9,,0.91,,,153837,141691,125,F1,1,,,,,
10-07-2026,10-07-2026,CM,BSE,STK,533519,INE498L01015,LTF,A,,,,,L&T Finance Limited,324.6,328.8,319.2,321.25,321.25,321.05,,321.25,,,620471,200959382,10176,F1,1,,,,,
10-07-2026,10-07-2026,CM,BSE,STK,533520,INE126M01010,IBULLSLTD,T,,,,,Indiabulls Limited,30.05,30.9,29.11,29.57,29.57,29.61,,29.63,,,343674,10241643,993,F1,1,,,,,
10-07-2026,10-07-2026,CM,BSE,STK,533540,INE040M01013,TREEHOUSE,B,,,,,TREE HOUSE EDUCATION & ACCESSO,6.61,6.76,6.48,6.48,6.48,6.67,,6.53,,,2853,18515,28,F1,1,,,,,
10-07-2026,10-07-2026,CM,BSE,STK,533543,INE650L01011,BROOKS,T,,,,,BROOKS LABORATORIES LTD.,72,72,69.1,71.26,71.8,69.01,,70.45,,,2740,192794,23,F1,1,,,,,
10-07-2026,10-07-2026,CM,BSE,STK,533552,INE895B01021,RUPA,B,,,,,RUPA & COMPANY LTD.,168,173.5,165.5,169.75,169.25,165.8,,169.73,,,32423,5522878,584,F1,1,,,,,
10-07-2026,10-07-2026,CM,BSE,STK,533553,INE419M01027,TDPOWERSYS,A,,,,,T D POWER SYSTEMS LTD.,1116.4,1158.3,1108,1150.1,1150.1,1089.75,,1150.2,,,160950,183301747,2339,F1,1,,,,,
10-07-2026,10-07-2026,CM,BSE,STK,533570,INF846K01W80,GOLDAXIS,E,,,,,AXIS MUTUAL FUND - AXIS GOLD E,120.89,120.89,118.81,119.1,119.1,119.69,,119.1,,,19081,2277360,620,F1,1,,,,,
10-07-2026,10-07-2026,CM,BSE,STK,533573,INE901L01018,APLLTD,A,,,,,ALEMBIC PHARMACEUTICALS LTD.,824.95,839,816.6,837.4,837.45,816.4,,837.4,,,5505,4571790,534,F1,1,,,,,
10-07-2026,10-07-2026,CM,BSE,STK,533576,INE590L01019,VASWANI,B,,,,,VASWANI INDUSTRIES LTD.,54.7,55,53.89,54.3,54.3,54.17,,54.52,,,606,32879,59,F1,1,,,,,
10-07-2026,10-07-2026,CM,BSE,STK,533581,INE457L01029,PGEL,A,,,,,PG ELECTROPLAST LTD.,587.35,593.2,578.55,583.15,583.15,583.4,,583.15,,,1023743,598576188,2386,F1,1,,,,,
10-07-2026,10-07-2026,CM,BSE,STK,533602,INE050L01048,LESHAIND,X,,,,,LESHA INDUSTRIES LTD.,0.79,0.8,0.77,0.77,0.78,0.78,,0.77,,,90305,70881,120,F1,1,,,,,
10-07-2026,10-07-2026,CM,BSE,STK,533605,INE023M01027,SETUINFRA,Z,,,,,SETUBANDHAN INFRASTRUCTURE LIM,0.44,0.44,0.44,0.44,0.44,0.43,,0.43,,,337,148,4,F1,1,,,,,
10-07-2026,10-07-2026,CM,BSE,STK,533608,INE123M01017,RDBRL,X,,,,,RDB RASAYANS LTD.,162.95,162.95,157,157.4,159,159.4,,157.4,,,7538,1209551,91,F1,1,,,,,
10-07-2026,10-07-2026,CM,BSE,STK,533629,INE440L01017,TIJARIA,B,,,,,TIJARIA POLYPIPES LTD.,4.57,4.57,4.3,4.3,4.3,4.22,,4.27,,,9369,40728,33,F1,1,,,,,
10-07-2026,10-07-2026,CM,BSE,STK,533632,INE912L01015,ONELIFECAP,T,,,,,ONELIFE CAPITAL ADVISORS LTD.,38.48,39.25,37.7,38.79,38.79,38.4,,37.53,,,3387,129410,20,F1,1,,,,,
10-07-2026,10-07-2026,CM,BSE,STK,533638,INE060J01017,FLEXITUFF,T,,,,,FLEXITUFF VENTURES INTERNATION,5.55,5.55,5.22,5.22,5.22,5.49,,5.22,,,2639,13834,19,F1,1,,,,,
10-07-2026,10-07-2026,CM,BSE,STK,533644,INE899L01030,UEL,B,,,,,UJAAS ENERGY LIMITED,127.4,130,123,128.05,128,127.4,,128.35,,,450,57336,48,F1,1,,,,,
10-07-2026,10-07-2026,CM,BSE,STK,533655,INE152M01016,TRITURBINE,A,,,,,TRIVENI TURBINE LTD.,621,621.05,599.3,605.95,607.05,612.25,,606.1,,,70845,43065818,2918,F1,1,,,,,
10-07-2026,10-07-2026,CM,BSE,STK,533676,INE337M01021,INDOTHAI,B,,,,,INDO THAI SECURITIES LTD.,215.9,220.45,214.65,218.55,216.85,216.4,,218.41,,,25594,5571906,508,F1,1,,,,,
10-07-2026,10-07-2026,CM,BSE,STK,533704,INE122M01019,ESSARSHPNG,B,,,,,ESSAR SHIPPING LTD.,22.34,22.79,22.34,22.67,22.7,22.33,,22.64,,,2452,55460,53,F1,1,,,,,
10-07-2026,10-07-2026,CM,BSE,STK,533719,INF767K01SM1,LICMFGOLD,E,,,,,LIC MUTUAL FUND - LIC MF GOLD,129.54,129.57,128.31,129.01,129.19,128.92,,128.9,,,4033,520415,106,F1,1,,,,,
10-07-2026,10-07-2026,CM,BSE,STK,533758,INE702C01027,APLAPOLLO,A,,,,,APL APOLLO TUBES LTD.,1797.15,1842.8,1797.15,1835.15,1837.35,1785.9,,1835.9,,,179391,326893083,1842,F1,1,,,,,
10-07-2026,10-07-2026,CM,BSE,STK,533761,INE390G01014,GPTINFRA,B,,,,,GPT INFRAPROJECTS LTD.,124.05,127,123,124.6,123.65,123.95,,123.97,,,18129,2267321,545,F1,1,,,,,
10-07-2026,10-07-2026,CM,BSE,STK,533896,INE258M01011,FERVENTSYN,X,,,,,FERVENT SYNERGIES LTD.,15.2,15.43,14.99,15.38,15.38,14.75,,15.38,,,4829,72871,23,F1,1,,,,,
10-07-2026,10-07-2026,CM,BSE,STK,533941,INE480M01011,THOMASCOTT,B,,,,,THOMAS SCOTT (INDIA) LIMITED,329.95,329.95,320.35,322,320.65,324.55,,323.6,,,9740,3156184,122,F1,1,,,,,
10-07-2026,10-07-2026,CM,BSE,STK,533982,INE482B01010,TERASOFT,B,,,,,TERA SOFTWARE LTD.,379.8,399.35,378.35,399.35,399.35,380.35,,398.8,,,9204,3658702,131,F1,1,,,,,
10-07-2026,10-07-2026,CM,BSE,STK,534060,INE793G01035,PMCFIN,X,,,,,PMC FINCORP LIMITED,1.79,1.83,1.78,1.82,1.82,1.79,,1.82,,,310997,560302,331,F1,1,,,,,
10-07-2026,10-07-2026,CM,BSE,STK,534064,INE123D01024,AIML,XT,,,,,ALLIANCE INTEGRATED METALIKS L,2.09,2.09,2.09,2.09,2.09,2.19,,2.09,,,71822,150107,141,F1,1,,,,,
10-07-2026,10-07-2026,CM,BSE,STK,534076,INE743M01012,RHIM,A,,,,,RHI MAGNESITA INDIA LIMITED,403.85,425.35,403.85,420.75,420.75,402.2,,420.35,,,268300,111820058,4383,F1,1,,,,,
10-07-2026,10-07-2026,CM,BSE,STK,534091,INE745G01043,MCX,A,,,,,MULTI COMMODITY EXCHANGE OF IN,2800,2821.85,2747.8,2771.6,2771.6,2785.35,,2770.8,,,146575,405974926,7085,F1,1,,,,,
10-07-2026,10-07-2026,CM,BSE,STK,534139,INE839M01018,SCHNEIDER,A,,,,,SCHNEIDER ELECTRIC INFRASTRUCT,1484.95,1484.95,1408.5,1414.4,1413.8,1486.6,,1414.2,,,55174,78870132,3509,F1,1,,,,,
10-07-2026,10-07-2026,CM,BSE,STK,534190,INE550L01013,OLPCL,X,,,,,OLYMPIC CARDS LTD.,2.96,2.96,2.96,2.96,2.96,2.96,,2.96,,,821,2430,6,F1,1,,,,,
10-07-2026,10-07-2026,CM,BSE,STK,534309,INE095N01031,NBCC,A,,,,,NBCC (India) Limited,98.55,100.5,98.2,99.95,99.95,97.7,,99.98,,,549814,54591680,2956,F1,1,,,,,
10-07-2026,10-07-2026,CM,BSE,STK,534312,INE472M01018,MTEDUCARE,T,,,,,MT EDUCARE LTD.,1.98,1.98,1.98,1.98,1.98,2.08,,1.82,,,1190,2356,2,F1,1,,,,,
10-07-2026,10-07-2026,CM,BSE,STK,534328,INE750M01017,HEXATRADEX,B,,,,,HEXA TRADEX LTD.,162.8,162.8,162.8,162.8,162.8,158,,158.22,,,1,162,1,F1,1,,,,,
10-07-2026,10-07-2026,CM,BSE,STK,534338,INE393F01010,MAXHEIGHTS,X,,,,,Max heights Infrastucture Ltd,12.95,13.07,12.95,12.98,12.95,12.95,,12.98,,,4175,54068,7,F1,1,,,,,
10-07-2026,10-07-2026,CM,BSE,STK,534369,INE760L01018,TBZ,B,,,,,TRIBHOVANDAS BHIMJI ZAVERI LTD,236,241,224,228.85,228,231.95,,228.37,,,134105,31355267,1873,F1,1,,,,,
10-07-2026,10-07-2026,CM,BSE,STK,534392,INE050M01012,VSSL,B,,,,,VARDHMAN SPECIAL STEELS LTD.,273,276.5,272.75,276.4,276.35,269.95,,276.35,,,1900,522470,115,F1,1,,,,,
10-07-2026,10-07-2026,CM,BSE,STK,534422,INE204N01013,LOOKS,XT,,,,,LOOKS HEALTH SERVICES LIMITED,8.71,8.71,8.16,8.55,8.65,8.56,,8.55,,,7516,63087,54,F1,1,,,,,
10-07-2026,10-07-2026,CM,BSE,STK,534425,INE247M01014,SPECIALITY,B,,,,,SPECIALITY RESTAURANTS LTD.,126.7,126.75,121.6,122.15,122.15,126.65,,122.38,,,681,85241,32,F1,1,,,,,
10-07-2026,10-07-2026,CM,BSE,STK,534532,INE142K01011,LYPSAGEMS,B,,,,,LYPSA GEMS & JEWELLERY LTD,4.7,4.7,4.5,4.58,4.58,4.63,,4.59,,,3243,14963,36,F1,1,,,,,
10-07-2026,10-07-2026,CM,BSE,STK,534535,INE958L01034,META,T,,,,,STRING METAVERSE LIMITED,6.87,6.87,6.5,6.67,6.65,6.69,,6.67,,,1095181,7312557,727,F1,1,,,,,
10-07-2026,10-07-2026,CM,BSE,STK,534597,INE834M01019,RTNINDIA,A,,,,,RATTANINDIA ENTERPRISES LIMITE,32.86,33.74,32.86,33.56,33.5,32.81,,33.57,,,78193,2616831,624,F1,1,,,,,
10-07-2026,10-07-2026,CM,BSE,STK,534598,INE735M01018,SAMPANN,B,,,,,Sampann Utpadan India Limited,28,28.69,27.5,28.02,28.14,27.82,,27.92,,,3589,100315,42,F1,1,,,,,
10-07-2026,10-07-2026,CM,BSE,STK,534600,INE391J01032,JTLIND,B,,,,,JTL INDUSTRIES LIMITED,80.71,81.39,77.7,78.15,77.83,80.11,,78.04,,,73016,5795968,527,F1,1,,,,,
10-07-2026,10-07-2026,CM,BSE,STK,534612,INE436N01029,AMTL,X,,,,,ADVANCE METERING TECHNOLOGY LT,18.78,19.44,18.75,19,19.38,18.76,,19,,,1054,19782,16,F1,1,,,,,
10-07-2026,10-07-2026,CM,BSE,STK,534615,INE553C01016,NECCLTD,T,,,,,NORTH EASTERN CARRYING CORPORA,16.3,16.36,15.6,16.33,16.34,16.3,,16.26,,,5209,83859,44,F1,1,,,,,
10-07-2026,10-07-2026,CM,BSE,STK,534618,INE299N01021,WAAREERTL,A,,,,,WAAREE RENEWABLE TECHNOLOGIES,997.45,1019,997.45,1015.9,1015.9,987.65,,1016.3,,,18238,18444887,959,F1,1,,,,,
10-07-2026,10-07-2026,CM,BSE,STK,534623,INE524N01014,JUPITERIN,XT,,,,,JUPITER INFOMEDIA LTD.,55,57,55,55.39,55.4,55.42,,55.39,,,8437,471823,42,F1,1,,,,,
10-07-2026,10-07-2026,CM,BSE,STK,534639,INE581M01016,VINAYAKPOL,X,,,,,VINAYAK POLYCON INTERNATIONAL,23.99,23.99,23.99,23.99,23.99,25.25,,23.99,,,11,263,1,F1,1,,,,,
10-07-2026,10-07-2026,CM,BSE,STK,534674,INE741L01018,DUCON,T,,,,,Ducon Infratechnologies Ltd,3.01,3.12,3.01,3.04,3.02,3.03,,3.04,,,49659,151416,43,F1,1,,,,,
10-07-2026,10-07-2026,CM,BSE,STK,534675,INE195N01013,PROZONER,B,,,,,PROZONE REALTY LIMITED,44.47,44.47,44,44.07,44.07,43.51,,44.19,,,1173,51938,38,F1,1,,,,,
10-07-2026,10-07-2026,CM,BSE,STK,534691,INE456N01019,COMCL,XT,,,,,COMFORT COMMOTRADE LTD.,14.08,15.37,14.08,14.88,14.9,14.64,,14.88,,,1142,16668,26,F1,1,,,,,
10-07-2026,10-07-2026,CM,BSE,STK,534708,INE892L01019,SHANTIGURU,M,,,,,SHANTI GURU INDUSTRIES LIMITED,9.16,9.16,9.16,9.16,9.16,8.73,,9.16,,,9000,82440,3,F1,3000,,,,,
10-07-2026,10-07-2026,CM,BSE,STK,534732,INE176N01039,CASPIAN,XT,,,,,CASPIAN CORPORATE SERVICES LIM,35,36,35,36,36,34.98,,36,,,2095,74488,40,F1,1,,,,,
10-07-2026,10-07-2026,CM,BSE,STK,534733,INE175N01023,AERPACE,X,,,,,Aerpace Industries Limited,30.27,33.8,30,32.02,32.15,30.17,,32.02,,,941771,30345097,1853,F1,1,,,,,
10-07-2026,10-07-2026,CM,BSE,STK,534741,INE247C01023,VIRTUALG,X,,,,,VIRTUAL GLOBAL EDUCATION LTD.,0.49,0.51,0.49,0.5,0.5,0.49,,0.5,,,484024,240541,135,F1,1,,,,,
10-07-2026,10-07-2026,CM,BSE,STK,534742,INE840M01016,ZUARI,B,,,,,ZUARI AGRO CHEMICALS LTD.,231.85,237,231.85,235.75,237,231.25,,236.21,,,3836,902009,148,F1,1,,,,,
10-07-2026,10-07-2026,CM,BSE,STK,534748,INE503B01021,STEELXIND,B,,,,,STEEL EXCHANGE INDIA LTD.,12.3,12.4,11.97,12.02,12,12.14,,12.01,,,174314,2119486,348,F1,1,,,,,
10-07-2026,10-07-2026,CM,BSE,STK,534755,INE234G01022,TRIOMERC,XT,,,,,TRIO MERCANTILE & TRADING LTD.,2.35,2.35,2.35,2.35,2.35,2.39,,2.35,,,18262,42915,29,F1,1,,,,,
10-07-2026,10-07-2026,CM,BSE,STK,534796,INE198N01017,CDG,XT,,,,,CDG PETCHEM LIMITED,276.25,289,265,287,287,276.25,,287,,,2248,616043,40,F1,1,,,,,
10-07-2026,10-07-2026,CM,BSE,STK,534804,INE752H01013,CARERATING,A,,,,,CARE Ratings Limited,1641.7,1660,1630,1653.05,1653.05,1638.2,,1651.6,,,936,1537154,115,F1,1,,,,,
10-07-2026,10-07-2026,CM,BSE,STK,534809,INE785M01021,PCJEWELLER,A,,,,,PC JEWELLER LTD.,10.26,10.3,9.92,10,10,9.82,,9.99,,,18915935,190639485,21239,F1,1,,,,,
10-07-2026,10-07-2026,CM,BSE,STK,534816,INE121J01017,INDUSTOWER,A,,,,,INDUS TOWERS LIMITED,400.3,407.9,395.25,406,406,398.1,,406.15,,,187224,75394338,2369,F1,1,,,,,
10-07-2026,10-07-2026,CM,BSE,STK,534976,INE665J01013,VMART,A,,,,,V-MART RETAIL LTD.,787.85,792,774.5,778.15,774.5,779.3,,777.85,,,1745,1365619,137,F1,1,,,,,
10-07-2026,10-07-2026,CM,BSE,STK,535136,INE149O01018,NIBE,B,,,,,NIBE LIMITED,1640,1647.25,1581.2,1610.55,1610.55,1592.3,,1608.2,,,21038,33848898,1404,F1,1,,,,,
10-07-2026,10-07-2026,CM,BSE,STK,535204,INE160O01031,MUKTA,X,,,,,Mukta Agriculture Limited,2.81,3.1,2.81,2.82,2.82,2.81,,2.82,,,7783,22179,21,F1,1,,,,,
10-07-2026,10-07-2026,CM,BSE,STK,535205,INE159O01033,MYSTICELE,X,,,,,Mystic Electronics Limited,3.49,3.89,3.46,3.48,3.57,3.48,,3.48,,,9874,34927,30,F1,1,,,,,
10-07-2026,10-07-2026,CM,BSE,STK,535267,INE274M01026,COMFINCAP,X,,,,,COMFORT FINCAP LTD.,7.4,7.4,7.24,7.27,7.27,7.35,,7.27,,,10108,73697,100,F1,1,,,,,
10-07-2026,10-07-2026,CM,BSE,STK,535276,INF200K01VT2,SBISENSEX,A,,,,,SBI MUTUAL FUND - SBI ETF SENS,863.99,864.74,857.26,861.49,857.5,854.98,,861.49,,,7072,6091077,477,F1,1,,,,,
10-07-2026,10-07-2026,CM,BSE,STK,535322,INE612J01015,REPCOHOME,B,,,,,REPCO HOME FINANCE LTD.,412.45,415.45,406.75,408.5,408.3,410,,409.05,,,1830,750671,102,F1,1,,,,,
10-07-2026,10-07-2026,CM,BSE,STK,535387,INE191O01010,LAKHOTIA,X,,,,,LAKHOTIA POLYESTERS (INDIA) LT,58.79,62.98,57.9,62,62,58.97,,62,,,15817,977809,13,F1,1,,,,,
10-07-2026,10-07-2026,CM,BSE,STK,535431,INE168O01026,GCMSECU,B,,,,,GCM SECURITIES LTD,0.66,0.69,0.66,0.68,0.68,0.67,,0.68,,,38349,25914,63,F1,1,,,,,
10-07-2026,10-07-2026,CM,BSE,STK,535458,INE047O01014,NIBL,B,,,,,NRB INDUSTRIAL BEARINGS LTD.,30.39,30.87,30.25,30.26,30.26,30.39,,30.62,,,260,7869,10,F1,1,,,,,
10-07-2026,10-07-2026,CM,BSE,STK,535566,INE902D01013,KIFS,X,,,,,KIFS FINANCIAL SERVICES LTD.,109.55,115.35,109.55,111.05,112.95,110.7,,111.05,,,814,90216,28,F1,1,,,,,
10-07-2026,10-07-2026,CM,BSE,STK,535601,INE099F01013,SREEL,B,,,,,SREELEATHERS LTD.,213.85,213.85,210,210.45,210,210.3,,210.04,,,48,10169,8,F1,1,,,,,
10-07-2026,10-07-2026,CM,BSE,STK,535602,INE597I01028,SHARDAMOTR,B,,,,,SHARDA MOTOR INDUSTRIES LTD,885.1,885.1,864,869,875.1,870.45,,867.7,,,2481,2169387,211,F1,1,,,,,
10-07-2026,10-07-2026,CM,BSE,STK,535621,INE159L01013,SVGLOBAL,X,,,,,S V GLOBAL MILL LTD.,139.95,139.95,130.1,131.15,130.1,136.15,,131.15,,,2050,274450,73,F1,1,,,,,
10-07-2026,10-07-2026,CM,BSE,STK,535648,INE599M01018,JUSTDIAL,A,,,,,JUST DIAL LTD.,550.7,571.95,550.7,564.6,565,545.95,,564.1,,,22697,12752778,781,F1,1,,,,,
10-07-2026,10-07-2026,CM,BSE,STK,535657,INE860E01011,OONE,X,,,,,OBJECTONE INFORMATION SYSTEMS,7,7,6.7,6.7,6.7,7,,6.7,,,143,997,5,F1,1,,,,,
10-07-2026,10-07-2026,CM,BSE,STK,535667,INE474O01010,IFINSEC,X,,,,,INDIA FINSEC LTD.,191,206,190,201.35,195.3,196.25,,201.35,,,299,58549,8,F1,1,,,,,
10-07-2026,10-07-2026,CM,BSE,STK,535693,INE320I01017,BRAHMINFRA,X,,,,,BRAHMAPUTRA INFRASTRUCTURE LTD,179.95,182.95,171,176.55,176.55,169.5,,176.55,,,105663,18889319,1066,F1,1,,,,,
10-07-2026,10-07-2026,CM,BSE,STK,535719,INE989J01017,AMPVOLTS,XT,,,,,AMPVOLTS LIMITED,27.3,27.99,27,27.05,27,27.85,,27.05,,,11508,313673,104,F1,1,,,,,
10-07-2026,10-07-2026,CM,BSE,STK,535730,INE731G01027,KHOOBSURAT,X,,,,,KHOOBSURAT LTD,0.53,0.53,0.51,0.52,0.52,0.53,,0.52,,,879859,458013,192,F1,1,,,,,
10-07-2026,10-07-2026,CM,BSE,STK,535754,INE876N01018,ORIENTCEM,A,,,,,ORIENT CEMENT LTD,136.95,139.25,136.95,137.95,137.7,135.5,,137.95,,,4902,676073,131,F1,1,,,,,
10-07-2026,10-07-2026,CM,BSE,STK,535755,INE647O01011,ABFRL,A,,,,,Aditya Birla Fashion and Retai,58.94,60.7,58.67,60.05,60.05,58.61,,60.02,,,244528,14672593,2254,F1,1,,,,,
10-07-2026,10-07-2026,CM,BSE,STK,535789,INE148I01020,SAMMAANCAP,A,,,,,Sammaan Capital Limited,162.75,167.9,162.75,166.4,166.4,161.1,,166.46,,,461481,76719100,4654,F1,1,,,,,
10-07-2026,10-07-2026,CM,BSE,STK,535910,INE340O01021,MMLF,B,,,,,MONEY MASTERS LEASING & FINANC,0.69,0.71,0.69,0.71,0.71,0.69,,0.71,,,1354,951,12,F1,1,,,,,
10-07-2026,10-07-2026,CM,BSE,STK,535916,INE030P01017,ALSL,B,,,,,ALACRITY SECURITIES LTD,67.41,67.99,65.2,66.02,65.2,66.83,,66.02,,,2807,186773,49,F1,1,,,,,
10-07-2026,10-07-2026,CM,BSE,STK,535958,INE418N01035,ESSENTIA,T,,,,,Integra Essentia Limited,1.22,1.24,1.21,1.23,1.24,1.21,,1.23,,,84268,103581,58,F1,1,,,,,
10-07-2026,10-07-2026,CM,BSE,STK,536073,INE890N01027,JULIEN,X,,,,,JULIEN AGRO INFRATECH LIMITED,1.3,1.3,1.27,1.29,1.29,1.28,,1.29,,,71075,91322,151,F1,1,,,,,
10-07-2026,10-07-2026,CM,BSE,STK,536264,INE906O01029,TIGERLOGS,T,,,,,TIGER LOGISTICS (INDIA) LTD,33.5,33.9,33.06,33.19,33.39,33.5,,33.18,,,4000,133681,69,F1,1,,,,,
10-07-2026,10-07-2026,CM,BSE,STK,536493,INE690O01011,JKAGRI,X,,,,,JK AGRI GENETICS LTD,324.6,339,324.55,334.6,336,324.55,,334.6,,,1480,492090,58,F1,1,,,,,
10-07-2026,10-07-2026,CM,BSE,STK,536507,INE452O01016,FLFL,Z,,,,,FUTURE LIFESTYLE FASHIONS LTD,1.33,1.37,1.31,1.31,1.31,1.37,,1.31,,,13798,18336,17,F1,1,,,,,
10-07-2026,10-07-2026,CM,BSE,STK,536565,INE314I01036,NOVELIX,XT,,,,,NOVELIX PHARMACEUTICALS LIMITE,66.8,67.49,64,66.5,66.5,66.71,,66.5,,,10459,682633,32,F1,1,,,,,
10-07-2026,10-07-2026,CM,BSE,STK,536659,INE428B01021,PVVINFRA,X,,,,,PVV Infra Limited,3.6,3.65,3.51,3.62,3.62,3.54,,3.62,,,474323,1699524,320,F1,1,,,,,
10-07-2026,10-07-2026,CM,BSE,STK,536672,INE962O01014,VCU,XT,,,,,VCU DATA MANAGEMENT LTD,7.6,7.95,7.6,7.8,7.8,7.82,,7.8,,,3457,26813,35,F1,1,,,,,
10-07-2026,10-07-2026,CM,BSE,STK,536709,INE138O01029,INDRENEW,Z,,,,,IND Renewable Energy Ltd,12.54,12.54,12.05,12.13,12.36,12.54,,12.13,,,9750,118092,32,F1,1,,,,,
10-07-2026,10-07-2026,CM,BSE,STK,536773,INE147P01019,JPOLYINVST,B,,,,,JINDAL POLY INVESTMENT AND FIN,1077.15,1084.15,1075.25,1081.05,1082,1067,,1086.2,,,469,506829,106,F1,1,,,,,
10-07-2026,10-07-2026,CM,BSE,STK,536846,INE156M01017,YURANUS,XT,,,,,YURANUS INFRASTRUCTURE LTD,102.6,102.6,100,100,100,102.6,,100,,,5,510,2,F1,1,,,,,
10-07-2026,10-07-2026,CM,BSE,STK,536960,INF247L01023,MOM100,B,,,,,MOTILAL OSWAL MUTUAL FUND - MO,68.2,68.5,67.2,68.17,68.04,67.1,,68.11,,,39416,2676591,336,F1,1,,,,,
10-07-2026,10-07-2026,CM,BSE,STK,536974,INE536P01021,CPL,X,,,,,CAPTAIN POLYPLAST LTD,71.48,71.48,70.02,70.6,70.55,70.78,,70.6,,,21453,1517432,184,F1,1,,,,,
10-07-2026,10-07-2026,CM,BSE,STK,537007,INF109K012R6,NIFTYIETF,B,,,,,ICICI Prudential Nifty ETF,272.03,274.14,272.03,273.72,273.95,271.21,,273.72,,,26188,7162242,1136,F1,1,,,,,
10-07-2026,10-07-2026,CM,BSE,STK,537008,INF109KC16V9,NIF100IETF,B,,,,,ICICI Prudential Nifty 100 ETF,27.75,28.19,27.75,28.07,28.19,27.93,,28.11,,,13785,386678,71,F1,1,,,,,
10-07-2026,10-07-2026,CM,BSE,STK,537069,INE185K01036,ARNOLD,X,,,,,ARNOLD HOLDINGS LTD,12.2,13.19,12.2,12.31,12.31,12.61,,12.31,,,3178,39360,39,F1,1,,,,,
10-07-2026,10-07-2026,CM,BSE,STK,537253,INE671C01016,SUNLOC,X,,,,,SUNIL HEALTHCARE LTD,71.01,71.01,70,70,70,70.76,,70,,,206,14523,6,F1,1,,,,,
10-07-2026,10-07-2026,CM,BSE,STK,537259,INE442P01014,SUYOG,B,,,,,SUYOG TELEMATICS LTD,882.9,882.9,865.05,871.05,870.8,875.4,,872,,,1435,1254793,119,F1,1,,,,,
10-07-2026,10-07-2026,CM,BSE,STK,537291,INE448G01010,NATHBIOGEN,B,,,,,NATH BIO-GENES (INDIA) LTD,164,165.8,162.2,163.55,163.55,163,,164.76,,,113,18526,18,F1,1,,,,,
10-07-2026,10-07-2026,CM,BSE,STK,537326,INE212P01011,CHEMTECH,X,,,,,CHEMTECH INDUSTRIAL VALVES LTD,76.9,77.9,72.3,74.77,76.85,74.38,,74.77,,,9230,696865,134,F1,1,,,,,
10-07-2026,10-07-2026,CM,BSE,STK,537483,INF204K014N5,NIF100BEES,B,,,,,NIPPON INDIA ETF NIFTY 100,266.76,268.02,266.71,267.45,266.85,265.1,,267.37,,,1209,323351,292,F1,1,,,,,
10-07-2026,10-07-2026,CM,BSE,STK,537536,INE051G01012,DENISCHEM,X,,,,,DENIS CHEM LAB LTD,81,83.75,75.06,76.22,76.22,82.23,,76.22,,,95378,7417601,469,F1,1,,,,,
10-07-2026,10-07-2026,CM,BSE,STK,537573,INE826P01018,POLYMAC,M,,,,,POLYMAC THERMOFORMERS LTD,11,11,11,11,11,11,,11,,,800,8800,1,F1,800,,,,,
10-07-2026,10-07-2026,CM,BSE,STK,537582,INE210P01015,UNISHIRE,MT,,,,,UNISHIRE URBAN INFRA LTD,1.43,1.45,1.43,1.45,1.45,1.39,,1.45,,,20000,28800,2,F1,10000,,,,,
10-07-2026,10-07-2026,CM,BSE,STK,537669,INE920P01019,LAXMIPATI,MT,,,,,LAXMIPATI ENGINEERING WORKS LI,574.35,574.35,525,525,525,547,,525,,,1500,818425,3,F1,500,,,,,
10-07-2026,10-07-2026,CM,BSE,STK,537707,INE546I01025,LADDU,X,,,,,LADDU GOPAL ONLINE SERVICES LI,0.4,0.4,0.39,0.4,0.4,0.39,,0.4,,,279637,111431,111,F1,1,,,,,
10-07-2026,10-07-2026,CM,BSE,STK,537708,INF174K014P6,NIFTY1,B,,,,,KOTAK MAHINDRA MUTUAL FUND - K,268,268.62,267.32,268.05,267.85,265.41,,267.89,,,5994,1604149,133,F1,1,,,,,
10-07-2026,10-07-2026,CM,BSE,STK,537709,INE101H01013,HANSUGAR,XT,,,,,SHREE HANUMAN SUGAR & INDUSTRI,3.69,3.78,3.6,3.78,3.78,3.6,,3.78,,,13308,50237,31,F1,1,,,,,
10-07-2026,10-07-2026,CM,BSE,STK,537750,INE555P01013,KIRANVYPAR,B,,,,,KIRAN VYAPAR LTD,193.95,193.95,193.95,193.95,193.95,194,,193.68,,,1,193,1,F1,1,,,,,
10-07-2026,10-07-2026,CM,BSE,STK,537766,INE905P01028,BCP,X,,,,,B.C. POWER CONTROLS LTD,1.8,1.86,1.79,1.81,1.8,1.8,,1.81,,,69823,126870,106,F1,1,,,,,
10-07-2026,10-07-2026,CM,BSE,STK,537800,INE717C01025,MANGIND,X,,,,,MANGALAM INDUSTRIAL FINANCE LT,0.58,0.59,0.57,0.59,0.59,0.58,,0.59,,,4153826,2412701,708,F1,1,,,,,
10-07-2026,10-07-2026,CM,BSE,STK,537820,INE159N01027,VIJIFIN,T,,,,,VIJI FINANCE LTD,7.7,7.7,7.7,7.7,7.7,7.55,,7.7,,,222761,1715259,71,F1,1,,,,,
10-07-2026,10-07-2026,CM,BSE,STK,537839,INE977M01024,HBGHOTELS,X,,,,,HBG HOTELS LIMITED,92.8,95,87,91.5,91.5,90.33,,91.5,,,8753,784366,45,F1,1,,,,,
10-07-2026,10-07-2026,CM,BSE,STK,537840,INE523K01012,RAUNAQ,X,,,,,RAUNAQ INTERNATIONAL LIMITED,30.96,30.96,30.96,30.96,30.96,29.49,,30.96,,,1405,43498,5,F1,1,,,,,
10-07-2026,10-07-2026,CM,BSE,STK,537985,INE463B01036,INFRONICS,X,,,,,INFRONICS SYSTEMS LTD,17.6,17.6,17.58,17.58,17.58,16.77,,17.58,,,400,7036,10,F1,1,,,,,
10-07-2026,10-07-2026,CM,BSE,STK,538057,INF457M01133,CPSEETF,A,,,,,CPSE ETF,93.14,97.19,93.14,96.25,96.25,95.53,,96.22,,,26239,2523959,521,F1,1,,,,,
10-07-2026,10-07-2026,CM,BSE,STK,538081,INE493N01012,HARIAAPL,X,,,,,HARIA APPARELS LTD,5.7,5.7,5.7,5.7,5.7,5.8,,5.7,,,5,28,3,F1,1,,,,,
10-07-2026,10-07-2026,CM,BSE,STK,538092,INE574G01013,VASUPRADA,X,,,,,SHRI VASUPRADA PLANTATIONS LIM,101.8,102.25,101.8,102.25,102.25,101.8,,102.25,,,192,19570,4,F1,1,,,,,
10-07-2026,10-07-2026,CM,BSE,STK,538119,INE012Q01039,RNBDENIMS,B,,,,,R&B DENIMS LTD,10.6,10.6,10.04,10.13,10.08,10.18,,10.14,,,33900,345187,155,F1,1,,,,,
10-07-2026,10-07-2026,CM,BSE,STK,538212,INE909D01026,SHARPINV,X,,,,,SHARP INVESTMENTS LTD,0.36,0.39,0.35,0.39,0.38,0.36,,0.39,,,702192,265598,212,F1,1,,,,,
10-07-2026,10-07-2026,CM,BSE,STK,538268,INE066O01014,WONDERLA,B,,,,,WONDERLA HOLIDAYS LTD,478.95,478.95,469.7,474.75,473,468.4,,474.25,,,2465,1165941,128,F1,1,,,,,
10-07-2026,10-07-2026,CM,BSE,STK,538273,INE401B01010,RESPONSINF,X,,,,,RESPONSE INFORMATICS LTD,20,20.3,20,20.3,20.3,19.57,,20.3,,,451,9020,2,F1,1,,,,,
10-07-2026,10-07-2026,CM,BSE,STK,538351,INE663P01015,AFEL,Z,,,,,A.F. ENTERPRISES LTD,1.75,1.76,1.72,1.75,1.75,1.68,,1.75,,,208075,365552,82,F1,1,,,,,
10-07-2026,10-07-2026,CM,BSE,STK,538365,INE452L01012,INCREDIBLE,B,,,,,INCREDIBLE INDUSTRIES LIMITED,33.55,34.29,33.55,34.29,34.29,33.55,,33.22,,,26,888,4,F1,1,,,,,
10-07-2026,10-07-2026,CM,BSE,STK,538382,INE266P01017,WESTLEIRES,X,,,,,WEST LEISURE RESORTS LTD,82.6,82.6,82.6,82.6,82.6,82.65,,82.6,,,12,991,1,F1,1,,,,,
10-07-2026,10-07-2026,CM,BSE,STK,538401,INE318N01011,METSL,X,,,,,MAESTROS ELECTRONICS & TELECOM,138.95,154,138.05,148.6,148.6,132.7,,148.6,,,28064,4039893,309,F1,1,,,,,
10-07-2026,10-07-2026,CM,BSE,STK,538422,INE508N01025,JACKSON,X,,,,,JACKSON INVESTMENTS LTD,0.41,0.41,0.39,0.39,0.4,0.41,,0.39,,,276228,110283,142,F1,1,,,,,
10-07-2026,10-07-2026,CM,BSE,STK,538446,INE296Q01012,MONEYBOXX,B,,,,,MONEYBOXX FINANCE LIMITED,64.34,74.29,60.99,62.38,74.29,61.94,,62.3,,,3159,195458,44,F1,1,,,,,
10-07-2026,10-07-2026,CM,BSE,STK,538451,INE114O01020,WORTH,XT,,,,,WORTH INVESTMENT & TRADING CO,3.7,3.77,3.7,3.77,3.77,3.77,,3.77,,,478201,1785113,120,F1,1,,,,,
10-07-2026,10-07-2026,CM,BSE,STK,538464,INE901C01017,TPROJECT,X,,,,,THIRANI PROJECTS LTD,3.35,3.87,3.35,3.4,3.4,3.33,,3.4,,,6548,22340,15,F1,1,,,,,
10-07-2026,10-07-2026,CM,BSE,STK,538465,INE745P01010,AMARSEC,X,,,,,AMARNATH SECURITIES LTD,13.87,13.88,13,13,13,13.65,,13,,,5764,75572,5,F1,1,,,,,
10-07-2026,10-07-2026,CM,BSE,STK,538476,INE172D01021,CTL,XT,,,,,CAPITAL TRADE LINKS LTD,26.94,26.94,25.02,25.12,25.12,26.33,,25.12,,,285495,7210741,222,F1,1,,,,,
10-07-2026,10-07-2026,CM,BSE,STK,538496,INE849M01017,TARINI,M,,,,,TARINI INTERNATIONAL LTD,7.65,7.65,7.21,7.21,7.21,7.55,,7.21,,,15000,111210,5,F1,3000,,,,,
10-07-2026,10-07-2026,CM,BSE,STK,538521,INE969E01010,YAANENT,X,,,,,YAAN ENTERPRISES LIMITED,99.2,101.95,99,100,100,98.15,,100,,,2085,208485,8,F1,1,,,,,
10-07-2026,10-07-2026,CM,BSE,STK,538539,INE075K01013,ANVRDHI,X,,,,,ANNVRRIDHHI VENTURES LIMITED,9.81,9.91,9.6,9.79,9.84,9.81,,9.79,,,8224,79848,68,F1,1,,,,,
10-07-2026,10-07-2026,CM,BSE,STK,538540,INE516P01015,RAAMA,XT,,,,,RAAMA FINANCE LIMITED,16.5,16.5,16.5,16.5,16.5,16.83,,16.5,,,69608,1148532,55,F1,1,,,,,
10-07-2026,10-07-2026,CM,BSE,STK,538542,INE634J01027,GOLDCOINHF,XT,,,,,GOLD COIN HEALTH FOODS LTD,33.4,36,33.4,33.91,34.5,35.13,,33.91,,,17845,611398,53,F1,1,,,,,
10-07-2026,10-07-2026,CM,BSE,STK,538546,INE319Q01012,BRPL,B,,,,,BANSAL ROOFING PRODUCTS LTD,119,121.6,117,120.8,121.4,118.9,,120.8,,,3985,474013,145,F1,1,,,,,
10-07-2026,10-07-2026,CM,BSE,STK,538556,INE510P01018,ARMAN,X,,,,,ARMAN HOLDINGS LTD,109.5,109.6,108,108.05,108,110,,108.05,,,11496,1247042,61,F1,1,,,,,
10-07-2026,10-07-2026,CM,BSE,STK,538562,INE439E01022,SKIPPER,A,,,,,SKIPPER LTD,550,554.35,545,546.1,550.4,547.75,,546.5,,,9037,4973727,283,F1,1,,,,,
10-07-2026,10-07-2026,CM,BSE,STK,538563,INE673E01018,SMTEL,XT,,,,,SMT ENGINEERING LIMITED,417.9,420.05,417.9,418.1,418.1,439.85,,418.1,,,304,127225,17,F1,1,,,,,
10-07-2026,10-07-2026,CM,BSE,STK,538564,INE718P01017,JAMESWARREN,X,,,,,JAMES WARREN TEA LTD,270,275.95,262.3,271.05,271.05,270,,271.05,,,779,210196,21,F1,1,,,,,
10-07-2026,10-07-2026,CM,BSE,STK,538565,INE878P01019,VISTARAMAR,X,,,,,Vistar Amar Limited,190,197.75,190,194.85,194.85,190.2,,194.85,,,309,60212,19,F1,1,,,,,
10-07-2026,10-07-2026,CM,BSE,STK,538567,INE635Q01029,GULFOILLUB,B,,,,,GULF OIL LUBRICANTS INDIA LTD,1046.65,1052.5,1044.65,1047.05,1045.2,1042.75,,1046.8,,,1589,1664066,111,F1,1,,,,,
10-07-2026,10-07-2026,CM,BSE,STK,538568,INE836C01015,FRUTION,X,,,,,FRUITION VENTURE LTD,34.98,35.05,31.73,34,34,33.39,,34,,,718,25137,10,F1,1,,,,,
10-07-2026,10-07-2026,CM,BSE,STK,538569,INE916P01025,TRIVENIENT,X,,,,,TRIVENI ENTERPRISES LTD,1,1.08,1,1.08,1.08,1,,1.08,,,24841,24956,29,F1,1,,,,,
10-07-2026,10-07-2026,CM,BSE,STK,538596,INE222B01028,CEMAINFRA,X,,,,,CEMANTIC INFRA-TECH LIMITED,4.49,4.49,4.49,4.49,4.49,4.49,,4.49,,,1174,5271,1,F1,1,,,,,
10-07-2026,10-07-2026,CM,BSE,STK,538597,INE404F01031,TTIENT,XT,,,,,TTI ENTERPRISE LTD,8.52,8.52,8.03,8.3,8.3,8.45,,8.3,,,15698,126137,20,F1,1,,,,,
10-07-2026,10-07-2026,CM,BSE,STK,538598,INE755Q01025,VISHAL,B,,,,,VISHAL FABRICS LTD,19.75,20,19.22,19.76,19.77,19.36,,19.76,,,22546,442294,277,F1,1,,,,,
10-07-2026,10-07-2026,CM,BSE,STK,538607,INE457P01020,TOYAMSL,X,,,,,TOYAM SPORTS LIMITED,0.74,0.75,0.71,0.72,0.72,0.74,,0.72,,,786390,572552,271,F1,1,,,,,
10-07-2026,10-07-2026,CM,BSE,STK,538609,INE868G01019,GAJANANSEC,X,,,,,GAJANAN SECURITIES SERVICES LT,56,56.87,54.1,55.2,56.84,55.99,,55.2,,,215,12178,15,F1,1,,,,,
10-07-2026,10-07-2026,CM,BSE,STK,538610,INE099D01026,UNISON,XT,,,,,UNISON METALS LTD,0.72,0.73,0.7,0.73,0.73,0.73,,0.73,,,517599,372121,303,F1,1,,,,,
10-07-2026,10-07-2026,CM,BSE,STK,538611,INE840I01014,RTFL,Z,,,,,Real Touch Finance Limited,46.13,46.13,46.13,46.13,46.13,48.55,,46.13,,,1,46,1,F1,1,,,,,
10-07-2026,10-07-2026,CM,BSE,STK,538634,INE406F01010,VRL,XT,,,,,VASUNDHARA RASAYANS LTD,172,174.95,170,174.9,174.9,174,,174.9,,,625,106694,15,F1,1,,,,,
10-07-2026,10-07-2026,CM,BSE,STK,538635,INE734N01019,SNOWMAN,B,,,,,SNOWMAN LOGISTICS LTD,34.81,36.83,34.81,36.2,36.35,35.86,,36.26,,,24254,884426,157,F1,1,,,,,
10-07-2026,10-07-2026,CM,BSE,STK,538646,INE837C01013,QGO,X,,,,,QGO FINANCE LIMITED,42.5,42.5,40.42,41.94,41.94,42.5,,41.94,,,885,36690,31,F1,1,,,,,
10-07-2026,10-07-2026,CM,BSE,STK,538647,INE729C01020,PURSHOTTAM,X,,,,,PURSHOTTAM INVESTOFIN LTD,35.85,35.85,34.85,35.27,34.85,35.98,,35.27,,,7,247,7,F1,1,,,,,
10-07-2026,10-07-2026,CM,BSE,STK,538666,INE221J01015,SHARDACROP,A,,,,,Sharda Cropchem Limited,911.2,929,900,915.15,915.15,892.1,,914.75,,,14200,13031984,742,F1,1,,,,,
10-07-2026,10-07-2026,CM,BSE,STK,538668,INE898Q01015,MIIL,B,,,,,Meghna Infracon Infrastructure,749,756.9,730,740.55,740,740.75,,740.55,,,55016,40928003,389,F1,1,,,,,
10-07-2026,10-07-2026,CM,BSE,STK,538674,INE158C01014,CITYONLINE,Z,,,,,City Online Services Limited,8.34,8.34,8.34,8.34,8.34,8.35,,8.34,,,34,283,1,F1,1,,,,,
10-07-2026,10-07-2026,CM,BSE,STK,538683,INF204KA1UN7,SENSEXBEES,A,,,,,NIPPON INDIA ETF SENSEX,885,894,885,891.14,894,882.94,,891.14,,,5812,5168659,204,F1,1,,,,,
10-07-2026,10-07-2026,CM,BSE,STK,538685,INE363M01019,SHEMAROO,T,,,,,SHEMAROO ENTERTAINMENT LIMITED,122.7,128.8,119.1,128.75,128.8,122.7,,128.76,,,1300,160741,11,F1,1,,,,,
10-07-2026,10-07-2026,CM,BSE,STK,538706,INE010R01023,ULTRACAB,X,,,,,Ultracab (India) Limited,7.39,7.4,7.2,7.34,7.36,7.13,,7.34,,,59962,438969,195,F1,1,,,,,
10-07-2026,10-07-2026,CM,BSE,STK,538707,INE929D01016,RCCL,X,,,,,Rajasthan Cylinders & Containe,31.62,31.62,30.65,30.85,30.85,31.62,,30.85,,,28,863,4,F1,1,,,,,
10-07-2026,10-07-2026,CM,BSE,STK,538708,INE937K01014,ETIL,X,,,,,Econo Trade (India) Limited,6.85,6.89,6.55,6.77,6.77,6.55,,6.77,,,7358,49062,23,F1,1,,,,,
10-07-2026,10-07-2026,CM,BSE,STK,538713,INE011R01013,ATISHAY,X,,,,,Atishay Limited,203.95,205,199,200.9,199.1,198.45,,200.9,,,3993,806643,49,F1,1,,,,,
10-07-2026,10-07-2026,CM,BSE,STK,538714,INE475D01010,SANGAMFIN,X,,,,,Sangam Finserv Limited,42,42,38.66,38.66,38.66,42.54,,38.66,,,13,512,2,F1,1,,,,,
10-07-2026,10-07-2026,CM,BSE,STK,538715,INE260R01016,DHABRIYA,X,,,,,Dhabriya Polywood Limited,390,401,389,394.55,394.05,387.2,,394.55,,,12056,4794219,145,F1,1,,,,,
10-07-2026,10-07-2026,CM,BSE,STK,538716,INE229R01011,ARYACAPM,B,,,,,Aryaman Capital Markets Limite,400.15,413.85,400,407.65,400.6,424,,407.65,,,10,4044,8,F1,1,,,,,
10-07-2026,10-07-2026,CM,BSE,STK,538730,INE111Q01021,PDSL,B,,,,,PDS LIMITED,356.4,359.75,353.1,356.3,355.2,349.75,,356.8,,,4241,1510125,152,F1,1,,,,,
10-07-2026,10-07-2026,CM,BSE,STK,538732,INE761Q01015,VGCL,XT,,,,,Vibrant Global Capital Limited,55.67,55.67,53.05,54.73,54.73,55.67,,54.73,,,96,5205,18,F1,1,,,,,
10-07-2026,10-07-2026,CM,BSE,STK,538734,INE016Q01014,CEINSYS,B,,,,,CEINSYS TECH LIMITED,919.4,953.55,919.4,934.9,939.7,905.6,,936.95,,,8439,7893657,569,F1,1,,,,,
10-07-2026,10-07-2026,CM,BSE,STK,538742,INE516E01019,PANABYTE,X,,,,,PANABYTE TECHNOLOGIES LIMITED,18.99,19,17.9,18.34,18.99,18.35,,18.34,,,1357,25439,21,F1,1,,,,,
10-07-2026,10-07-2026,CM,BSE,STK,538765,INE401Q01018,JSHL,MT,,,,,JLA Infraville Shoppers Limite,3.19,3.19,3.19,3.19,3.19,3.04,,3.19,,,5000,15950,1,F1,5000,,,,,
10-07-2026,10-07-2026,CM,BSE,STK,538770,INE176L01017,CRANEINFRA,X,,,,,Crane Infrastructure Limited,12.8,12.8,12.16,12.61,12.75,12.49,,12.61,,,163,2005,13,F1,1,,,,,
10-07-2026,10-07-2026,CM,BSE,STK,538772,INE480D01010,NIYOGIN,X,,,,,Niyogin Fintech Limited,42.95,44.21,42.35,43.65,43.69,42.39,,43.65,,,22923,992627,158,F1,1,,,,,
10-07-2026,10-07-2026,CM,BSE,STK,538777,INE131Q01011,ASIACAP,XT,,,,,ASIA CAPITAL LIMITED,87.64,87.64,87.64,87.64,87.64,83.47,,87.64,,,651,57053,5,F1,1,,,,,
10-07-2026,10-07-2026,CM,BSE,STK,538778,INE149Q01021,KALYANCAP,XT,,,,,Kalyan Capitals Limited,7.8,8.19,7.8,8.19,8.19,7.8,,8.19,,,21256,172855,62,F1,1,,,,,
10-07-2026,10-07-2026,CM,BSE,STK,538786,INE473L01018,CIL,X,,,,,Citizen Infoline Ltd.,294.25,294.25,294.25,294.25,294.25,288.5,,294.25,,,2321,682954,13,F1,1,,,,,
10-07-2026,10-07-2026,CM,BSE,STK,538787,INE997C01015,GBFL,X,,,,,Goenka Business & Finance Limi,9.03,9.95,8.91,9.1,9.1,9.21,,9.1,,,15807,145935,103,F1,1,,,,,
10-07-2026,10-07-2026,CM,BSE,STK,538788,INE918C01029,GILADAFINS,X,,,,,Gilada Finance & Investments L,14.28,14.28,13.7,13.95,14.21,14,,13.95,,,6420,88529,42,F1,1,,,,,
10-07-2026,10-07-2026,CM,BSE,STK,538795,INE185C01017,SAPPL,B,,,,,Shree Ajit Pulp And Paper Ltd.,296.65,306.9,296.65,304.1,298.5,295.2,,301.45,,,568,170428,33,F1,1,,,,,
10-07-2026,10-07-2026,CM,BSE,STK,538812,INE322R01022,AANCHALISP,XT,,,,,Aanchal Ispat Limited,85.6,91.9,84.6,88.55,88.95,88.35,,88.55,,,56669,4900414,291,F1,1,,,,,
10-07-2026,10-07-2026,CM,BSE,STK,538817,INE513R01026,CAPPIPES,B,,,,,Captain Pipes Limited,9.16,9.47,8.88,9.39,9.39,9.42,,9.39,,,87274,808169,492,F1,1,,,,,
10-07-2026,10-07-2026,CM,BSE,STK,538833,INE891N01017,KAIZENAGRO,X,,,,,KAIZEN AGRO INFRABUILD LIMITED,12.5,13.25,11.73,12.59,12.88,11.73,,12.59,,,16778,207706,143,F1,1,,,,,
10-07-2026,10-07-2026,CM,BSE,STK,538834,INE242Q01016,JMJFIN,X,,,,,JMJ Fintech Limited,9.32,9.68,9.3,9.38,9.44,9.5,,9.38,,,45384,425484,138,F1,1,,,,,
10-07-2026,10-07-2026,CM,BSE,STK,538835,INE306R01017,INTELLECT,A,,,,,INTELLECT DESIGN ARENA LIMITED,748.25,769.5,748.25,759.4,760.7,743.65,,758.75,,,26470,20123343,984,F1,1,,,,,
10-07-2026,10-07-2026,CM,BSE,STK,538836,INE950M01013,MONTECARLO,B,,,,,Monte Carlo Fashions Limited,542.25,551.9,539.1,542.25,539.1,544.55,,541.7,,,2652,1444144,232,F1,1,,,,,
10-07-2026,10-07-2026,CM,BSE,STK,538837,INE237B01018,JSTL,X,,,,,Jeevan Scientific Technology L,75.64,75.64,70.3,70.88,70.7,72.58,,70.88,,,10893,788500,101,F1,1,,,,,
10-07-2026,10-07-2026,CM,BSE,STK,538838,INE407P01017,ICL,XT,,,,,Indo Cotspin Limited,31.93,31.93,31.89,31.89,31.89,31.93,,31.89,,,101,3224,2,F1,1,,,,,
10-07-2026,10-07-2026,CM,BSE,STK,538857,INE892C01018,SCC,X,,,,,Scintilla Commercial & Credit,11.85,11.85,11.21,11.85,11.85,11.8,,11.85,,,521,6172,4,F1,1,,,,,
10-07-2026,10-07-2026,CM,BSE,STK,538860,INE655P01029,PANAFIC,XT,,,,,PANAFIC INDUSTRIALS LTD,1.53,1.53,1.53,1.53,1.53,1.5,,1.53,,,140166,214453,68,F1,1,,,,,
10-07-2026,10-07-2026,CM,BSE,STK,538862,INE232L01018,MYMONEY,X,,,,,My Money Securities Ltd.,39.8,39.8,36.21,36.28,36.21,40,,36.28,,,791,30109,15,F1,1,,,,,
10-07-2026,10-07-2026,CM,BSE,STK,538868,INE183Q01020,CSL,X,,,,,Continental Securities Limited,12.23,14.35,12.23,13.54,13.55,12.3,,13.54,,,34105,453272,165,F1,1,,,,,
10-07-2026,10-07-2026,CM,BSE,STK,538874,INE370Q01015,NEXUSSURGL,X,,,,,NEXUS SURGICAL AND MEDICARE LI,21,21,18.86,20.87,20.95,20.5,,20.87,,,2767,57240,53,F1,1,,,,,
10-07-2026,10-07-2026,CM,BSE,STK,538881,INE243E01010,GALADAFIN,XT,,,,,Galada Finance Limited,37.03,37.03,36,36,36,36.3,,36,,,209,7538,6,F1,1,,,,,
10-07-2026,10-07-2026,CM,BSE,STK,538882,INE030Q01015,EMERALD,X,,,,,Emerald Finance Limited,55.51,57.9,55.51,56.88,56.75,55.32,,56.88,,,17920,1024503,127,F1,1,,,,,
10-07-2026,10-07-2026,CM,BSE,STK,538890,INE227F01010,MKEXIM,X,,,,,M. K. Exim (India) Ltd.,59.94,59.94,56.2,57.84,58,57.38,,57.84,,,9598,551916,92,F1,1,,,,,
10-07-2026,10-07-2026,CM,BSE,STK,538891,INE613C01026,MCLOUD,B,,,,,MAGELLANIC CLOUD LIMITED,30,30.34,29.19,29.41,29.41,29.54,,29.35,,,135232,4024851,586,F1,1,,,,,
10-07-2026,10-07-2026,CM,BSE,STK,538894,INE513C01010,OCTAL,X,,,,,Octal Credit Capital Ltd.,18.9,18.95,18.9,18.9,18.9,18.05,,18.9,,,424,8013,7,F1,1,,,,,
10-07-2026,10-07-2026,CM,BSE,STK,538895,INE779Q01017,MIHIKA,XT,,,,,Mihika Industries Ltd.,14.79,14.79,14.5,14.5,14.5,14.79,,14.5,,,370,5423,6,F1,1,,,,,
10-07-2026,10-07-2026,CM,BSE,STK,538896,INE081G01019,KANCHI,T,,,,,Kanchi Karpooram Ltd.,366,367.5,363.85,367.45,367.45,363.85,,360.25,,,45,16485,8,F1,1,,,,,
10-07-2026,10-07-2026,CM,BSE,STK,538897,INE201F01015,SHRINIWAS,X,,,,,Shri Niwas Leasing and Finance,12.64,12.64,11.49,12.35,12.35,12.09,,12.35,,,9656,115390,25,F1,1,,,,,
10-07-2026,10-07-2026,CM,BSE,STK,538902,INE341R01014,DTIL,B,,,,,Dhunseri Tea & Industries Ltd,137.9,139.55,135.75,139,139,135.65,,137.32,,,282,39254,15,F1,1,,,,,
10-07-2026,10-07-2026,CM,BSE,STK,538918,INE661Q01017,VANICOM,X,,,,,Vani Commercials Limited,8.19,8.3,8,8.12,8.24,8.15,,8.12,,,34081,280972,20,F1,1,,,,,
10-07-2026,10-07-2026,CM,BSE,STK,538920,INE498Q01014,VINCOFE,B,,,,,VINTAGE COFFEE AND BEVERAGES L,164.9,165.45,160.5,161.5,162.4,163.3,,161.55,,,133009,21561376,2455,F1,1,,,,,
10-07-2026,10-07-2026,CM,BSE,STK,538922,INE029B01019,COSYN,X,,,,,COSYN Limited,19.44,19.69,19.25,19.69,19.69,19.25,,19.69,,,1972,38793,11,F1,1,,,,,
10-07-2026,10-07-2026,CM,BSE,STK,538923,INE499Q01012,SOFCOM,XT,,,,,SOFCOM SYSTEMS LIMITED,19.98,19.98,19.41,19.78,19.97,19.98,,19.78,,,91599,1800231,75,F1,1,,,,,
10-07-2026,10-07-2026,CM,BSE,STK,538926,INE223R01014,NAPL,X,,,,,Naturite Agro Products Limited,209.4,211.75,203.1,211.05,211.5,206.15,,211.05,,,143922,30145333,1402,F1,1,,,,,
10-07-2026,10-07-2026,CM,BSE,STK,538928,INE554R01020,KARNAVATI,X,,,,,Karnavati Finance Limited,1.37,1.42,1.34,1.35,1.4,1.36,,1.35,,,7145,9855,32,F1,1,,,,,
10-07-2026,10-07-2026,CM,BSE,STK,538935,INE723C01015,ABHIFIN,XT,,,,,Abhishek Finlease limited,55.92,55.92,50.6,51.84,55.91,53.26,,51.84,,,129,6711,17,F1,1,,,,,
10-07-2026,10-07-2026,CM,BSE,STK,538942,INE689O01013,MERCANTILE,B,,,,,Mercantile Ventures Limited,25.01,25.3,24.6,24.67,24.67,24.92,,25.2,,,514,12647,10,F1,1,,,,,
10-07-2026,10-07-2026,CM,BSE,STK,538952,INE211D01027,ALFL,X,,,,,Abhinav Leasing & Finance Limi,1.05,1.1,1.05,1.09,1.09,1.05,,1.09,,,20908,22488,16,F1,1,,,,,
10-07-2026,10-07-2026,CM,BSE,STK,538961,INE949P01018,GENUSPAPER,B,,,,,GENUS PAPER & BOARDS LIMITED,11.36,11.58,11.14,11.19,11.19,11.15,,11.21,,,1219,13625,15,F1,1,,,,,
10-07-2026,10-07-2026,CM,BSE,STK,538962,INE842C01021,MINDACORP,A,,,,,Minda Corporation Limited,709,709,690,698.75,699.15,705.55,,698.9,,,26823,18727975,1222,F1,1,,,,,
10-07-2026,10-07-2026,CM,BSE,STK,538964,INE947G01011,MERCURYLAB,X,,,,,Mercury Laboratories Limited,810,810,789,809,809,802,,809,,,22,17573,14,F1,1,,,,,
10-07-2026,10-07-2026,CM,BSE,STK,538965,INE858L01010,CONCORD,X,,,,,Concord Drugs Limited,76.4,76.4,70,70.87,70.8,71.81,,70.87,,,4929,349800,73,F1,1,,,,,
10-07-2026,10-07-2026,CM,BSE,STK,538970,INE945P01024,WARDINMOBI,XT,,,,,WARDWIZARD INNOVATIONS AND MOB,6.7,7.08,6.7,7.08,7.08,6.75,,7.08,,,441764,3054849,888,F1,1,,,,,
10-07-2026,10-07-2026,CM,BSE,STK,538975,INE397C01026,SHREESEC,Z,,,,,Shree Securities Ltd.,0.21,0.21,0.2,0.2,0.21,0.21,,0.2,,,185398,37725,93,F1,1,,,,,
10-07-2026,10-07-2026,CM,BSE,STK,538979,INE544R01021,GREENLAM,B,,,,,Greenlam Industries Ltd,256.5,258.5,254.6,257.3,258,255.55,,257.85,,,1609,412190,78,F1,1,,,,,
10-07-2026,10-07-2026,CM,BSE,STK,538987,INE717E01013,TALBROSENG,X,,,,,TALBROS ENGINEERING LIMITED,689.25,711,689.25,699.45,699.45,692.7,,699.45,,,2663,1854214,76,F1,1,,,,,
10-07-2026,10-07-2026,CM,BSE,STK,538992,INE002E01010,SAPL,X,,,,,Sar  Auto Products Limited,3044.9,3044.9,2900,3025,3025,2899.95,,3025,,,22,66683,11,F1,1,,,,,
10-07-2026,10-07-2026,CM,BSE,STK,538993,INE147J01012,PUROHITCON,XT,,,,,Purohit Construction Limited,10.17,10.17,10.17,10.17,10.17,10.7,,10.17,,,100,1017,1,F1,1,,,,,
10-07-2026,10-07-2026,CM,BSE,STK,539005,INE246D01015,JAYATMA,XT,,,,,JAYATMA ENTERPRISES LIMITED,46.1,46.1,46.1,46.1,46.1,47.04,,46.1,,,795,36649,4,F1,1,,,,,
10-07-2026,10-07-2026,CM,BSE,STK,539006,INE596F01018,PTCIL,A,,,,,PTC Industries Ltd.,17599.95,17680,17381.8,17610.4,17610.4,17346.35,,17602,,,423,7416102,176,F1,1,,,,,
10-07-2026,10-07-2026,CM,BSE,STK,539011,INE777O01016,CHENFERRO,X,,,,,CHENNAI FERROUS INDUSTRIES LIM,89.5,92,89.5,91.6,91.6,89.5,,91.6,,,2005,183306,37,F1,1,,,,,
10-07-2026,10-07-2026,CM,BSE,STK,539012,INE756R01013,MEGRISOFT,X,,,,,Megri Soft Limited,89.95,89.95,82,82.33,82,84.5,,82.33,,,52,4560,6,F1,1,,,,,
10-07-2026,10-07-2026,CM,BSE,STK,539013,INE776O01018,GITARENEW,X,,,,,GITA RENEWABLE ENERGY LIMITED,75.02,80,75,75.55,75.55,78.43,,75.55,,,1070,80506,14,F1,1,,,,,
10-07-2026,10-07-2026,CM,BSE,STK,539014,INE059Q01014,KALPACOMME,X,,,,,Kalpa Commercial Limited,9.25,9.25,8.8,8.8,8.8,9.9,,8.8,,,5860,51986,32,F1,1,,,,,
10-07-2026,10-07-2026,CM,BSE,STK,539015,INE849L01019,ORTEL,Z,,,,,Ortel Communications Limited,1.67,1.67,1.67,1.67,1.67,1.69,,1.67,,,550,918,6,F1,1,,,,,
10-07-2026,10-07-2026,CM,BSE,STK,539016,INE396C01010,NEIL,X,,,,,Neil Industries Ltd.,6.03,6.9,6.03,6.41,6.41,6.13,,6.41,,,13770,90817,65,F1,1,,,,,
10-07-2026,10-07-2026,CM,BSE,STK,539017,INE526R01028,STARHFL,XT,,,,,STAR HOUSING FINANCE LIMITED,6.28,6.4,6,6.05,6.38,6.1,,6.05,,,64231,399082,142,F1,1,,,,,
10-07-2026,10-07-2026,CM,BSE,STK,539018,INE213D01015,BEEKAY,B,,,,,Beekay Steel Industries Ltd.,414.8,415,414.8,415,415,417.45,,415.95,,,17,7052,4,F1,1,,,,,
10-07-2026,10-07-2026,CM,BSE,STK,539031,INF200KA1572,SETFBSE100,A,,,,,SBI Mutual Fund,285.12,286.47,285.12,286.38,286.38,283.32,,286.38,,,182,52016,24,F1,1,,,,,
10-07-2026,10-07-2026,CM,BSE,STK,539032,INE184Q01010,FRASER,XT,,,,,Fraser And Company Limited,10,10.39,9.99,10.07,10.21,10,,10.07,,,5257,52929,18,F1,1,,,,,
10-07-2026,10-07-2026,CM,BSE,STK,539040,INE812Q01016,TIRUPATIIN,XT,,,,,TIRUPATI INNOVAR LIMITED,8.04,8.04,8.04,8.04,8.04,8.2,,8.04,,,46573,374446,136,F1,1,,,,,
10-07-2026,10-07-2026,CM,BSE,STK,539041,INE369Q01017,GANVERSE,MT,,,,,GANESHA ECOVERSE LIMITED,31.3,33.17,30.45,31.75,31.75,32.05,,31.75,,,38750,1219025,17,F1,1250,,,,,
10-07-2026,10-07-2026,CM,BSE,STK,539042,INE976R01033,AGIIL,B,,,,,AGI Infra Limited,335.35,352.6,329.05,345.25,345.25,334.2,,345.55,,,162156,55650184,1452,F1,1,,,,,
10-07-2026,10-07-2026,CM,BSE,STK,539044,INE824Q01011,MANAKSTEEL,T,,,,,Manaksia Steels Limited,78.3,78.97,76.6,76.6,76.6,77.51,,76.77,,,3626,281397,14,F1,1,,,,,
10-07-2026,10-07-2026,CM,BSE,STK,539045,INE859Q01017,MANAKALUCO,B,,,,,Manaksia Aluminium Company Ltd,35.85,35.85,34.77,35.08,35.25,34.36,,34.96,,,2571,90192,81,F1,1,,,,,
10-07-2026,10-07-2026,CM,BSE,STK,539046,INE830Q01018,MANAKCOAT,B,,,,,Manaksia Coated Metals & Indus,118.65,124.6,118.65,122.55,123,117.35,,123.01,,,10759,1315058,231,F1,1,,,,,
10-07-2026,10-07-2026,CM,BSE,STK,539056,INE172N01012,IMAGICAA,B,,,,,IMAGICAAWORLD ENTERTAINMENT LI,46.31,46.69,45.91,46.49,46.49,46.15,,46.56,,,23699,1095388,182,F1,1,,,,,
10-07-2026,10-07-2026,CM,BSE,STK,539083,INE066P01011,INOXWIND,A,,,,,Inox Wind Limited,82.89,83.78,81.9,82.43,82.43,82.03,,82.59,,,4223141,349093876,12157,F1,1,,,,,
10-07-2026,10-07-2026,CM,BSE,STK,539090,INE751R01014,RAJPUTANA,X,,,,,Rajputana Investment and Finan,33.49,33.49,33.49,33.49,33.49,33,,33.49,,,7,234,3,F1,1,,,,,
10-07-2026,10-07-2026,CM,BSE,STK,539091,INE187R01029,CCDL,XT,,,,,Consecutive Commodities Limite,1.01,1.05,1.01,1.02,1.03,1.01,,1.02,,,135001,138663,130,F1,1,,,,,
10-07-2026,10-07-2026,CM,BSE,STK,539097,INE904R01027,URSUGAR,B,,,,,UR SUGAR INDUSTRIES LIMITED,2.82,2.88,2.75,2.78,2.81,2.78,,2.78,,,27055,75626,71,F1,1,,,,,
10-07-2026,10-07-2026,CM,BSE,STK,539098,INE541R01019,FILTRA,M,,,,,Filtra Consultants and Enginee,71,71,55.01,57,57,60.01,,57,,,12000,710260,6,F1,2000,,,,,
10-07-2026,10-07-2026,CM,BSE,STK,539099,INE291R01011,ATHCON,M,,,,,Athena Constructions Limited,3.11,3.21,3.11,3.21,3.21,3.34,,3.21,,,5000,15800,2,F1,2500,,,,,
10-07-2026,10-07-2026,CM,BSE,STK,539111,INE193R01019,SHESHAINDS,X,,,,,SHESHADRI INDUSTRIES LIMITED,18.45,18.45,18.45,18.45,18.45,18.65,,18.45,,,210,3874,2,F1,1,,,,,
10-07-2026,10-07-2026,CM,BSE,STK,539112,INE137M01017,SAB,XT,,,,,SAB INDUSTRIES LIMITED,208,214,207.5,213,213,208,,213,,,243,50596,8,F1,1,,,,,
10-07-2026,10-07-2026,CM,BSE,STK,539113,INE291E01019,PML,B,,,,,Paul Merchants Ltd.,540,540,471.3,483.65,487.95,486.45,,481.4,,,257,124906,28,F1,1,,,,,
10-07-2026,10-07-2026,CM,BSE,STK,539115,INE273F01022,ALANSCOTT,XT,,,,,ALAN SCOTT ENTERPRISES LIMITED,315.9,325,315.9,321,321,332.5,,321,,,3228,1039957,42,F1,1,,,,,
10-07-2026,10-07-2026,CM,BSE,STK,539117,INE029H01016,SUJALA,X,,,,,Sujala Trading & Holding Ltd.,16.4,16.4,15.71,16.05,16.1,15.83,,16.05,,,30903,490906,106,F1,1,,,,,
10-07-2026,10-07-2026,CM,BSE,STK,539118,INE366I01010,VRLLOG,B,,,,,VRL Logistics Limited,232.95,235.4,230.6,231.4,231.5,230.15,,231.22,,,7301,1694394,282,F1,1,,,,,
10-07-2026,10-07-2026,CM,BSE,STK,539120,INE578R01011,GRAMEVA,XT,,,,,GRAMEVA LIMITED,98.95,104.2,96,104.2,104.2,99.25,,104.2,,,2375,238338,59,F1,1,,,,,
10-07-2026,10-07-2026,CM,BSE,STK,539121,INE239L01013,PALCO,X,,,,,Palco Metals Limited,131.1,134.85,131.1,132.35,132.35,133.8,,132.35,,,767,101272,39,F1,1,,,,,
10-07-2026,10-07-2026,CM,BSE,STK,539122,INE104F01029,BODHTREE,X,,,,,Bodhtree Consulting Limited,17,17.49,16.75,16.8,16.8,17,,16.8,,,396,6690,15,F1,1,,,,,
10-07-2026,10-07-2026,CM,BSE,STK,539123,INE334E01017,VBIND,X,,,,,V B INDUSTRIES LIMITED,8.27,8.89,8.27,8.76,8.87,8.54,,8.76,,,103981,909137,68,F1,1,,,,,
10-07-2026,10-07-2026,CM,BSE,STK,539124,INE822Q01015,SARVOTTAM,X,,,,,Survottam Finvest Ltd.,21.98,21.98,19.6,19.72,20.4,20.99,,19.72,,,847,16759,26,F1,1,,,,,
10-07-2026,10-07-2026,CM,BSE,STK,539126,INE776I01010,MEP,Z,,,,,MEP Infrastructure Developers,0.66,0.67,0.65,0.65,0.66,0.66,,0.64,,,134312,88298,60,F1,1,,,,,
10-07-2026,10-07-2026,CM,BSE,STK,539132,INE761D01021,WARDWIZFBL,X,,,,,Wardwizard Foods and Beverages,9.88,9.88,9.38,9.53,9.49,9.65,,9.53,,,57404,549810,119,F1,1,,,,,
10-07-2026,10-07-2026,CM,BSE,STK,539141,INE527H01019,UFO,B,,,,,UFO Moviez India Limited,72.48,72.48,69.58,69.72,69.58,69.84,,69.69,,,4682,327714,203,F1,1,,,,,
10-07-2026,10-07-2026,CM,BSE,STK,539143,INE945O01019,PANTH,XT,,,,,PANTH INFINITY LIMITED,9.82,10.49,9.82,10.23,10.23,10.02,,10.23,,,27713,279032,125,F1,1,,,,,
10-07-2026,10-07-2026,CM,BSE,STK,539148,INE788J01021,SHIVALIK,T,,,,,Shivalik Rasayan Ltd.,220.55,226,218.55,221.95,221.95,226.9,,219.96,,,2161,478574,29,F1,1,,,,,
10-07-2026,10-07-2026,CM,BSE,STK,539149,INE682B01023,ICSL,X,,,,,Integrated Capital Services Lt,4.45,4.45,4.15,4.16,4.15,4.33,,4.16,,,11109,46569,22,F1,1,,,,,
10-07-2026,10-07-2026,CM,BSE,STK,539150,INE195J01029,PNCINFRA,A,,,,,PNC Infratech Limited,244.4,245,240.1,242.75,242.05,241.2,,242.87,,,17427,4224112,517,F1,1,,,,,
10-07-2026,10-07-2026,CM,BSE,STK,539151,INE784R01023,ARFIN,B,,,,,Arfin India Limited,88.9,91.94,88,90.31,88,88.9,,89.67,,,47581,4266996,458,F1,1,,,,,
10-07-2026,10-07-2026,CM,BSE,STK,539167,INE347L01022,VLL,X,,,,,Virat Leasing Limited,67,67,65,67,67,64.66,,67,,,315,21085,9,F1,1,,,,,
10-07-2026,10-07-2026,CM,BSE,STK,539174,INE738P01015,HELPAGE,X,,,,,Helpage Finlease Ltd.,21.5,21.75,21.01,21.69,21.69,21.46,,21.69,,,67,1434,9,F1,1,,,,,
10-07-2026,10-07-2026,CM,BSE,STK,539176,INE230I01018,HAWAENG,X,,,,,Hawa Engineers ltd.,82,82,80,81.5,81.5,79.11,,81.5,,,112,8980,5,F1,1,,,,,
10-07-2026,10-07-2026,CM,BSE,STK,539177,INE206F01022,AIIL,A,,,,,Authum Investment & Infrastruc,515.8,515.95,509.9,513.75,515.95,506.6,,514,,,1825,937607,69,F1,1,,,,,
10-07-2026,10-07-2026,CM,BSE,STK,539189,INE578L01014,ADHBHUTIN,X,,,,,Adhbhut Infrastructure Ltd.,13.92,13.92,13.25,13.3,13.89,13.92,,13.3,,,558,7423,6,F1,1,,,,,
10-07-2026,10-07-2026,CM,BSE,STK,539190,INE848N01017,DFL,X,,,,,Decillion Finance Ltd.,36,39,36,39,39,35.66,,39,,,7,258,3,F1,1,,,,,
10-07-2026,10-07-2026,CM,BSE,STK,539195,INE035S01028,POEL,X,,,,,POCL ENTERPRISES LTD,188,189.1,182.5,184.2,184.2,183.7,,184.2,,,30677,5698100,274,F1,1,,,,,
10-07-2026,10-07-2026,CM,BSE,STK,539196,INE829P01020,AEL,X,,,,,Amba Enterprises Ltd.,119.9,121.05,116.55,116.75,117.8,119.35,,116.75,,,7247,851113,120,F1,1,,,,,
10-07-2026,10-07-2026,CM,BSE,STK,539199,INE618R01015,SGFIN,B,,,,,SG FINSERVE LIMITED,657.7,677.2,633.2,638.25,638.25,656.65,,637.9,,,27099,17693084,1104,F1,1,,,,,
10-07-2026,10-07-2026,CM,BSE,STK,539200,INE203Q01026,NOBPOL,XT,,,,,NOBLE POLYMERS LIMITED,5.77,5.77,5.77,5.77,5.77,5.66,,5.77,,,12044,69493,9,F1,1,,,,,
10-07-2026,10-07-2026,CM,BSE,STK,539201,INE170E01023,SATIA,B,,,,,SATIA INDUSTRIES LIMITED,54.22,55.54,54.22,55.05,55.54,54.11,,55.42,,,1069,58346,54,F1,1,,,,,
10-07-2026,10-07-2026,CM,BSE,STK,539206,INE574D01010,GVBL,X,,,,,GENOMIC VALLEY BIOTECH LIMITED,29.93,29.93,29.93,29.93,29.93,31.5,,29.93,,,1000,29930,11,F1,1,,,,,
10-07-2026,10-07-2026,CM,BSE,STK,539216,INE653S01028,GARMNTMNTR,X,,,,,GARMENT MANTRA LIFESTYLE LIMIT,1.16,1.16,1.13,1.14,1.14,1.13,,1.14,,,345802,396070,176,F1,1,,,,,
10-07-2026,10-07-2026,CM,BSE,STK,539217,INE606K01049,SRESTHA,XT,,,,,Srestha Finvest Limited,0.28,0.29,0.28,0.28,0.28,0.29,,0.28,,,2288874,648663,506,F1,1,,,,,
10-07-2026,10-07-2026,CM,BSE,STK,539218,INE563C01015,SAUMYA,X,,,,,Saumya Consultants Ltd.,120,128.5,119,127.45,127.45,125.25,,127.45,,,607,72436,25,F1,1,,,,,
10-07-2026,10-07-2026,CM,BSE,STK,539219,INE150D01027,MUL,X,,,,,MAURIA UDYOG LIMITED,8.71,9.21,8.05,8.79,8.98,8.66,,8.79,,,40417,339995,124,F1,1,,,,,
10-07-2026,10-07-2026,CM,BSE,STK,539220,INE540S01019,MISHKA,X,,,,,Mishka Exim Limited,40.01,40.01,40,40,40,39.85,,40,,,4,160,2,F1,1,,,,,
10-07-2026,10-07-2026,CM,BSE,STK,539221,INE885H01029,SPORTKING,B,,,,,Sportking India Ltd.,184.95,188.55,182,182.85,182.85,182.9,,182.64,,,12042,2227083,270,F1,1,,,,,
10-07-2026,10-07-2026,CM,BSE,STK,539222,INE451S01027,GROWINGTON,B,,,,,GROWINGTON VENTURES INDIA LIMI,0.72,0.74,0.71,0.72,0.72,0.71,,0.72,,,1885596,1375838,380,F1,1,,,,,
10-07-2026,10-07-2026,CM,BSE,STK,539224,INE345Q01017,HCKKVENTURE,XT,,,,,HCKK Ventures Limited,26.5,26.5,25.18,25.18,25.18,26.5,,25.18,,,1500,38430,2,F1,1,,,,,
10-07-2026,10-07-2026,CM,BSE,STK,539226,INE027T01023,RUDRA,T,,,,,RUDRA GLOBAL INFRA PRODUCTS LI,17.2,17.43,17.2,17.4,17.4,17.12,,17.35,,,2531,44038,10,F1,1,,,,,
10-07-2026,10-07-2026,CM,BSE,STK,539227,INE876S01017,LOYAL,X,,,,,Loyal Equipments Limited,162.8,170,162.8,165.5,165.95,156.2,,165.5,,,6682,1120544,137,F1,1,,,,,
10-07-2026,10-07-2026,CM,BSE,STK,539228,INE480S01026,GGPL,Z,,,,,Gala Global Products Limited,1.75,1.75,1.61,1.63,1.63,1.69,,1.63,,,24983,40996,55,F1,1,,,,,
10-07-2026,10-07-2026,CM,BSE,STK,539251,INE875R01011,BALKRISHNA,B,,,,,Balkrishna Paper Mills Ltd.,18.6,18.6,18.6,18.6,18.6,18.01,,18.35,,,5,93,1,F1,1,,,,,
10-07-2026,10-07-2026,CM,BSE,STK,539252,INE979R01011,SHYAMCENT,T,,,,,Shyam Century Ferrous Limited,5.87,5.87,5.69,5.87,5.85,5.71,,5.78,,,489,2811,21,F1,1,,,,,
10-07-2026,10-07-2026,CM,BSE,STK,539254,INE931S01010,ADANIENSOL,A,,,,,Adani Energy Solutions Limited,1635,1683.15,1620.55,1654.15,1646.9,1617.75,,1654,,,73873,122408616,4622,F1,1,,,,,
10-07-2026,10-07-2026,CM,BSE,STK,539255,INE541K01014,STARDELTA,X,,,,,STAR DELTA TRANSFORMERS LIMITE,628.9,628.9,602.05,609.8,617,602.65,,609.8,,,1335,814986,87,F1,1,,,,,
10-07-2026,10-07-2026,CM,BSE,STK,539267,INE579N01018,SAMSRITA,X,,,,,SAMSRITA LABS LIMITED,13.44,13.46,12.51,13.06,13.45,12.82,,13.06,,,42677,567000,50,F1,1,,,,,
10-07-2026,10-07-2026,CM,BSE,STK,539268,INE398R01022,SYNGENE,A,,,,,Syngene International Limited,417.05,423.95,415.3,420.35,421.9,415.5,,420.35,,,49877,20969735,5991,F1,1,,,,,
10-07-2026,10-07-2026,CM,BSE,STK,539275,INE829S01016,MSL,X,,,,,Mangalam Seeds Limited,127.3,131.5,125.7,130.9,130.5,131.5,,130.9,,,373,48334,15,F1,1,,,,,
10-07-2026,10-07-2026,CM,BSE,STK,539276,INE587G01015,KAYA,B,,,,,Kaya Limited,241.3,254.7,240.3,241.55,249.25,245,,241.66,,,821,204355,25,F1,1,,,,,
10-07-2026,10-07-2026,CM,BSE,STK,539278,INE653R01012,SYMBIOX,X,,,,,Symbiox Investment & Trading C,1.57,1.68,1.53,1.61,1.61,1.58,,1.61,,,9205,15161,17,F1,1,,,,,
10-07-2026,10-07-2026,CM,BSE,STK,539287,INE749B01020,ORTINGLOBE,T,,,,,ORTIN GLOBAL LIMITED,17.84,17.84,16.97,17.3,17.3,17.06,,16.49,,,2403,41073,8,F1,1,,,,,
10-07-2026,10-07-2026,CM,BSE,STK,539289,INE898S01029,AURUM,B,,,,,Aurum PropTech Limited,222.05,229.55,219.9,226.5,226.5,220.95,,226.76,,,21359,4777625,490,F1,1,,,,,
10-07-2026,10-07-2026,CM,BSE,STK,539290,INE143A01010,OSWALGREEN,B,,,,,Oswal Greentech Limited,22.85,22.85,22.19,22.48,22.43,21.79,,22.46,,,6719,150804,53,F1,1,,,,,
10-07-2026,10-07-2026,CM,BSE,STK,539300,INE671K01027,SUNRAKSHAK,X,,,,,SUNRAKSHAKK INDUSTRIES INDIA L,322.65,325,320,320.95,324.5,322.2,,320.95,,,5285,1700300,87,F1,1,,,,,
10-07-2026,10-07-2026,CM,BSE,STK,539301,INE034S01021,ARVSMART,B,,,,,Arvind SmartSpaces Limited,615,617,609.75,613.75,613,610.05,,612.55,,,1020,626658,51,F1,1,,,,,
10-07-2026,10-07-2026,CM,BSE,STK,539302,INE211R01019,POWERMECH,A,,,,,Power Mech Projects Limited,2618.05,2650.6,2600,2640.45,2650.6,2605.05,,2640,,,3378,8864169,348,F1,1,,,,,
10-07-2026,10-07-2026,CM,BSE,STK,539309,INE230R01035,RAMASTEEL,T,,,,,Rama Steel Tubes Limited,4.51,4.59,4.5,4.55,4.55,4.53,,4.56,,,174908,793531,348,F1,1,,,,,
10-07-2026,10-07-2026,CM,BSE,STK,539310,INE365S01045,THINKINK,XT,,,,,THINKINK PICTUREZ LIMITED,0.19,0.2,0.19,0.2,0.2,0.19,,0.2,,,573197,109580,271,F1,1,,,,,
10-07-2026,10-07-2026,CM,BSE,STK,539312,INF789FB1X58,SENSEXBETA,A,,,,,UTI BSE Sensex ETF,859.95,859.95,854.89,856.4,856.4,844.78,,855.98,,,13,11125,4,F1,1,,,,,
10-07-2026,10-07-2026,CM,BSE,STK,539313,INF789F1AZC0,NIFTYBETA,B,,,,,UTI Mutual Fund,267.43,268.11,267.35,267.85,267.47,265.19,,267.58,,,382,102264,33,F1,1,,,,,
10-07-2026,10-07-2026,CM,BSE,STK,539314,INE203T01012,UNIAUTO,B,,,,,Universal Autofoundry Limited,55.91,55.91,51.5,52.12,53.24,51.3,,52.12,,,2323,123402,50,F1,1,,,,,
10-07-2026,10-07-2026,CM,BSE,STK,539331,INE918N01018,VETO,T,,,,,VETO SWITCHGEARS AND CABLES LI,123,126,122.5,125.85,126,121.6,,124.12,,,3734,466171,28,F1,1,,,,,
10-07-2026,10-07-2026,CM,BSE,STK,539332,INE278M01019,NAVKARCORP,B,,,,,Navkar Corporation Limited,104.05,109.55,104.05,109,109.5,104.15,,109.19,,,85596,9138349,592,F1,1,,,,,
10-07-2026,10-07-2026,CM,BSE,STK,539334,INE712K01011,SHREEPUSHK,B,,,,,Shree Pushkar Chemicals & Fert,470.6,470.6,425.4,428,425.4,431.05,,427,,,7722,3428335,282,F1,1,,,,,
10-07-2026,10-07-2026,CM,BSE,STK,539335,INE714Q01014,CALLISTA,XT,,,,,Callista Industries Limited,186,186,185.75,185.9,185.9,195.5,,185.9,,,9668,1797054,14,F1,1,,,,,
10-07-2026,10-07-2026,CM,BSE,STK,539336,INE844O01030,GUJENERGY,T,,,,,Gujarat Energy Limited,286.05,292.8,285,289.4,289.4,288.35,,289.7,,,32426,9369616,1049,F1,1,,,,,
10-07-2026,10-07-2026,CM,BSE,STK,539337,INE725P01012,WAAREE,MT,,,,,WAAREE TECHNOLOGIES LIMITED,248,248,238.35,243,243,243.9,,243,,,3325,811448,19,F1,175,,,,,
10-07-2026,10-07-2026,CM,BSE,STK,539346,INE764L01010,SADBHIN,T,,,,,Sadbhav Infrastructure Project,2.71,2.78,2.71,2.74,2.74,2.74,,2.74,,,3765,10369,29,F1,1,,,,,
10-07-2026,10-07-2026,CM,BSE,STK,539353,INE724G01014,SALAUTO,X,,,,,SAL AUTOMOTIVE LIMITED,180,185,176.5,183,183,187,,183,,,497,89790,17,F1,1,,,,,
10-07-2026,10-07-2026,CM,BSE,STK,539354,INE914G01029,POLYSPIN,X,,,,,Polyspin Exports Ltd.,30.55,30.55,29.98,29.99,30,29.7,,29.99,,,23,701,4,F1,1,,,,,
10-07-2026,10-07-2026,CM,BSE,STK,539359,INE583R01029,PRITIKAUTO,T,,,,,Pritika Auto Industries Limite,18,18.95,17.8,18.57,18.68,18.11,,18.41,,,46485,856207,127,F1,1,,,,,
10-07-2026,10-07-2026,CM,BSE,STK,539378,INE848R01018,SML,XT,,,,,Soni Medicare Limited,69.85,69.85,69.85,69.85,69.85,70.2,,69.85,,,1,69,1,F1,1,,,,,
10-07-2026,10-07-2026,CM,BSE,STK,539383,INE019D01016,MAHAVEER,Z,,,,,Mahaveer Infoway Limited,14.77,14.77,14.21,14.77,14.77,14.07,,14.77,,,53,781,10,F1,1,,,,,
10-07-2026,10-07-2026,CM,BSE,STK,539391,INE636B01011,ACME,Z,,,,,Acme Resources Limited,30.5,30.5,29.17,29.85,29.85,29.77,,29.85,,,535,15803,11,F1,1,,,,,
10-07-2026,10-07-2026,CM,BSE,STK,539398,INE060T01024,VISHALBL,B,,,,,Vishal Bearings Limited,57.47,58.45,52.5,54.51,53.51,56.9,,54.51,,,5132,277351,115,F1,1,,,,,
10-07-2026,10-07-2026,CM,BSE,STK,539399,INE344T01014,BELLACASA,B,,,,,Bella Casa Fashion & Retail Li,252.4,267.7,250.8,264.7,264.1,249.9,,257.75,,,1130,296398,39,F1,1,,,,,
10-07-2026,10-07-2026,CM,BSE,STK,539400,INE389C01015,MALLCOM,B,,,,,MALLCOM (INDIA) LTD.,1037,1050,1018,1045.75,1050,1027,,1044.8,,,128,132362,44,F1,1,,,,,
10-07-2026,10-07-2026,CM,BSE,STK,539402,INE256S01012,NAKSH,Z,,,,,Naksh Precious Metals Limited,4.32,4.32,4.32,4.32,4.32,4.4,,4.32,,,120,518,6,F1,1,,,,,
10-07-2026,10-07-2026,CM,BSE,STK,539404,INE836B01017,SATIN,B,,,,,SATIN CREDITCARE NETWORK LIMIT,259,260.75,254.35,256.75,256.7,254.95,,256.68,,,8199,2110701,160,F1,1,,,,,
10-07-2026,10-07-2026,CM,BSE,STK,539405,INE183R01010,DITCO,X,,,,,Decorous Investment and Tradin,11.51,12.5,11.51,12.5,12.5,11.91,,12.5,,,2011,25135,7,F1,1,,,,,
10-07-2026,10-07-2026,CM,BSE,STK,539406,INE150R01019,SWAGTAM,X,,,,,Swagatam Trading & Services Li,58,58,56.11,56.11,56.11,58.56,,56.11,,,10,562,4,F1,1,,,,,
10-07-2026,10-07-2026,CM,BSE,STK,539407,INE854S01022,GENCON,B,,,,,Generic Engineering Constructi,42.5,43.19,41.45,41.45,41.45,41.6,,41.61,,,7551,317400,178,F1,1,,,,,
10-07-2026,10-07-2026,CM,BSE,STK,539408,INE594R01018,KUBERJI,XT,,,,,Kuber Udyog Limited,17.55,17.67,16.2,17.46,17.67,16.83,,17.46,,,15980,278985,43,F1,1,,,,,
10-07-2026,10-07-2026,CM,BSE,STK,539409,INE894J01019,NEERAJ,X,,,,,NEERAJ PAPER MARKETING LIMITED,20.9,20.9,20.9,20.9,20.9,20.48,,20.9,,,1,20,1,F1,1,,,,,
10-07-2026,10-07-2026,CM,BSE,STK,539428,INE030T01027,TEJNAKSH,X,,,,,Tejnaksh Healthcare Limited,14.59,14.59,13.88,14.57,14.57,14.23,,14.57,,,3336,47189,41,F1,1,,,,,
10-07-2026,10-07-2026,CM,BSE,STK,539435,INE201C01012,RFSL,X,,,,,Richfield Financial Services L,24.66,24.66,23.05,23.06,24.36,23.5,,23.06,,,505,11646,7,F1,1,,,,,
10-07-2026,10-07-2026,CM,BSE,STK,539436,INE335K01011,COFFEEDAY,T,,,,,Coffee Day Enterprises Limited,32.38,32.75,31.75,32.07,31.85,32.09,,31.95,,,41066,1323079,235,F1,1,,,,,
10-07-2026,10-07-2026,CM,BSE,STK,539437,INE092T01019,IDFCFIRSTB,A,,,,,IDFC FIRST BANK LIMITED,79.77,81.33,79.75,80.81,80.81,79.47,,80.83,,,1957468,158315125,8542,F1,1,,,,,
10-07-2026,10-07-2026,CM,BSE,STK,539448,INE646L01027,INDIGO,A,,,,,InterGlobe Aviation Limited,5296.8,5363.75,5255.05,5311.05,5300,5228.6,,5312,,,23467,124821892,3138,F1,1,,,,,
10-07-2026,10-07-2026,CM,BSE,STK,539449,INE099S01016,IGCIL,X,,,,,IGC Industries Limited,2.3,2.3,2.22,2.25,2.22,2.26,,2.25,,,19134,43099,74,F1,1,,,,,
10-07-2026,10-07-2026,CM,BSE,STK,539450,INE500L01026,SHK,B,,,,,S H Kelkar and Company Limited,132.85,132.9,130.55,130.95,131.05,130.2,,130.92,,,18126,2387445,323,F1,1,,,,,
10-07-2026,10-07-2026,CM,BSE,STK,539455,INE360S01012,ARYAVAN,X,,,,,ARYAVAN ENTERPRISE LIMITED,54,54,51.5,51.79,51.75,52.21,,51.79,,,8169,425329,26,F1,1,,,,,
10-07-2026,10-07-2026,CM,BSE,STK,539468,INE761R01013,TFSL,XT,,,,,Typhoon Financial Services Lim,45.04,45.04,43.95,43.95,43.95,42.9,,43.95,,,127,5595,5,F1,1,,,,,
10-07-2026,10-07-2026,CM,BSE,STK,539469,INE258R01028,PANORAMA,B,,,,,PANORAMA STUDIOS INTERNATIONAL,53.49,53.49,51,51.85,51.85,52.16,,51.85,,,892137,46201475,727,F1,1,,,,,
10-07-2026,10-07-2026,CM,BSE,STK,539470,INE051N01026,SHREEGANES,X,,,,,Shree Ganesh Biotech (India) L,0.55,0.55,0.53,0.54,0.54,0.54,,0.54,,,517821,279485,221,F1,1,,,,,
10-07-2026,10-07-2026,CM,BSE,STK,539479,INE910R01024,GTV,X,,,,,GTV Engineering Limited,71,72.95,70.1,70.58,70.58,70.27,,70.58,,,29010,2067284,197,F1,1,,,,,
10-07-2026,10-07-2026,CM,BSE,STK,539480,INF767K01OS7,LICNETFN50,B,,,,,LIC MF EXHGE TRADED FUND-NIFTY,271.76,271.76,269.98,271.67,271.67,270.27,,271.65,,,18,4864,3,F1,1,,,,,
10-07-2026,10-07-2026,CM,BSE,STK,539492,INE721C01019,GARBIFIN,X,,,,,Garbi Finvest Limited,9.78,9.78,9.55,9.56,9.55,9.51,,9.56,,,4204,40747,25,F1,1,,,,,
10-07-2026,10-07-2026,CM,BSE,STK,539494,INE766D01020,SMARTFIN,X,,,,,Smart Finsec Limited,7.94,8.38,7.93,8.12,8.12,8.06,,8.12,,,2458,19834,38,F1,1,,,,,
10-07-2026,10-07-2026,CM,BSE,STK,539495,INE176R01014,RAJKOTINV,X,,,,,Rajkot Investment Trust Limite,44.6,49,42.89,44.86,48.49,47.65,,44.86,,,88,4185,20,F1,1,,,,,
10-07-2026,10-07-2026,CM,BSE,STK,539506,INE805Q01028,ADCON,XT,,,,,Adcon Capital Services Limited,0.52,0.54,0.52,0.54,0.54,0.53,,0.54,,,140025,73796,100,F1,1,,,,,
10-07-2026,10-07-2026,CM,BSE,STK,539516,INF179KC1965,HDFCNIFTY,B,,,,,HDFC Mutual Fund,276.98,276.98,271.16,272.03,271.91,270.23,,272.17,,,2613,710601,113,F1,1,,,,,
10-07-2026,10-07-2026,CM,BSE,STK,539517,INF179KC1HX2,HDFCSENSEX,A,,,,,HDFC Mutual Fund,88.5,88.5,87.59,87.9,87.9,87.01,,87.71,,,3987,349853,58,F1,1,,,,,
10-07-2026,10-07-2026,CM,BSE,STK,539518,INE551B01012,UDAYJEW,X,,,,,Uday Jewellery Industries Limi,148.8,153.9,148.75,150,151.95,148.85,,150,,,12147,1821913,90,F1,1,,,,,
10-07-2026,10-07-2026,CM,BSE,STK,539519,INE280E01038,SATTVASUKU,X,,,,,SATTVA SUKUN LIFECARE LIMITED,0.77,0.8,0.76,0.79,0.79,0.76,,0.79,,,467683,368630,155,F1,1,,,,,
10-07-2026,10-07-2026,CM,BSE,STK,539522,INE343C01012,GROVY,X,,,,,Grovy India Limited,48.21,51.88,48.2,49.19,48.61,48.12,,49.19,,,2184,108801,21,F1,1,,,,,
10-07-2026,10-07-2026,CM,BSE,STK,539523,INE540L01014,ALKEM,A,,,,,Alkem Laboratories Limited,5648.2,5723.55,5636.45,5669.7,5675,5647.95,,5669.5,,,12833,72626237,511,F1,1,,,,,
10-07-2026,10-07-2026,CM,BSE,STK,539524,INE600L01024,LALPATHLAB,A,,,,,Dr. Lal Pathlabs Limited,1704.7,1706.3,1675,1692.85,1685.1,1684.25,,1692.8,,,6156,10413150,548,F1,1,,,,,
10-07-2026,10-07-2026,CM,BSE,STK,539526,INE452S01025,SCTL,X,,,,,Suncare Traders Limited,0.49,0.5,0.48,0.49,0.48,0.5,,0.49,,,183871,89545,159,F1,1,,,,,
10-07-2026,10-07-2026,CM,BSE,STK,539527,INE146E01015,CREATIVE,X,,,,,Creative Castings Limited,525,525,525,525,525,534,,525,,,100,52500,4,F1,1,,,,,
10-07-2026,10-07-2026,CM,BSE,STK,539528,INE430R01023,AAYUSH,X,,,,,AAYUSH WELLNESS LIMITED,24.78,26.26,24.78,25.55,25.55,25.09,,25.55,,,72757,1866315,465,F1,1,,,,,
10-07-2026,10-07-2026,CM,BSE,STK,539533,INE669R01026,ELITECON,B,,,,,ELITECON INTERNATIONAL LIMITED,23.4,23.69,20.83,21.08,21.08,23.18,,21.1,,,1288984,28257058,4709,F1,1,,,,,
10-07-2026,10-07-2026,CM,BSE,STK,539542,INE150G01020,LUXIND,B,,,,,LUX Industries Limited,1235.1,1339,1235.1,1277.3,1289.9,1223.95,,1276.5,,,14377,18800087,1057,F1,1,,,,,
10-07-2026,10-07-2026,CM,BSE,STK,539544,INE281P01016,ABHIINFRA,X,,,,,Abhishek Infraventures Limited,8.79,9.5,8.79,9.49,9.49,9.25,,9.49,,,4402,40752,10,F1,1,,,,,
10-07-2026,10-07-2026,CM,BSE,STK,539545,INE217S01014,APOORVA,X,,,,,Apoorva Leasing Finance & Inve,34.74,34.74,34.5,34.5,34.5,34.74,,34.5,,,10,347,2,F1,1,,,,,
10-07-2026,10-07-2026,CM,BSE,STK,539546,INE679E01015,AGRIBIO,X,,,,,AGRIBIO SPIRITS LIMITED,322.35,324.5,312,321.95,323.1,308.5,,321.95,,,37675,12059177,170,F1,1,,,,,
10-07-2026,10-07-2026,CM,BSE,STK,539551,INE410P01011,NH,A,,,,,Narayana Hrudayalaya Limited,2014.05,2030.45,1995.25,2026.7,2024.95,1988.85,,2027.3,,,7033,14173701,591,F1,1,,,,,
10-07-2026,10-07-2026,CM,BSE,STK,539552,INE108T01021,FMEC,XT,,,,,F MEC INTERNATIONAL FINANCIAL,11.58,11.58,11.58,11.58,11.58,12.18,,11.58,,,135575,1569958,188,F1,1,,,,,
10-07-2026,10-07-2026,CM,BSE,STK,539559,INE005G01026,DEEPAI,XT,,,,,Deep Health AI India Limited,2.1,2.1,2.05,2.07,2.07,2.07,,2.07,,,336464,697080,402,F1,1,,,,,
10-07-2026,10-07-2026,CM,BSE,STK,539561,INE549S01036,SUPHA,XT,,,,,SUPHA PHARMACHEM LIMITED,0.31,0.31,0.31,0.31,0.31,0.32,,0.31,,,1848568,573056,534,F1,1,,,,,
10-07-2026,10-07-2026,CM,BSE,STK,539562,INE750R01016,AARNAV,B,,,,,AARNAV FASHIONS LIMITED,24.85,25.69,24.85,25.11,25.11,24.98,,25.14,,,2616,65707,20,F1,1,,,,,
10-07-2026,10-07-2026,CM,BSE,STK,539593,INE728Q01014,SHIVA,XT,,,,,Shivansh Finserv Limited,10.04,10.1,9.26,10.07,10.08,9.62,,10.07,,,17189,172174,23,F1,1,,,,,
10-07-2026,10-07-2026,CM,BSE,STK,539594,INE094S01041,MISHTANN,X,,,,,Mishtann Foods Limited,3.85,3.89,3.77,3.84,3.84,3.85,,3.84,,,1043609,3998419,1590,F1,1,,,,,
10-07-2026,10-07-2026,CM,BSE,STK,539596,INE681Q01015,DELTA,X,,,,,Delta Industrial Resources Lim,11,11.52,11,11.52,11.52,10.98,,11.52,,,65,728,2,F1,1,,,,,
10-07-2026,10-07-2026,CM,BSE,STK,539598,INE727C01024,CGFL,X,,,,,CREDENT GLOBAL FINANCE LIMITED,33.8,33.8,32.5,33.31,33.45,32.86,,33.31,,,35624,1171487,132,F1,1,,,,,
10-07-2026,10-07-2026,CM,BSE,STK,539607,INE373T01047,BLUECLOUDS,B,,,,,Blue Cloud Softech Solutions L,20.94,21.21,20.56,20.65,20.65,20.74,,20.65,,,1193487,24870960,3079,F1,1,,,,,
10-07-2026,10-07-2026,CM,BSE,STK,539620,INE534E01020,KEIL,X,,,,,KANORIA ENERGY & INFRASTRUCTUR,16.79,17.51,16.01,16.13,16.13,16.38,,16.13,,,4738,78196,55,F1,1,,,,,
10-07-2026,10-07-2026,CM,BSE,STK,539636,INE484I01029,PRECAM,B,,,,,Precision Camshafts Limited,147.7,150.2,146.25,146.85,147.2,146,,146.66,,,9330,1382533,232,F1,1,,,,,
10-07-2026,10-07-2026,CM,BSE,STK,539658,INE985S01024,TEAMLEASE,B,,,,,TeamLease Services Limited,1395,1395,1368.6,1375.4,1370.95,1381.7,,1377.4,,,36721,50815722,217,F1,1,,,,,
10-07-2026,10-07-2026,CM,BSE,STK,539659,INE564S01019,KAMATS,B,,,,,VIKRAM KAMATS HOSPITALITY LIMI,40,40,38.4,39.69,39.69,39.49,,39.69,,,605,24076,16,F1,1,,,,,
10-07-2026,10-07-2026,CM,BSE,STK,539660,INE052T01021,BESTAGRO,B,,,,,BEST AGROLIFE LIMITED,15.43,15.98,15.18,15.57,15.62,15.21,,15.51,,,66636,1044209,291,F1,1,,,,,
10-07-2026,10-07-2026,CM,BSE,STK,539661,INE023R01018,ACEMEN,X,,,,,ACE MEN ENGG WORKS LIMITED,94.5,94.5,91.6,94.49,94.49,95.19,,94.49,,,1682,155083,17,F1,1,,,,,
10-07-2026,10-07-2026,CM,BSE,STK,539662,INE948Q01018,BFLAFL,X,,,,,BFL Asset Finvest Limited,6.41,6.76,6.41,6.65,6.65,6.38,,6.65,,,6703,44820,24,F1,1,,,,,
10-07-2026,10-07-2026,CM,BSE,STK,539669,INE684D01025,RGF,XT,,,,,RGF Capital Markets Limited,2.37,2.37,2.37,2.37,2.37,2.33,,2.37,,,12998,30805,16,F1,1,,,,,
10-07-2026,10-07-2026,CM,BSE,STK,539673,INE792P01020,RCL,Z,,,,,Radhagobind Commercial Limited,2.78,2.78,2.78,2.78,2.78,2.79,,2.78,,,30,83,1,F1,1,,,,,
10-07-2026,10-07-2026,CM,BSE,STK,539678,INE306L01010,QUICKHEAL,T,,,,,Quick Heal Technologies Limite,166.7,171.7,165.4,167.6,167.6,166.7,,167.76,,,18391,3104375,132,F1,1,,,,,
10-07-2026,10-07-2026,CM,BSE,STK,539679,INE332Q01023,KAPILRAJ,X,,,,,Kapil Raj Finance Ltd.,1.58,1.58,1.52,1.53,1.53,1.59,,1.53,,,859943,1311287,363,F1,1,,,,,
10-07-2026,10-07-2026,CM,BSE,STK,539682,INE622Q01027,MOBAVENUE,X,,,,,Mobavenue AI Tech Limited,331,335,323.25,330.6,334.8,322.05,,330.6,,,70327,23313611,628,F1,1,,,,,
10-07-2026,10-07-2026,CM,BSE,STK,539686,INE127T01021,KPEL,B,,,,,K.P. Energy Limited,325,332.15,325,328.8,326.1,323.75,,328.65,,,16179,5326269,376,F1,1,,,,,
10-07-2026,10-07-2026,CM,BSE,STK,539692,INE064T01018,IFINSER,X,,,,,INTERACTIVE FINANCIAL SERVICES,12.98,12.98,11.99,12.18,12.38,12.57,,12.18,,,36415,448216,94,F1,1,,,,,
10-07-2026,10-07-2026,CM,BSE,STK,539697,INE966Q01010,HILIKS,XT,,,,,HILIKS TECHNOLOGIES LIMITED,81,81,74.16,76.65,77,77.66,,76.65,,,35281,2712897,97,F1,1,,,,,
10-07-2026,10-07-2026,CM,BSE,STK,539724,INE039D01014,HYPERSOFT,XT,,,,,HYPERSOFT TECHNOLOGIES LIMITED,212,212,206.8,211,211,211,,211,,,1686,354099,22,F1,1,,,,,
10-07-2026,10-07-2026,CM,BSE,STK,539725,INE314T01033,GOKULAGRO,B,,,,,Gokul Agro Resources Ltd,212.55,218.6,212.55,217.75,217.3,213,,217.71,,,16055,3467240,364,F1,1,,,,,
10-07-2026,10-07-2026,CM,BSE,STK,539730,INE194R01017,FREDUN,X,,,,,Fredun Pharmaceuticals Limited,2664.9,2665,2564,2583.35,2619,2635.05,,2583.35,,,8440,21950062,471,F1,1,,,,,
10-07-2026,10-07-2026,CM,BSE,STK,539742,INE748T01016,SIMBHALS,Z,,,,,Simbhaoli Sugars Ltd,6.94,7.13,6.7,7.13,7.13,6.8,,7.09,,,1813,12410,6,F1,1,,,,,
10-07-2026,10-07-2026,CM,BSE,STK,539760,INE773T01014,RELICAB,B,,,,,Relicab Cable Manufacturing Li,39,39.75,38.61,39.75,39.75,37.86,,39.75,,,2908,115078,64,F1,1,,,,,
10-07-2026,10-07-2026,CM,BSE,STK,539761,INE427T01025,VKAL,XT,,,,,Vantage Knowledge Academy Limi,0.96,0.96,0.93,0.95,0.95,0.94,,0.95,,,105652,99907,154,F1,1,,,,,
10-07-2026,10-07-2026,CM,BSE,STK,539762,INE250S01015,MEAPL,X,,,,,MODERN ENGINEERING AND PROJECT,32.2,32.2,27.95,28.36,28.36,30.24,,28.36,,,185212,5294658,285,F1,1,,,,,
10-07-2026,10-07-2026,CM,BSE,STK,539767,INE216Q01010,MNIL,X,,,,,Mega Nirman & Industries Limit,33.62,33.72,31.56,33.03,33.18,33.38,,33.03,,,2469,81503,23,F1,1,,,,,
10-07-2026,10-07-2026,CM,BSE,STK,539770,INE830S01014,DARJEELING,X,,,,,DARJEELING INDUSTRIIES LIMITED,23.91,23.91,23.91,23.91,23.91,25.16,,23.91,,,3488,83398,29,F1,1,,,,,
10-07-2026,10-07-2026,CM,BSE,STK,539773,INE178T01024,ADVIKCA,X,,,,,Advik Capital Limited,1.3,1.3,1.27,1.28,1.29,1.29,,1.28,,,303979,391270,266,F1,1,,,,,
10-07-2026,10-07-2026,CM,BSE,STK,539784,INF767K01PC8,LICNFNHGP,B,,,,,LIC MF EXHNGE TRADED FUND NIFT,277.11,277.11,277.11,277.11,277.11,274.54,,277.04,,,5,1385,1,F1,1,,,,,
10-07-2026,10-07-2026,CM,BSE,STK,539785,INE865T01018,PDMJEPAPER,B,,,,,Pudumjee Paper Products Limite,83.6,85.9,83.6,84.17,85,82.45,,83.88,,,2231,189157,88,F1,1,,,,,
10-07-2026,10-07-2026,CM,BSE,STK,539787,INE075I01017,HCG,A,,,,,HealthCare Global Enterprises,653.05,670.8,648.8,667.85,667.6,651.85,,666.4,,,7148,4753122,286,F1,1,,,,,
10-07-2026,10-07-2026,CM,BSE,STK,539798,INE173U01015,UMIYA,X,,,,,Umiya Tubes Limited,33,34.45,32.5,33.89,34.45,32.26,,33.89,,,2943,97185,17,F1,1,,,,,
10-07-2026,10-07-2026,CM,BSE,STK,539799,INE316L01019,BHARATWIRE,B,,,,,Bharat Wire Ropes Limited,219.45,219.45,213.7,216.15,216.1,215.55,,216.35,,,6915,1495660,204,F1,1,,,,,
10-07-2026,10-07-2026,CM,BSE,STK,539800,INE043U01010,CHDCHEM,X,,,,,CHD Chemicals Limited,5.21,5.21,5.16,5.16,5.16,5.16,,5.16,,,4153,21471,13,F1,1,,,,,
10-07-2026,10-07-2026,CM,BSE,STK,539807,INE483S01020,CCAVENUE,A,,,,,AvenuesAI Limited,17.45,18.57,17.33,18.06,18.06,17.13,,18.1,,,3597228,64730308,9259,F1,1,,,,,
10-07-2026,10-07-2026,CM,BSE,STK,539814,INE204S01012,LELAVOIR,X,,,,,LE LAVOIR LIMITED,89.1,89.1,89.1,89.1,89.1,93.75,,89.1,,,549,48915,27,F1,1,,,,,
10-07-2026,10-07-2026,CM,BSE,STK,539834,INE119R01014,BALGOPAL,X,,,,,Balgopal Commercial limited,184.65,184.8,184.65,184.8,184.8,191.45,,184.8,,,45,8315,3,F1,1,,,,,
10-07-2026,10-07-2026,CM,BSE,STK,539835,INE574R01028,SUPERIOR,X,,,,,Superior Finlease Limited,2.05,2.08,2.05,2.07,2.07,1.99,,2.07,,,15352,31903,18,F1,1,,,,,
10-07-2026,10-07-2026,CM,BSE,STK,539837,INE912T01018,RPEL,B,,,,,RAGHAV PRODUCTIVITY ENHANCERS,1310,1310,1287.9,1294.4,1301.1,1286.25,,1294.7,,,1655,2146138,132,F1,1,,,,,
10-07-2026,10-07-2026,CM,BSE,STK,539841,INE359U01028,LANCER,X,,,,,Lancer Container Lines Limited,11,11.4,10.41,10.72,10.73,10.76,,10.72,,,389007,4164715,797,F1,1,,,,,
10-07-2026,10-07-2026,CM,BSE,STK,539843,INE395U01014,NINSYS,T,,,,,NINtec Systems Limited,916.9,916.9,882,895.85,895.85,912.35,,884.25,,,198,177689,33,F1,1,,,,,
10-07-2026,10-07-2026,CM,BSE,STK,539854,INE115S01010,HALDER,B,,,,,Halder Venture Limited,234,234.95,232.95,234.95,234.95,229.7,,233.73,,,6010,1405308,29,F1,1,,,,,
10-07-2026,10-07-2026,CM,BSE,STK,539864,INE009U01011,GHUSHINE,M,,,,,Ghushine Fintrrade Ocean Limit,21.5,21.5,21.5,21.5,21.5,21.05,,21.5,,,5000,107500,1,F1,5000,,,,,
10-07-2026,10-07-2026,CM,BSE,STK,539871,INE594H01019,THYROCARE,B,,,,,Thyrocare Technologies Limited,545.7,545.7,511.7,515.75,516,534.5,,515.7,,,16668,8718390,585,F1,1,,,,,
10-07-2026,10-07-2026,CM,BSE,STK,539872,INE411U01027,BAJAJHCARE,B,,,,,Bajaj Healthcare Limited,355.55,356,345.25,348.7,346.75,349.85,,348.7,,,7322,2577551,175,F1,1,,,,,
10-07-2026,10-07-2026,CM,BSE,STK,539876,INE299U01018,CROMPTON,A,,,,,Crompton Greaves Consumer Elec,259.65,264.3,259.65,261.65,262,258.95,,261.7,,,35455,9304529,781,F1,1,,,,,
10-07-2026,10-07-2026,CM,BSE,STK,539883,INE417C01014,PILANIINVS,B,,,,,Pilani Investment And Industri,4370.8,4523,4370.8,4481.7,4481.7,4406,,4434.5,,,304,1359927,103,F1,1,,,,,
10-07-2026,10-07-2026,CM,BSE,STK,539884,INE671T01028,DARSHANORNA,X,,,,,Darshan Orna Limited,2.23,2.26,2.22,2.23,2.25,2.23,,2.23,,,23682,53128,59,F1,1,,,,,
10-07-2026,10-07-2026,CM,BSE,STK,539889,INE883N01014,PARAGMILK,B,,,,,Parag Milk Foods Limited,230.7,233.3,229.85,231.75,231,228.65,,231.72,,,19200,4442873,357,F1,1,,,,,
10-07-2026,10-07-2026,CM,BSE,STK,539894,INE631R01026,MADHAVIPL,B,,,,,Madhav Infra Projects Limited,7.77,8.57,7.77,8.36,8.37,8.37,,8.37,,,40928,340495,138,F1,1,,,,,
10-07-2026,10-07-2026,CM,BSE,STK,539895,INE631E01024,SPICELOUNG,B,,,,,SPICE LOUNGE FOOD WORKS LIMITE,24.54,25.37,23.71,24.4,24.89,24.67,,24.4,,,34164,836625,368,F1,1,,,,,
10-07-2026,10-07-2026,CM,BSE,STK,539900,INE642P01019,DIDL,X,,,,,DALMIA INDUSTRIAL DEVELOPMENT,10.5,10.71,9.79,10.49,10.49,10.5,,10.49,,,1311,13391,17,F1,1,,,,,
10-07-2026,10-07-2026,CM,BSE,STK,539921,INE440T01028,SEIL,B,,,,,Shanti Educational Initiatives,223,227,218,220.15,219.05,221.2,,220.26,,,180559,40300152,2433,F1,1,,,,,
10-07-2026,10-07-2026,CM,BSE,STK,539922,INE364S01014,RGIL,XT,,,,,Rotographics (India) Limited,267.15,267.15,267.15,267.15,267.15,261.95,,267.15,,,106,28317,7,F1,1,,,,,
10-07-2026,10-07-2026,CM,BSE,STK,539927,INE920T01011,LIKHAMI,X,,,,,LIKHAMI CONSULTING LIMITED,302,302,302,302,302,301.8,,302,,,1,302,1,F1,1,,,,,
10-07-2026,10-07-2026,CM,BSE,STK,539938,INE858Q01019,MIL,X,,,,,Medico Intercontinental Limite,28.9,28.9,27.8,28.07,28.2,27.7,,28.07,,,114,3200,13,F1,1,,,,,
10-07-2026,10-07-2026,CM,BSE,STK,539939,INE571U01010,YASHCHEM,X,,,,,Yash Chemex Limited,52.1,52.35,49.99,50.1,50,52.1,,50.1,,,1898,95303,22,F1,1,,,,,
10-07-2026,10-07-2026,CM,BSE,STK,539945,INF109KC11V0,NV20IETF,B,,,,,ICICI Prudential NV20 ETF,13.22,13.8,13.22,13.72,13.7,13.56,,13.76,,,48342,664702,389,F1,1,,,,,
10-07-2026,10-07-2026,CM,BSE,STK,539946,INE217E01014,BAZELINTER,X,,,,,Bazel International Limited,19,19,17.5,18.75,18.75,19,,18.75,,,3826,70928,32,F1,1,,,,,
10-07-2026,10-07-2026,CM,BSE,STK,539947,INE919T01013,JLL,XT,,,,,JINDAL LEASEFIN LIMITED,151.85,151.85,151.85,151.85,151.85,144.65,,151.85,,,2105,319644,11,F1,1,,,,,
10-07-2026,10-07-2026,CM,BSE,STK,539956,INE524T01011,TAALTECH,B,,,,,TAAL TECH LIMITED,3868.3,3900,3823.8,3824,3824,3867.6,,3824.1,,,186,717008,64,F1,1,,,,,
10-07-2026,10-07-2026,CM,BSE,STK,539957,INE002S01010,MGL,A,,,,,Mahanagar Gas Limited,1123.4,1130,1120.4,1126,1125,1123.4,,1126.3,,,4768,5365798,474,F1,1,,,,,
10-07-2026,10-07-2026,CM,BSE,STK,539963,INE819S01025,ZEAL,XT,,,,,Zeal Aqua Limited,11.71,11.71,10.88,11.59,11.58,11.39,,11.59,,,84889,959511,210,F1,1,,,,,
10-07-2026,10-07-2026,CM,BSE,STK,539978,INE615P01015,QUESS,A,,,,,Quess Corp Limited,304.95,304.95,286.25,288.05,288,293.75,,288.15,,,13518,3925517,375,F1,1,,,,,
10-07-2026,10-07-2026,CM,BSE,STK,539979,INE731U01028,DIGJAMLMTD,B,,,,,DIGJAM LIMITED,42.25,45.9,42.25,45.78,45.78,44.94,,45.62,,,3348,146482,14,F1,1,,,,,
10-07-2026,10-07-2026,CM,BSE,STK,539980,INF109KC10W0,MIDSELIETF,B,,,,,ICICI Prudential BSE Midcap Se,19.27,19.39,19.13,19.35,19.35,19,,19.35,,,7188,138877,43,F1,1,,,,,
10-07-2026,10-07-2026,CM,BSE,STK,539986,INE073V01015,COMSYN,B,,,,,Commercial Syn Bags Limited,192,208.55,191.5,194.15,192.75,190.25,,193.94,,,59148,11720747,1288,F1,1,,,,,
10-07-2026,10-07-2026,CM,BSE,STK,539991,INE700F01024,CFEL,X,,,,,CONFIDENCE FUTURISTIC ENERGETE,37.35,37.38,36.35,36.53,36.52,36.82,,36.53,,,4899,179364,37,F1,1,,,,,
10-07-2026,10-07-2026,CM,BSE,STK,539992,INE093R01011,LLOYDSENGG,A,,,,,LLOYDS ENGINEERING WORKS LIMIT,86.42,90.91,85.14,90.59,90.59,85.32,,90.6,,,1309912,116081529,5415,F1,1,,,,,
10-07-2026,10-07-2026,CM,BSE,STK,539997,INE552U01010,KPL,B,,,,,Kwality Pharmaceuticals Limite,2648.2,2696.35,2576.1,2595.25,2614.2,2617.6,,2599,,,2319,6076669,605,F1,1,,,,,
10-07-2026,10-07-2026,CM,BSE,STK,540005,INE214T01019,LTM,A,,,,,LTM LIMITED,3900,4079,3899.95,4041.15,4041.15,3852.85,,4037.2,,,28767,114777410,3947,F1,1,,,,,
10-07-2026,10-07-2026,CM,BSE,STK,540006,INE595R01023,EASTWEST,XT,,,,,EAST WEST FREIGHT CARRIERS LTD,2.42,2.55,2.42,2.49,2.49,2.47,,2.49,,,34380,86039,67,F1,1,,,,,
10-07-2026,10-07-2026,CM,BSE,STK,540008,INF209KB10E8,BSLSENETFG,A,,,,,Aditya Birla Sun Life BSE Sens,77.99,78.65,77.73,78.03,78.03,76.91,,77.93,,,136,10628,20,F1,1,,,,,
10-07-2026,10-07-2026,CM,BSE,STK,540023,INE621I01042,COLORCHIPS,X,,,,,COLORCHIPS NEW MEDIA LIMITED,11.27,12.59,11.27,11.98,11.82,11.66,,11.98,,,5025,60594,43,F1,1,,,,,
10-07-2026,10-07-2026,CM,BSE,STK,540025,INE837H01020,ADVENZYMES,B,,,,,Advanced Enzyme Technologies L,330.8,332.5,324.8,329.7,329.7,324.4,,329.85,,,9422,3098139,356,F1,1,,,,,
10-07-2026,10-07-2026,CM,BSE,STK,540026,INE213U01019,LAHL,X,,,,,Ladam Affortable Housing Limit,7.15,7.15,6.58,7,7,7.17,,7,,,567,3792,8,F1,1,,,,,
10-07-2026,10-07-2026,CM,BSE,STK,540047,INE917M01012,DBL,A,,,,,Dilip Buildcon Limited,425.25,430.05,424.55,425.8,424.7,423.65,,426.3,,,1729,738280,94,F1,1,,,,,
10-07-2026,10-07-2026,CM,BSE,STK,540048,INE212I01016,SPAL,B,,,,,S.P. Apparels Limited,1185.1,1186.45,1150.2,1164.75,1158.7,1176.35,,1159.9,,,6632,7729057,394,F1,1,,,,,
10-07-2026,10-07-2026,CM,BSE,STK,540061,INE412U01025,BIGBLOC,B,,,,,Bigbloc Construction Limited,46.9,48,46.86,47.81,47.95,47.19,,47.78,,,3102,147672,119,F1,1,,,,,
10-07-2026,10-07-2026,CM,BSE,STK,540062,INE222U01010,GOLDENCREST,X,,,,,Golden Crest Education & Servi,373.5,373.5,373.5,373.5,373.5,373.5,,373.5,,,1,373,1,F1,1,,,,,
10-07-2026,10-07-2026,CM,BSE,STK,540063,INE925Q01024,ECS,XT,,,,,ECS Biztech Limited,11.22,12.02,11.22,11.99,12.02,11.45,,11.99,,,31702,375774,29,F1,1,,,,,
10-07-2026,10-07-2026,CM,BSE,STK,540065,INE976G01028,RBLBANK,A,,,,,RBL Bank Limited,364.55,381.6,364.55,380.7,380.7,362.85,,380.65,,,455400,171574882,5627,F1,1,,,,,
10-07-2026,10-07-2026,CM,BSE,STK,540066,INE345U01019,AMS,XT,,,,,AMS POLYMERS LIMITED,42.7,42.7,42.65,42.7,42.7,40.7,,42.7,,,655,27950,5,F1,1,,,,,
10-07-2026,10-07-2026,CM,BSE,STK,540073,INE153T01027,BLS,A,,,,,BLS International Services Ltd,234.5,238.8,233.55,237.3,237.3,234.85,,237.15,,,238022,56313231,2995,F1,1,,,,,
10-07-2026,10-07-2026,CM,BSE,STK,540078,INE317V01016,MITSU,XT,,,,,Mitsu Chem Plast Limited,143.4,143.5,140,140.2,140.2,140.05,,140.2,,,5588,788959,87,F1,1,,,,,
10-07-2026,10-07-2026,CM,BSE,STK,540079,INE537U01037,SPRAYKING,B,,,,,Sprayking Limited,1.27,1.29,1.26,1.28,1.28,1.27,,1.28,,,154787,197737,201,F1,1,,,,,
10-07-2026,10-07-2026,CM,BSE,STK,540080,INE715T01031,DHATRE,X,,,,,Dhatre Udyog Limited,4.37,4.37,4,4.16,4.18,4.12,,4.16,,,67124,275153,177,F1,1,,,,,
10-07-2026,10-07-2026,CM,BSE,STK,540081,INE860T01019,SABEVENTS,T,,,,,Sab Events & Governance Now Me,9.64,9.64,8.74,9.64,9.64,9.19,,9.42,,,8759,84328,21,F1,1,,,,,
10-07-2026,10-07-2026,CM,BSE,STK,540083,INE871L01013,TVVISION,B,,,,,TV VISION LIMITED,5.27,5.29,4.75,5.23,5,5.29,,5.09,,,17696,86963,28,F1,1,,,,,
10-07-2026,10-07-2026,CM,BSE,STK,540097,INE890S01026,GAMCO,X,,,,,GAMCO LIMITED,49.51,49.51,48.65,49.15,49.15,49.36,,49.15,,,16736,821239,119,F1,1,,,,,
10-07-2026,10-07-2026,CM,BSE,STK,540115,INE010V01017,LTTS,A,,,,,L&T Technology Services Limite,3248.5,3290.75,3233.75,3277.85,3275,3217.3,,3278.2,,,3521,11489382,451,F1,1,,,,,
10-07-2026,10-07-2026,CM,BSE,STK,540124,INE934S01014,GNA,B,,,,,G N A Axles Limited,476.1,478,457.5,475.4,476,467.65,,475.4,,,8811,4101379,472,F1,1,,,,,
10-07-2026,10-07-2026,CM,BSE,STK,540125,INE583V01021,RADHIKAJWE,B,,,,,Radhika Jeweltech Limited,63.65,64.32,61.84,62.5,62.16,63.55,,62.36,,,113010,7130468,1152,F1,1,,,,,
10-07-2026,10-07-2026,CM,BSE,STK,540132,INE400R01018,SIIL,X,,,,,Sabrimala Industries India Lim,12.4,12.4,11.09,11.34,11.34,10.87,,11.34,,,27116,317493,125,F1,1,,,,,
10-07-2026,10-07-2026,CM,BSE,STK,540133,INE726G01019,ICICIPRULI,A,,,,,ICICI Prudential Life Insuranc,492,515,491.95,510.3,510.5,490.45,,510.35,,,84722,42759435,2810,F1,1,,,,,
10-07-2026,10-07-2026,CM,BSE,STK,540134,INE818R01011,IISL,XT,,,,,ISHAAN INFRASTRUCTURE AND SHEL,15.66,15.73,15.66,15.73,15.73,15.73,,15.73,,,160,2510,9,F1,1,,,,,
10-07-2026,10-07-2026,CM,BSE,STK,540135,INE202R01026,ARCFIN,X,,,,,ARC Finance Limited,0.51,0.52,0.51,0.51,0.51,0.51,,0.51,,,748669,385134,521,F1,1,,,,,
10-07-2026,10-07-2026,CM,BSE,STK,540136,INE495S01016,HPL,B,,,,,HPL Electric & Power Limited,344.5,358.15,344.5,356.25,356.5,344.5,,356.65,,,19372,6843182,525,F1,1,,,,,
10-07-2026,10-07-2026,CM,BSE,STK,540143,INE184B01012,SAGARSOFT,X,,,,,Sagarsoft (India) Limited,69.5,70.9,69.5,70.37,70.5,65,,70.37,,,1524,106799,12,F1,1,,,,,
10-07-2026,10-07-2026,CM,BSE,STK,540145,INE565V01010,VALIANTORG,T,,,,,Valiant Organics Limited,276,276,270.25,270.25,270.25,276,,279.05,,,148,40779,2,F1,1,,,,,
10-07-2026,10-07-2026,CM,BSE,STK,540146,INE427V01013,ACML,M,,,,,ADITYA CONSUMER MARKETING LIMI,32.11,32.11,32,32,32,32,,32,,,2000,64110,2,F1,1000,,,,,
10-07-2026,10-07-2026,CM,BSE,STK,540147,INE700V01021,SHASHIJIT,X,,,,,Shashijit Infraprojects Limite,2.22,2.23,2.15,2.15,2.15,2.17,,2.15,,,3582,7843,14,F1,1,,,,,
10-07-2026,10-07-2026,CM,BSE,STK,540153,INE913H01037,ENDURANCE,A,,,,,Endurance Technologies Limited,2720.85,2741.5,2664.55,2686.05,2683,2706.9,,2686.4,,,6090,16450383,745,F1,1,,,,,
10-07-2026,10-07-2026,CM,BSE,STK,540154,INF194KA1T91,IDFSENSEXE,A,,,,,Bandhan Mutual Fund,839.43,844.6,839.43,843.95,843.95,840,,843.95,,,15,12606,3,F1,1,,,,,
10-07-2026,10-07-2026,CM,BSE,STK,540159,INE905R01016,PURPLE,X,,,,,PURPLE AGROTECH INDUSTRIES LIM,5.89,5.89,5.6,5.6,5.6,5.89,,5.6,,,2282,13439,2,F1,1,,,,,
10-07-2026,10-07-2026,CM,BSE,STK,540168,INE268T01015,SUPRAPFSL,X,,,,,Supra Pacific Financial Servic,33.99,34.04,32.61,34,34.04,32.75,,34,,,74273,2517312,690,F1,1,,,,,
10-07-2026,10-07-2026,CM,BSE,STK,540173,INE572E01012,PNBHOUSING,A,,,,,PNB Housing Finance Limited,1091.35,1119,1087.85,1110.45,1110,1084.85,,1110.6,,,47972,53152561,3645,F1,1,,,,,
10-07-2026,10-07-2026,CM,BSE,STK,540174,INE298B01010,SOUTHERNIN,X,,,,,SOUTHERN INFOCONSULTANTS LIMIT,23.15,23.15,22.04,23.05,23.05,22.61,,23.05,,,1243,28461,15,F1,1,,,,,
10-07-2026,10-07-2026,CM,BSE,STK,540175,INE964R01013,REGENCY,XT,,,,,REGENCY FINCORP LIMITED,38.49,39.85,38.25,38.69,38.7,38.49,,38.69,,,31899,1241204,122,F1,1,,,,,
10-07-2026,10-07-2026,CM,BSE,STK,540180,INE200M01039,VBL,A,,,,,Varun Beverages Limited,485,487.8,476,478.15,478.15,481.3,,478.1,,,315907,151610066,3880,F1,1,,,,,
10-07-2026,10-07-2026,CM,BSE,STK,540181,INE894E01028,SALEM,X,,,,,Salem Erode Investments Ltd.,36.7,37.99,35.01,37.99,37.99,38.99,,37.99,,,12,451,3,F1,1,,,,,
10-07-2026,10-07-2026,CM,BSE,STK,540189,INE448F01012,UPROTECH,X,,,,,Unipro Technologies Limited,13,13.2,12.01,12.13,13.2,12.59,,12.13,,,1174,14557,18,F1,1,,,,,
10-07-2026,10-07-2026,CM,BSE,STK,540190,INE789R01022,FRANKLININD,XT,,,,,Franklin Industries Limited,0.36,0.37,0.36,0.36,0.37,0.36,,0.36,,,1233030,452585,420,F1,1,,,,,
10-07-2026,10-07-2026,CM,BSE,STK,540192,INE341H01023,LKPSEC,XT,,,,,LKP Securities Limited,17.05,17.27,17.02,17.2,17.2,17.02,,17.2,,,9572,163613,38,F1,1,,,,,
10-07-2026,10-07-2026,CM,BSE,STK,540198,INE186R01013,OSIAJEE,X,,,,,OSIAJEE TEXFAB LIMITED,380,380,341.1,351.75,351.75,397.5,,351.75,,,109363,39302379,1446,F1,1,,,,,
10-07-2026,10-07-2026,CM,BSE,STK,540199,INE850R01014,CMBL,X,,,,,Corporate Merchant Bankers Lim,50,50,49.5,49.5,49.5,49.17,,49.5,,,153,7604,3,F1,1,,,,,
10-07-2026,10-07-2026,CM,BSE,STK,540203,INE916U01025,SFL,A,,,,,Sheela Foam Limited,752.3,773.95,748,765.8,773.15,753,,765.3,,,7813,5937921,402,F1,1,,,,,
10-07-2026,10-07-2026,CM,BSE,STK,540204,INE666Q01016,EIKO,X,,,,,EIKO LIFESCIENCES LIMITED,50,50.2,49,49.2,49.2,49.37,,49.2,,,8764,431853,74,F1,1,,,,,
10-07-2026,10-07-2026,CM,BSE,STK,540205,INE679V01027,AVL,A,,,,,Aditya Vision Limited,635,646.7,634,635.7,640,632.65,,635.8,,,5435,3477780,284,F1,1,,,,,
10-07-2026,10-07-2026,CM,BSE,STK,540210,INE759V01019,HEADSUP,B,,,,,Heads UP Ventures Limited,7.1,7.1,6.52,6.77,6.81,6.86,,6.87,,,6048,40767,14,F1,1,,,,,
10-07-2026,10-07-2026,CM,BSE,STK,540212,INE586V01016,TCIEXP,B,,,,,TCI Express Limited,560.55,576.9,543.05,559.4,560,553.8,,559.75,,,19871,11047694,881,F1,1,,,,,
10-07-2026,10-07-2026,CM,BSE,STK,540222,INE947Q01028,LAURUSLABS,A,,,,,Laurus Labs Limited,1522.9,1547.8,1506.2,1538.25,1534,1503.2,,1537.8,,,39981,61225923,2582,F1,1,,,,,
10-07-2026,10-07-2026,CM,BSE,STK,540243,INE835U01027,NEWLIGHT,X,,,,,NEW LIGHT INDUSTRIES LIMITED,1.34,1.34,1.25,1.28,1.28,1.29,,1.28,,,37365,47616,101,F1,1,,,,,
10-07-2026,10-07-2026,CM,BSE,STK,540252,INE607V01028,VSL,B,,,,,Viram Suvarn Limited,10.03,10.45,9.74,10.06,10.06,10.02,,10.06,,,711201,7089524,498,F1,1,,,,,
10-07-2026,10-07-2026,CM,BSE,STK,540254,INE245H01018,MTPL,XT,,,,,MARG TECHNO PROJECTS LIMITED,13.39,14.05,13.39,14.05,14.05,13.39,,14.05,,,20403,285461,31,F1,1,,,,,
10-07-2026,10-07-2026,CM,BSE,STK,540259,INE118R01032,SHANGAR,X,,,,,SHANGAR DECOR LIMITED,0.22,0.24,0.22,0.24,0.24,0.23,,0.24,,,3253669,762424,228,F1,1,,,,,
10-07-2026,10-07-2026,CM,BSE,STK,540266,INE804Q01013,GLCL,XT,,,,,Globe Commercials Limited,19.97,19.97,18.87,19.65,19.73,19.58,,19.65,,,8982,175566,81,F1,1,,,,,
10-07-2026,10-07-2026,CM,BSE,STK,540268,INE615R01029,TRU,B,,,,,TruCap Finance Limited,5.52,5.52,5.4,5.4,5.4,5.41,,5.38,,,3161,17114,38,F1,1,,,,,
10-07-2026,10-07-2026,CM,BSE,STK,540293,INE726V01018,PRICOLLTD,A,,,,,Pricol Limited,618.75,629.75,618.75,628.2,628.2,618.75,,627.3,,,37051,23164980,1072,F1,1,,,,,
10-07-2026,10-07-2026,CM,BSE,STK,540311,INE863T01013,JITFINFRA,B,,,,,JITF INFRALOGISTICS LIMITED,309.8,324.55,309.8,324.55,324.55,295.05,,325.1,,,1022,329742,17,F1,1,,,,,
10-07-2026,10-07-2026,CM,BSE,STK,540332,INE978V01015,TANVI,M,,,,,Tanvi Foods (India) Limited,60,60.05,60,60.05,60.05,60,,60.05,,,10000,600250,10,F1,1000,,,,,
10-07-2026,10-07-2026,CM,BSE,STK,540358,INE655V01019,RMC,B,,,,,RMC SWITCHGEARS LIMITED,306.6,310.75,300.3,301,300.3,308.15,,301.45,,,4186,1281822,223,F1,1,,,,,
10-07-2026,10-07-2026,CM,BSE,STK,540359,INE240T01014,PARMAX,XT,,,,,Parmax Pharma Limited,91.48,91.48,91.48,91.48,91.48,89.69,,91.48,,,10735,982037,24,F1,1,,,,,
10-07-2026,10-07-2026,CM,BSE,STK,540360,INE715Q01029,LLFICL,T,,,,,LEADING LEASING FINANCE AND IN,1.28,1.28,1.24,1.26,1.27,1.28,,1.26,,,1236537,1560557,363,F1,1,,,,,
10-07-2026,10-07-2026,CM,BSE,STK,540361,INE575D01041,DANUBE,XT,,,,,DANUBE INDUSTRIES LIMITED,5.72,6.28,5.72,6.07,6.07,5.99,,6.07,,,175040,1050945,276,F1,1,,,,,
10-07-2026,10-07-2026,CM,BSE,STK,540366,INE919I01024,RADIOCITY,B,,,,,Music Broadcast Limited,6.02,6.14,5.91,6.01,6.02,6.01,,6,,,4560,27425,44,F1,1,,,,,
10-07-2026,10-07-2026,CM,BSE,STK,540376,INE192R01011,DMART,A,,,,,Avenue Supermarts Limited,4080.95,4101.45,4030,4083.05,4083.05,4079.2,,4081.1,,,11467,46670099,2249,F1,1,,,,,
10-07-2026,10-07-2026,CM,BSE,STK,540377,INE714U01024,IFL,B,,,,,IFL ENTERPRISES LIMITED,0.39,0.39,0.37,0.38,0.38,0.39,,0.38,,,2209585,841610,583,F1,1,,,,,
10-07-2026,10-07-2026,CM,BSE,STK,540386,INE989S01042,ONTIC,XT,,,,,Ontic Finserve Limited,1.88,1.95,1.88,1.95,1.95,1.97,,1.95,,,566968,1075342,241,F1,1,,,,,
10-07-2026,10-07-2026,CM,BSE,STK,540393,INE017W01010,SMLT,B,,,,,Sarthak Metals Limited,68.65,68.8,67.6,67.6,67.6,67.5,,67.92,,,970,66143,23,F1,1,,,,,
10-07-2026,10-07-2026,CM,BSE,STK,540395,INE298W01016,CHEMCRUX,B,,,,,Chemcrux Enterprises Limited,87.14,91.6,87,90.21,89,87.06,,90.21,,,4814,429283,99,F1,1,,,,,
10-07-2026,10-07-2026,CM,BSE,STK,540396,INE784W01015,MANOMAY,B,,,,,Manomay Tex India Limited,177.25,178.5,174,174.2,174.2,179.95,,174.55,,,403,70857,48,F1,1,,,,,
10-07-2026,10-07-2026,CM,BSE,STK,540401,INE544W01021,MAXIMUS,X,,,,,Maximus International Limited,13.4,13.5,13.01,13.39,13.42,13.33,,13.39,,,41131,548910,121,F1,1,,,,,
10-07-2026,10-07-2026,CM,BSE,STK,540403,INE201M01029,CLEDUCATE,T,,,,,CL Educate Limited,57.42,57.42,57.03,57.42,57.42,56.3,,58.39,,,1371,78683,8,F1,1,,,,,
10-07-2026,10-07-2026,CM,BSE,STK,540404,INE442V01012,PRIMEFRESH,B,,,,,PRIME FRESH LIMITED,217.5,217.9,212.15,214.65,213.1,215,,214.65,,,3037,648456,54,F1,1,,,,,
10-07-2026,10-07-2026,CM,BSE,STK,540405,INE711V01010,OCEANIC,X,,,,,Oceanic Foods Limited,57.49,57.49,54.9,56.07,56.5,55.42,,56.07,,,1006,55508,20,F1,1,,,,,
10-07-2026,10-07-2026,CM,BSE,STK,540425,INE274V01019,SHANKARA,T,,,,,Shankara Building Products Lim,132.3,132.3,128.6,130.9,130.9,129.1,,130.73,,,1145,149641,16,F1,1,,,,,
10-07-2026,10-07-2026,CM,BSE,STK,540455,INE953W01016,ESCORP,B,,,,,Escorp Asset Management Limite,100,102.85,100,102.85,102.85,100,,102.85,,,1214,122813,14,F1,1,,,,,
10-07-2026,10-07-2026,CM,BSE,STK,540467,INE808R01012,PARMSILK,XT,,,,,PARMESHWARI SILK MILLS LIMITED,449.9,449.9,449,449.9,449.9,428.5,,449.9,,,3174,1427697,95,F1,1,,,,,
10-07-2026,10-07-2026,CM,BSE,STK,540481,INE949C01016,CLFL,X,,,,,Classic Leasing & Finance Ltd.,57.38,57.38,57.38,57.38,57.38,54.65,,57.38,,,54,3098,4,F1,1,,,,,
10-07-2026,10-07-2026,CM,BSE,STK,540492,INE594W01042,STARLENT,T,,,,,STARLINEPS ENTERPRISES LIMITED,10.84,11.25,10.52,11.15,11.19,10.84,,11.15,,,369491,4080622,304,F1,1,,,,,
10-07-2026,10-07-2026,CM,BSE,STK,540497,INE807K01035,SCHAND,B,,,,,S Chand And Company Limited,148.2,149,148.2,148.9,148.5,148.2,,149.01,,,1122,167110,136,F1,1,,,,,
10-07-2026,10-07-2026,CM,BSE,STK,540519,INE343X01026,MEERA,T,,,,,Meera Industries Limited,46.99,46.99,46.5,46.99,46.99,46.5,,46.99,,,818,38425,18,F1,1,,,,,
10-07-2026,10-07-2026,CM,BSE,STK,540526,INE183W23014,IRBINVIT,IF,,,,,IRB InvIT Fund,62.14,62.14,61.75,61.96,61.92,61.71,,61.97,,,5032830,312020276,576,F1,1,,,,,
10-07-2026,10-07-2026,CM,BSE,STK,540530,INE031A01017,HUDCO,A,,,,,Housing &Urban Development Cor,205.3,208.9,205.3,207.05,207.05,204.9,,206.97,,,214842,44565072,3496,F1,1,,,,,
10-07-2026,10-07-2026,CM,BSE,STK,540544,INE488V01015,PSPPROJECT,B,,,,,PSP Projects Limited,1076.7,1084.35,1063.1,1068.6,1068.8,1069.1,,1069.2,,,2517,2699462,161,F1,1,,,,,
10-07-2026,10-07-2026,CM,BSE,STK,540545,INE986W01016,GKL,X,,,,,GURU KRUPA GEMS AND JEWELLERY,35.45,36.25,35.45,35.45,35.45,37.31,,35.45,,,40906,1452669,72,F1,1,,,,,
10-07-2026,10-07-2026,CM,BSE,STK,540565,INE219X23014,INDIGRID,IF,,,,,IndiGrid Infrastructure Trust,180.4,180.4,178.57,179.58,179.68,178.55,,179.49,,,60063,10788692,600,F1,1,,,,,
10-07-2026,10-07-2026,CM,BSE,STK,540570,INE717F01028,VARIMAN,XT,,,,,VARIMAN GLOBAL ENTERPRISES LIM,4.01,4.33,4.01,4.3,4.3,4.13,,4.3,,,124137,533168,86,F1,1,,,,,
10-07-2026,10-07-2026,CM,BSE,STK,540575,INE460H01021,STARCEMENT,A,,,,,Star Cement Limited,205,206.55,204.4,205,205.1,204.7,,205.26,,,8637,1773952,138,F1,1,,,,,
10-07-2026,10-07-2026,CM,BSE,STK,540590,INE325X01015,RIDDHICORP,X,,,,,Riddhi Corporate Services Limi,59.3,60.95,58.05,59,58.08,59.27,,59,,,860,50892,14,F1,1,,,,,
10-07-2026,10-07-2026,CM,BSE,STK,540595,INE010J01012,TEJASNET,A,,,,,Tejas Networks Limited,545,570,545,564.3,564.3,542.45,,564.65,,,189857,105969922,3623,F1,1,,,,,
10-07-2026,10-07-2026,CM,BSE,STK,540596,INE406M01024,ERIS,A,,,,,Eris Lifesciences Limited,1417,1449.3,1417,1428.7,1431,1431.4,,1431.1,,,2950,4236995,292,F1,1,,,,,
10-07-2026,10-07-2026,CM,BSE,STK,540597,INE319U01022,CONTAINER,X,,,,,Containerway International Lim,16.3,16.3,15,16,16,15.33,,16,,,2489,39391,20,F1,1,,,,,
10-07-2026,10-07-2026,CM,BSE,STK,540602,INE869I01013,GTPL,B,,,,,GTPL Hathway Limited,60,61.55,59.92,61.45,61,59.92,,61.31,,,3443,209872,75,F1,1,,,,,
10-07-2026,10-07-2026,CM,BSE,STK,540611,INE949L01017,AUBANK,A,,,,,AU Small Finance Bank Limited,1051.05,1079.9,1051.05,1072.35,1072.35,1047.4,,1072.1,,,277064,297090936,145012,F1,1,,,,,
10-07-2026,10-07-2026,CM,BSE,STK,540612,INF109KC19U5,LOWVOLIETF,B,,,,,ICICI Prudential Nifty Low Vol,22.1,22.19,22.06,22.12,22.18,21.98,,22.14,,,13824,305806,250,F1,1,,,,,
10-07-2026,10-07-2026,CM,BSE,STK,540613,INE721X01023,GEL,M,,,,,Gautam Exim Limited,32,32.45,32,32.45,32.45,32,,32.45,,,21000,673350,4,F1,3000,,,,,
10-07-2026,10-07-2026,CM,BSE,STK,540615,INE413X01035,7NR,XT,,,,,7NR Retail Limited,5.7,5.79,5.5,5.53,5.6,5.57,,5.53,,,42138,241802,100,F1,1,,,,,
10-07-2026,10-07-2026,CM,BSE,STK,540642,INE170V01027,SALASAR,B,,,,,Salasar Techno Engineering Lim,6.11,6.19,6.1,6.18,6.18,6.13,,6.18,,,324110,1994410,1214,F1,1,,,,,
10-07-2026,10-07-2026,CM,BSE,STK,540647,INE335W01016,GANGESSECU,B,,,,,Ganges Securities Ltd.,119.9,119.9,114.1,116.15,116.15,115.1,,117.27,,,1001,117116,3,F1,1,,,,,
10-07-2026,10-07-2026,CM,BSE,STK,540648,INE471W01019,PALASHSECU,B,,,,,Palash Securities Limited,96,96,91,92,92,92,,92.58,,,775,71619,61,F1,1,,,,,
10-07-2026,10-07-2026,CM,BSE,STK,540649,INE349W01017,AVADHSUGAR,T,,,,,AVADH SUGAR & ENERGY LIMITED,518,526,518,522.6,526,512.05,,525.4,,,307,159448,16,F1,1,,,,,
10-07-2026,10-07-2026,CM,BSE,STK,540650,INE347W01011,MAGADSUGAR,B,,,,,Magadh Sugar & Energy Limited,508.2,511.85,501.35,506,506,505.05,,506.75,,,1333,675089,160,F1,1,,,,,
10-07-2026,10-07-2026,CM,BSE,STK,540654,INE632W01016,GSTL,XT,,,,,GlobalSpace Technologies Limit,26.79,26.79,25.15,26.35,26.35,25.62,,26.35,,,8879,230628,41,F1,1,,,,,
10-07-2026,10-07-2026,CM,BSE,STK,540669,INF789F1AUW9,NEXT50BETA,B,,,,,UTI Mutual Fund,77.44,78.04,77.31,77.9,77.9,77.21,,77.86,,,3264,253915,39,F1,1,,,,,
10-07-2026,10-07-2026,CM,BSE,STK,540673,INE285J01028,SIS,B,,,,,SIS LIMITED,438.85,444,433.05,435.4,434.45,438.05,,435.5,,,8865,3897755,405,F1,1,,,,,
10-07-2026,10-07-2026,CM,BSE,STK,540678,INE704P01025,COCHINSHIP,A,,,,,Cochin Shipyard Limited,1417,1443.4,1415,1418,1418,1406.55,,1418,,,77653,110569836,2903,F1,1,,,,,
10-07-2026,10-07-2026,CM,BSE,STK,540679,INE320X01016,HALEOSLABS,B,,,,,HALEOS LABS LIMITED,1441,1665,1441,1646.95,1655,1552.95,,1599.2,,,38,61512,8,F1,1,,,,,
10-07-2026,10-07-2026,CM,BSE,STK,540680,INE880L01014,KIOCL,A,,,,,KIOCL Limited,380.95,389,379.85,381.05,381.05,376.75,,380.95,,,7919,3038414,257,F1,1,,,,,
10-07-2026,10-07-2026,CM,BSE,STK,540681,INE344X01016,CHOTHANI,M,,,,,CHOTHANI FOODS LIMITED,11.37,11.37,11.37,11.37,11.37,10.39,,11.37,,,2500,28425,1,F1,2500,,,,,
10-07-2026,10-07-2026,CM,BSE,STK,540686,INE172E01011,SMRUTHIORG,X,,,,,Smruthi Organics Limited,122.5,123.7,120.85,122.2,122.2,121.85,,122.2,,,1798,219421,25,F1,1,,,,,
10-07-2026,10-07-2026,CM,BSE,STK,540691,INE674K01013,ABCAPITAL,A,,,,,Aditya Birla Capital Ltd,399.35,409,399.35,408.25,408.25,397.45,,408.3,,,152348,61969308,3403,F1,1,,,,,
10-07-2026,10-07-2026,CM,BSE,STK,540692,INE346W01013,APEX,B,,,,,Apex Frozen Foods Limited,393,395.8,388.2,390.35,391.95,388.2,,390.5,,,4320,1690282,160,F1,1,,,,,
10-07-2026,10-07-2026,CM,BSE,STK,540693,INE145Y01023,SHISHIND,X,,,,,Shish Industries Limited,12.15,12.59,12.02,12.23,12.25,12.17,,12.23,,,259799,3173468,278,F1,1,,,,,
10-07-2026,10-07-2026,CM,BSE,STK,540694,INE236W01016,ANG,T,,,,,ANG Lifesciences India Limited,34.84,35.09,33.25,33.65,33.25,34.84,,33.65,,,974,33005,28,F1,1,,,,,
10-07-2026,10-07-2026,CM,BSE,STK,540696,INE185U01035,KCDGROUP,X,,,,,KCD INDUSTRIES INDIA LIMITED,3.91,3.99,3.72,3.97,3.97,3.92,,3.97,,,3880,15170,30,F1,1,,,,,
10-07-2026,10-07-2026,CM,BSE,STK,540699,INE935N01020,DIXON,A,,,,,Dixon Technologies (India) Lim,13762.1,14026.7,13378,13420.6,13420.6,13490,,13421,,,164586,2248149299,27367,F1,1,,,,,
10-07-2026,10-07-2026,CM,BSE,STK,540700,INE727S01012,BRNL,B,,,,,Bharat Road Network Limited,18.31,19,18.02,18.2,18.47,18.05,,18.19,,,1919,35515,33,F1,1,,,,,
10-07-2026,10-07-2026,CM,BSE,STK,540701,INE385W01011,DCAL,B,,,,,Dishman Carbogen Amcis Limited,194.15,199.4,192.95,195.8,195.7,192.65,,195.85,,,31444,6152424,475,F1,1,,,,,
10-07-2026,10-07-2026,CM,BSE,STK,540702,INE670X01014,LASA,B,,,,,Lasa Supergenerics Limited,7.57,7.6,7.21,7.44,7.5,7.54,,7.51,,,6867,50190,57,F1,1,,,,,
10-07-2026,10-07-2026,CM,BSE,STK,540703,INE438C01010,PROCLB,X,,,,,PRO CLB GLOBAL LIMITED,28,28,27.05,27.05,27.05,28.03,,27.05,,,503,13798,9,F1,1,,,,,
10-07-2026,10-07-2026,CM,BSE,STK,540704,INE866R01028,MATRIMONY,B,,,,,Matrimony.com Limited,428.3,437,422.15,436.9,437,417.9,,437,,,758,329346,277,F1,1,,,,,
10-07-2026,10-07-2026,CM,BSE,STK,540709,INE217K01011,RHFL,Z,,,,,Reliance Home Finance Limited,2.09,2.09,2.05,2.06,2.06,2.06,,2.04,,,190907,393964,158,F1,1,,,,,
10-07-2026,10-07-2026,CM,BSE,STK,540710,INE264T01014,CAPACITE,B,,,,,Capacit'e Infraprojects Limite,239.15,241.65,237.55,240.05,240.2,234.55,,240,,,9359,2242565,288,F1,1,,,,,
10-07-2026,10-07-2026,CM,BSE,STK,540716,INE765G01017,ICICIGI,A,,,,,ICICI Lombard General Insuranc,1794.6,1835,1794.6,1825.6,1822.5,1794.45,,1826.2,,,123540,223298929,1589,F1,1,,,,,
10-07-2026,10-07-2026,CM,BSE,STK,540717,INE689M01025,PQIF,X,,,,,Polo Queen Industrial and Fint,11.3,11.3,10.15,10.43,10.49,10.67,,10.43,,,121511,1285919,419,F1,1,,,,,
10-07-2026,10-07-2026,CM,BSE,STK,540718,INE777X01017,AAYUSHBULL,M,,,,,AAYUSH ART AND BULLION LIMITED,1161,1167,1159.5,1164.85,1162.5,1162.2,,1164.85,,,86250,100293850,488,F1,125,,,,,
10-07-2026,10-07-2026,CM,BSE,STK,540719,INE123W01016,SBILIFE,A,,,,,SBI Life Insurance Company Lim,1824.45,1866.3,1824.45,1863.15,1860,1821.65,,1862.9,,,33937,62920274,2160,F1,1,,,,,
10-07-2026,10-07-2026,CM,BSE,STK,540724,INE393P01035,DIAMONDYD,B,,,,,Prataap Snacks Limited,1208.4,1213.35,1185,1191.6,1191.6,1197.7,,1190.8,,,1093,1311520,39,F1,1,,,,,
10-07-2026,10-07-2026,CM,BSE,STK,540725,INE932X01026,SHAREINDIA,B,,,,,Share India Securities Limited,177.95,184.5,176.3,179.2,179.45,178.85,,179.34,,,229549,41210141,1895,F1,1,,,,,
10-07-2026,10-07-2026,CM,BSE,STK,540726,INE071Y01013,TTFL,X,,,,,Trident Texofab Limited,32.8,33.2,31.5,33.09,33.05,32.38,,33.09,,,7316,238838,67,F1,1,,,,,
10-07-2026,10-07-2026,CM,BSE,STK,540727,INE973X01012,POOJA,B,,,,,Poojawestern Metaliks Limited,17.7,17.7,17.07,17.59,17.65,17.25,,17.59,,,6976,121137,83,F1,1,,,,,
10-07-2026,10-07-2026,CM,BSE,STK,540728,INE327G01032,SAYAJIIND,X,,,,,Sayaji Industries Limited,104.95,108,104.15,107.95,107.95,104.35,,107.95,,,2372,253920,43,F1,1,,,,,
10-07-2026,10-07-2026,CM,BSE,STK,540730,INE062Y01020,MEHAI,XT,,,,,Mehai Technology  Limited,1.16,1.2,1.13,1.18,1.18,1.17,,1.18,,,817943,952901,296,F1,1,,,,,
10-07-2026,10-07-2026,CM,BSE,STK,540735,INE864K01010,IRIS,B,,,,,IRIS RegTech Solutions Limited,262.45,267.7,256.7,257.1,257,258.15,,257.45,,,2634,690000,205,F1,1,,,,,
10-07-2026,10-07-2026,CM,BSE,STK,540737,INE414Y01015,SGRL,X,,,,,Shree Ganesh Remedies Limited,690,713.9,670,690.85,687,677.3,,690.85,,,3405,2330946,173,F1,1,,,,,
10-07-2026,10-07-2026,CM,BSE,STK,540738,INE402Y01028,STL,B,,,,,Shreeji Translogistics Limited,8.3,8.82,8.3,8.71,8.8,8.39,,8.71,,,49535,422348,207,F1,1,,,,,
10-07-2026,10-07-2026,CM,BSE,STK,540743,INE850D01014,GODREJAGRO,A,,,,,Godrej Agrovet Limited,562.2,565.85,560,563.35,560.35,562.2,,562.35,,,13551,7628742,597,F1,1,,,,,
10-07-2026,10-07-2026,CM,BSE,STK,540749,INE348L01012,MASFIN,B,,,,,MAS Financial Services Limited,319.35,323,319.05,322.45,321.95,315.55,,322.45,,,8261,2655589,392,F1,1,,,,,
10-07-2026,10-07-2026,CM,BSE,STK,540750,INE022Q01020,IEX,A,,,,,Indian Energy Exchange Limited,118.5,120.6,118.5,119.65,119.65,117.85,,119.64,,,369590,44204555,3798,F1,1,,,,,
10-07-2026,10-07-2026,CM,BSE,STK,540755,INE481Y01014,GICRE,A,,,,,General Insurance Corporation,364.75,369,362.25,364.95,365,362.55,,365,,,38704,14139456,1098,F1,1,,,,,
10-07-2026,10-07-2026,CM,BSE,STK,540756,INE282Y01016,KAARYAFSL,M,,,,,Kaarya Facilities and Services,18.76,18.76,18.76,18.76,18.76,19.74,,18.76,,,6000,112560,1,F1,6000,,,,,
10-07-2026,10-07-2026,CM,BSE,STK,540757,INE501Y01019,SCPL,B,,,,,SHEETAL COOL PRODUCTS LIMITED,479.1,498.65,479.1,492.85,495.9,491.35,,493.8,,,1260,620100,103,F1,1,,,,,
10-07-2026,10-07-2026,CM,BSE,STK,540762,INE974X01010,TIINDIA,A,,,,,Tube Investments of India Ltd,2912.9,2965.6,2912.9,2959.65,2954,2916,,2958.4,,,48965,143064297,342,F1,1,,,,,
10-07-2026,10-07-2026,CM,BSE,STK,540767,INE298J01013,NAM-INDIA,A,,,,,NIPPON LIFE INDIA ASSET MANAGE,1220.6,1232.65,1206,1212.65,1210,1218.4,,1212.7,,,18776,22851834,1478,F1,1,,,,,
10-07-2026,10-07-2026,CM,BSE,STK,540768,INE766P01016,MAHLOG,B,,,,,Mahindra Logistics Limited,385.9,390.6,385.55,387.1,387.3,389.2,,387.2,,,17544,6805008,302,F1,1,,,,,
10-07-2026,10-07-2026,CM,BSE,STK,540769,INE470Y01017,NIACL,A,,,,,The New India Assurance Compan,184.65,186.15,183.3,184.05,184.05,183.4,,183.93,,,45930,8470305,498,F1,1,,,,,
10-07-2026,10-07-2026,CM,BSE,STK,540774,INE133Y01011,IFGLEXPOR,B,,,,,IFGL Refractories Limited,231,242.9,229.75,231.1,231.1,233.35,,231,,,4975,1173427,333,F1,1,,,,,
10-07-2026,10-07-2026,CM,BSE,STK,540775,INE834I01025,KHADIM,T,,,,,Khadim India Limited,105.95,105.95,102.2,102.4,102.2,104.55,,100.49,,,2121,219744,44,F1,1,,,,,
10-07-2026,10-07-2026,CM,BSE,STK,540776,INE618L01018,5PAISA,B,,,,,5paisa Capital Limited,384.3,384.3,362.55,366,366.5,377.65,,365.75,,,6321,2336676,267,F1,1,,,,,
10-07-2026,10-07-2026,CM,BSE,STK,540777,INE795G01014,HDFCLIFE,A,,,,,HDFC LIFE INSURANCE COMPANY LI,553.65,569.95,553.65,566.8,566.8,552.8,,567.35,,,959005,542858799,12897,F1,1,,,,,
10-07-2026,10-07-2026,CM,BSE,STK,540782,INE204Y01010,SBRANDS,MT,,,,,Sanghvi Brands Limited,12,12,12,12,12,12.12,,12,,,1000,12000,1,F1,1000,,,,,
10-07-2026,10-07-2026,CM,BSE,STK,540786,INE669Y01022,SHARIKA,T,,,,,SHARIKA ENTERPRISES LIMITED,17.8,18.1,16.38,18.01,17.99,17.24,,18.01,,,101260,1796063,136,F1,1,,,,,
10-07-2026,10-07-2026,CM,BSE,STK,540787,INF109KB15Y7,ICICIB22,A,,,,,ICICI Prudential Mutual Fund,115.1,117.31,115.02,117.03,117.31,116.05,,117.13,,,17987,2103411,341,F1,1,,,,,
10-07-2026,10-07-2026,CM,BSE,STK,540788,INE500C01017,ASPIRA,XT,,,,,Aspira Pathlab & Diagnostics L,107.25,107.25,99.85,99.85,99.85,105.1,,99.85,,,2906,297490,36,F1,1,,,,,
10-07-2026,10-07-2026,CM,BSE,STK,540789,INE016M01021,DNAMEDIA,B,,,,,Diligent Media Corporation Lim,2.71,2.93,2.71,2.8,2.8,2.81,,2.79,,,3826,10800,17,F1,1,,,,,
10-07-2026,10-07-2026,CM,BSE,STK,540795,INE600Y01019,DYCL,B,,,,,Dynamic Cables Limited,360.9,367.25,360.9,362.25,363.95,361.3,,362.75,,,9860,3586043,331,F1,1,,,,,
10-07-2026,10-07-2026,CM,BSE,STK,540796,INE821Y01011,RATNABHUMI,B,,,,,Ratnabhumi Developers Limited,188,188,188,188,188,186,,188,,,19,3572,8,F1,1,,,,,
10-07-2026,10-07-2026,CM,BSE,STK,540797,INE597J01018,SHALBY,B,,,,,Shalby Limited,168.85,173,168.85,171.7,171.25,169.8,,171.57,,,3548,607102,131,F1,1,,,,,
10-07-2026,10-07-2026,CM,BSE,STK,540809,INE333Y01017,MRCAGRO,B,,,,,MRC AGROTECH LIMITED,36.51,36.51,34.7,34.95,34.95,35.73,,34.95,,,18591,653703,188,F1,1,,,,,
10-07-2026,10-07-2026,CM,BSE,STK,540821,INE994R01028,CRYSTAL,XT,,,,,CRYSTAL BUSINESS SYSTEM LIMITE,1.95,1.95,1.92,1.95,1.95,1.95,,1.95,,,31377,60396,51,F1,1,,,,,
10-07-2026,10-07-2026,CM,BSE,STK,540824,INE646X01014,ASTRON,T,,,,,Astron Paper & Board Mill Limi,3.74,3.95,3.7,3.81,3.81,3.82,,3.79,,,1463,5546,19,F1,1,,,,,
10-07-2026,10-07-2026,CM,BSE,STK,540829,INE371F01024,CHANDRIMA,X,,,,,Chandrima Mercantiles limited,6.08,6.4,6.08,6.18,6.17,6.18,,6.18,,,26721,167021,94,F1,1,,,,,
10-07-2026,10-07-2026,CM,BSE,STK,540850,INE841Y01019,JFL,M,,,,,Jhandewalas Foods Limited,21.75,23.95,21.75,23.95,23.95,24,,23.95,,,8000,179340,6,F1,1000,,,,,
10-07-2026,10-07-2026,CM,BSE,STK,540874,INE454F01010,7SEASL,X,,,,,7SEAS ENTERTAINMENT LIMITED,73.48,74.39,70,70.71,70.71,71.6,,70.71,,,4075,292646,39,F1,1,,,,,
10-07-2026,10-07-2026,CM,BSE,STK,540879,INE713T01028,APOLLO,A,,,,,Apollo Micro Systems Limited,413,417.9,403.75,408.85,408.85,398.6,,408.85,,,1495990,612836712,15209,F1,1,,,,,
10-07-2026,10-07-2026,CM,BSE,STK,540900,INE619B01017,NEWGEN,A,,,,,Newgen Software Technologies L,477,542.95,476.95,517.55,517.55,472.5,,517.2,,,1574973,822682367,25351,F1,1,,,,,
10-07-2026,10-07-2026,CM,BSE,STK,540901,INE546Y01022,PRAXIS,T,,,,,Praxis Home Retail Limited,7.94,7.94,7.7,7.71,7.7,7.94,,7.67,,,2883,22238,15,F1,1,,,,,
10-07-2026,10-07-2026,CM,BSE,STK,540902,INE371P01015,AMBER,A,,,,,Amber Enterprises India Limite,7643,7831,7620.85,7780.8,7789,7593.45,,7779,,,11953,92615603,2050,F1,1,,,,,
10-07-2026,10-07-2026,CM,BSE,STK,540904,INE115G01015,TIRUFOAM,X,,,,,TIRUPATI FOAM LIMITED,73.3,73.31,73.3,73.31,73.31,69.82,,73.31,,,3000,219928,8,F1,1,,,,,
10-07-2026,10-07-2026,CM,BSE,STK,540914,INE425C01017,SRUSTEELS,XT,,,,,SRU Steels Limited,1.67,1.67,1.54,1.64,1.65,1.6,,1.64,,,104038,166454,145,F1,1,,,,,
10-07-2026,10-07-2026,CM,BSE,STK,540923,INE760Y01011,ASHOKAMET,B,,,,,Ashoka Metcast Limited,14.7,14.98,14.25,14.79,14.77,14.7,,14.78,,,4830,69317,32,F1,1,,,,,
10-07-2026,10-07-2026,CM,BSE,STK,540935,INE600K01018,GALAXYSURF,A,,,,,Galaxy Surfactants Limited,2020,2032.15,1996.05,2002.95,2011.95,2000.2,,2000.7,,,604,1217278,113,F1,1,,,,,
10-07-2026,10-07-2026,CM,BSE,STK,540936,INE063Z01017,GGL,X,,,,,Gautam Gems Limited,3.05,3.29,3.05,3.11,3.15,3.2,,3.11,,,12231,38392,68,F1,1,,,,,
10-07-2026,10-07-2026,CM,BSE,STK,540937,INE630Y01024,MEDICO,B,,,,,MEDICO REMEDIES LIMITED,41.5,41.5,38.84,39.62,39.62,39.03,,39.71,,,6727,264373,66,F1,1,,,,,
10-07-2026,10-07-2026,CM,BSE,STK,540938,INE578V01013,GUJHYSPIN,MT,,,,,Gujarat Hy-Spin Limited,9.36,9.36,9.36,9.36,9.36,9,,9.36,,,10000,93600,1,F1,5000,,,,,
10-07-2026,10-07-2026,CM,BSE,STK,540952,INE740X01023,LAL,B,,,,,LORENZINI APPARELS LIMITED,8.9,9.13,8.52,8.7,9,8.74,,8.59,,,6722,58188,67,F1,1,,,,,
10-07-2026,10-07-2026,CM,BSE,STK,540953,INE923Y01023,KENVI,B,,,,,Kenvi Jewels Limited,2.14,2.14,2.09,2.12,2.09,2.12,,2.12,,,42368,89507,126,F1,1,,,,,
10-07-2026,10-07-2026,CM,BSE,STK,540954,INE586E01020,IWP,B,,,,,The Indian Wood Products Co. L,32.37,33.94,32.37,33.5,33.5,33.03,,33.41,,,2777,92837,19,F1,1,,,,,
10-07-2026,10-07-2026,CM,BSE,STK,540955,INE773Y01014,TDSL,Z,,,,,Tasty Dairy Specialities Limit,4.13,4.33,4.13,4.33,4.33,4.13,,4.33,,,6400,27566,10,F1,1,,,,,
10-07-2026,10-07-2026,CM,BSE,STK,540956,INE341Z01025,BHATIA,X,,,,,Bhatia Communications & Retail,24.72,25.67,24.71,24.77,24.75,24.79,,24.77,,,60822,1511333,185,F1,1,,,,,
10-07-2026,10-07-2026,CM,BSE,STK,540961,INE644Y01017,SHIVAMILLS,T,,,,,Shiva Mills Limited,58,58,58,58,58,60.5,,59.05,,,180,10440,2,F1,1,,,,,
10-07-2026,10-07-2026,CM,BSE,STK,540975,INE914M01019,ASTERDM,A,,,,,Aster DM Healthcare Limited,809.15,812.35,800.9,808.35,809.45,806.85,,808.9,,,17090,13800030,661,F1,1,,,,,
10-07-2026,10-07-2026,CM,BSE,STK,540980,INE868X01014,YSL,X,,,,,The Yamuna Syndicate Ltd,25750.05,26751,25750.05,26690,26690,26940,,26690,,,4,104941,4,F1,1,,,,,
10-07-2026,10-07-2026,CM,BSE,STK,541005,INE398L01017,KANCOTEA,X,,,,,KANCO TEA & INDUSTRIES LIMITED,53,53,51.4,51.82,52.93,51.8,,51.82,,,415,21527,20,F1,1,,,,,
10-07-2026,10-07-2026,CM,BSE,STK,541019,INE926X01010,HGINFRA,B,,,,,H.G. Infra Engineering Limited,567.2,567.2,555.8,563,565.5,555.75,,563.65,,,2165,1217072,111,F1,1,,,,,
10-07-2026,10-07-2026,CM,BSE,STK,541083,INE464Z01017,INFLAME,M,,,,,Inflame Appliances Limited,251.5,251.5,238.45,251.1,251.1,235.85,,251.1,,,1750,429125,7,F1,250,,,,,
10-07-2026,10-07-2026,CM,BSE,STK,541096,INE365Y01019,BPLPHARMA,X,,,,,Bharat Parenterals Limited,1448.95,1448.95,1400,1410.35,1402,1410.65,,1410.35,,,1130,1596500,75,F1,1,,,,,
10-07-2026,10-07-2026,CM,BSE,STK,541097,INF740KA1EU7,LIQUIDETF,F,,,,,DSP BlackRock Mutual Fund,999.99,1000.01,999.99,1000,1000,999.99,,1000,,,345,345002,5,F1,1,,,,,
10-07-2026,10-07-2026,CM,BSE,STK,541143,INE171Z01026,BDL,A,,,,,Bharat Dynamics Limited,1328.05,1354.9,1322.8,1344.85,1345.9,1326.05,,1344.5,,,46321,62185170,2441,F1,1,,,,,
10-07-2026,10-07-2026,CM,BSE,STK,541144,INE380Z01015,ACTIVE,B,,,,,Active Clothing Co  Limited,122.6,122.6,118,119.75,119.75,117.35,,119.75,,,4002,474559,36,F1,1,,,,,
10-07-2026,10-07-2026,CM,BSE,STK,541152,INE705X01026,GOYALALUM,B,,,,,GOYAL ALUMINIUMS LIMITED,6.77,6.77,6.58,6.65,6.65,6.6,,6.65,,,4492,30123,46,F1,1,,,,,
10-07-2026,10-07-2026,CM,BSE,STK,541153,INE545U01014,BANDHANBNK,A,,,,,Bandhan Bank Limited,201.25,211.75,200.8,210.25,210.25,199.95,,210.01,,,1257680,262752093,11335,F1,1,,,,,
10-07-2026,10-07-2026,CM,BSE,STK,541154,INE066F01020,HAL,A,,,,,Hindustan Aeronautics Limited,4427.75,4523.55,4396.1,4506.55,4506.55,4375.8,,4506.8,,,56877,255176495,7311,F1,1,,,,,
10-07-2026,10-07-2026,CM,BSE,STK,541161,INE278R01034,DHARAN,Z,,,,,DHARAN INFRA-EPC LIMITED,0.19,0.19,0.19,0.19,0.19,0.19,,0.15,,,849697,161442,61,F1,1,,,,,
10-07-2026,10-07-2026,CM,BSE,STK,541163,INE278H01035,SANDHAR,B,,,,,Sandhar Technologies Limited,673.95,676.1,664.75,673.3,674.1,666.5,,672.55,,,11230,7522685,379,F1,1,,,,,
10-07-2026,10-07-2026,CM,BSE,STK,541167,INE616Z01012,YASHO,B,,,,,YASHO INDUSTRIES LIMITED,3049.95,3065.9,2954.55,3036.95,3031.3,2995.6,,3037.9,,,974,2917371,218,F1,1,,,,,
10-07-2026,10-07-2026,CM,BSE,STK,541195,INE099Z01011,MIDHANI,A,,,,,Mishra Dhatu Nigam Limited,413.95,428.75,413.75,416.05,415.5,409.25,,415.9,,,23169,9761849,650,F1,1,,,,,
10-07-2026,10-07-2026,CM,BSE,STK,541206,INE426Z01016,OBCL,B,,,,,Orissa Bengal Carrier Limited,51.53,53.83,51.53,53.83,53.83,54,,53.77,,,53,2756,3,F1,1,,,,,
10-07-2026,10-07-2026,CM,BSE,STK,541228,INE459Z01017,TRL,B,,,,,Taylormade Renewables Limited,82.71,85.48,82.71,84.24,83.65,82.62,,84.24,,,11717,980121,296,F1,1,,,,,
10-07-2026,10-07-2026,CM,BSE,STK,541233,INE970X01018,LEMONTREE,A,,,,,Lemon Tree Hotels Limited,117.65,119.05,117.55,118.45,118.95,117.3,,118.41,,,327193,38676328,1050,F1,1,,,,,
10-07-2026,10-07-2026,CM,BSE,STK,541269,INE783X01023,CHEMFAB,T,,,,,Chemfab Alkalis Ltd,384.65,384.65,366.05,368,368,384.8,,369.1,,,25,9191,4,F1,1,,,,,
10-07-2026,10-07-2026,CM,BSE,STK,541276,INE626Z01029,HARDWYN,B,,,,,HARDWYN INDIA LIMITED,24.48,24.8,24.45,24.64,24.65,24.5,,24.72,,,230095,5652692,166,F1,1,,,,,
10-07-2026,10-07-2026,CM,BSE,STK,541299,INE871Z01013,DLCL,M,,,,,DR LALCHANDANI LABS LIMITED,8.2,8.39,8.1,8.23,8.35,8.22,,8.23,,,20000,164960,4,F1,4000,,,,,
10-07-2026,10-07-2026,CM,BSE,STK,541301,INE142Z01019,ORIENTELEC,B,,,,,Orient Electric Limited,174,181.15,173.05,178.55,178,172.8,,178.45,,,18012,3207499,285,F1,1,,,,,
10-07-2026,10-07-2026,CM,BSE,STK,541302,INE506Z01015,DHRUV,T,,,,,Dhruv Consultancy Services Lim,25.85,26.83,25.2,26.3,26.3,26.3,,26.25,,,315,8172,19,F1,1,,,,,
10-07-2026,10-07-2026,CM,BSE,STK,541303,INE256Z01025,AKSHAR,B,,,,,Akshar Spintex Limited,0.43,0.45,0.43,0.43,0.43,0.44,,0.43,,,167381,72468,91,F1,1,,,,,
10-07-2026,10-07-2026,CM,BSE,STK,541304,INE250Z01010,INDOUS,B,,,,,Indo US Bio-Tech Limited,88.48,89,85.92,87.47,87.8,86.44,,87.52,,,526,46014,45,F1,1,,,,,
10-07-2026,10-07-2026,CM,BSE,STK,541313,INF109KC1V59,BSE500IETF,A,,,,,ICICI Prudential BSE 500 ETF,38.85,39.58,38.85,39.26,39.28,38.97,,39.31,,,9649,379700,73,F1,1,,,,,
10-07-2026,10-07-2026,CM,BSE,STK,541336,INE896L01010,INDOSTAR,B,,,,,IndoStar Capital Finance Limit,261.7,273.2,260.7,269.95,268.5,260.25,,269.6,,,9839,2640099,308,F1,1,,,,,
10-07-2026,10-07-2026,CM,BSE,STK,541338,INE556Z01010,UHZAVERI,B,,,,,U. H. ZAVERI LIMITED,13.88,13.88,11.52,11.55,11.55,12.79,,11.55,,,199413,2359022,319,F1,1,,,,,
10-07-2026,10-07-2026,CM,BSE,STK,541347,INE295Z01015,PARVATI,X,,,,,Parvati Sweetners and Power Lt,6.96,7,6.93,6.94,6.96,6.93,,6.94,,,1238,8638,21,F1,1,,,,,
10-07-2026,10-07-2026,CM,BSE,STK,541352,INE00EM01016,MEGASTAR,B,,,,,Megastar Foods Limited,376.1,385.5,368.55,382.55,380.05,380.7,,383.35,,,3118,1177529,117,F1,1,,,,,
10-07-2026,10-07-2026,CM,BSE,STK,541353,INE870Z01015,INNOVATORS,M,,,,,Innovators Facade Systems Limi,123.25,123.7,121,121,121,123.25,,121,,,13600,1658880,16,F1,800,,,,,
10-07-2026,10-07-2026,CM,BSE,STK,541358,INE926R01012,UCIL,X,,,,,UNIFINZ CAPITAL INDIA LIMITED,127,127.5,127,127,127,126.65,,127,,,37726,4798192,63,F1,1,,,,,
10-07-2026,10-07-2026,CM,BSE,STK,541400,INE518E01015,ZIMLAB,T,,,,,ZIM Laboratories Limited,113.75,113.75,113.75,113.75,113.75,113.75,,113.75,,,414,47092,6,F1,1,,,,,
10-07-2026,10-07-2026,CM,BSE,STK,541402,INE692Z01013,AFFORDABLE,T,,,,,Affordable Robotic & Automatio,168.9,176.85,165.6,174.75,175,171.45,,173.48,,,5306,914022,73,F1,1,,,,,
10-07-2026,10-07-2026,CM,BSE,STK,541403,INE325C01035,DOLLAR,B,,,,,Dollar Industries Limited,269.85,275.15,268.8,269.25,269.25,267.3,,269.8,,,6548,1780602,228,F1,1,,,,,
10-07-2026,10-07-2026,CM,BSE,STK,541418,INE236Y01012,NGIL,T,,,,,NAKODA GROUP OF INDUSTRIES LIM,41.5,41.5,39.43,39.43,39.43,41.5,,39.71,,,327,12925,7,F1,1,,,,,
10-07-2026,10-07-2026,CM,BSE,STK,541444,INE838Z01012,PALMJEWELS,X,,,,,Palm Jewels Limited,15.01,15.67,15.01,15.59,15.59,15.12,,15.59,,,1588,24656,17,F1,1,,,,,
10-07-2026,10-07-2026,CM,BSE,STK,541445,INE799N01012,WAA,M,,,,,Waa Solar Limited,48.8,50.49,48.8,50.4,50.4,48.26,,50.4,,,4800,240008,6,F1,800,,,,,
10-07-2026,10-07-2026,CM,BSE,STK,541450,INE364U01010,ADANIGREEN,A,,,,,Adani Green Energy Limited,1495.4,1546,1495.4,1536.3,1536.3,1486.8,,1536.6,,,263570,403551193,9314,F1,1,,,,,
10-07-2026,10-07-2026,CM,BSE,STK,541503,INE250G01010,UNICK,X,,,,,Unick Fix-A- Form and Printers,44.11,47.88,44.1,44.1,44.1,45.6,,44.1,,,1316,58050,11,F1,1,,,,,
10-07-2026,10-07-2026,CM,BSE,STK,541540,INE624Z01016,SOLARA,B,,,,,SOLARA ACTIVE PHARMA SCIENCES,565.95,600,547,569.95,569.95,567.9,,568.95,,,45224,26079747,1979,F1,1,,,,,
10-07-2026,10-07-2026,CM,BSE,STK,541546,INE287Z01012,GAYAHWS,B,,,,,GAYATRI HIGHWAYS LTD,1.81,1.91,1.72,1.87,1.87,1.83,,1.83,,,80855,145755,93,F1,1,,,,,
10-07-2026,10-07-2026,CM,BSE,STK,541556,INE320J01015,RITES,A,,,,,RITES Limited,224.1,227.7,222.4,226.4,226.4,222.95,,226.6,,,218984,49422393,2073,F1,1,,,,,
10-07-2026,10-07-2026,CM,BSE,STK,541557,INE686Y01026,FINEORG,A,,,,,Fine Organic Industries Limite,5052.45,5057.25,4992.3,4999.75,5001,4972.35,,4999.5,,,677,3392838,217,F1,1,,,,,
10-07-2026,10-07-2026,CM,BSE,STK,541578,INE665L01035,VARROC,A,,,,,Varroc Engineering Limited,661.6,677,655.6,660.15,658.1,659.4,,661.4,,,4466,2963810,311,F1,1,,,,,
10-07-2026,10-07-2026,CM,BSE,STK,541601,INE685Z01033,RAJNISH,B,,,,,Rajnish Wellness Limited,0.41,0.42,0.39,0.41,0.41,0.41,,0.41,,,6187467,2499316,656,F1,1,,,,,
10-07-2026,10-07-2026,CM,BSE,STK,541627,INE173V01013,GUJWIND,X,,,,,Gujarat Winding Systems Limite,7.59,7.93,7.2,7.2,7.2,7.56,,7.2,,,1102,8665,7,F1,1,,,,,
10-07-2026,10-07-2026,CM,BSE,STK,541634,INE960Z01014,RAWEDGE,B,,,,,Raw Edge Industrial Solutions,18.99,18.99,17.99,18.12,18,18.85,,18.12,,,7147,129916,41,F1,1,,,,,
10-07-2026,10-07-2026,CM,BSE,STK,541702,INE694W01024,ASHNI,X,,,,,Ashnisha Industries Limited,3.7,3.71,3.7,3.71,3.71,3.54,,3.71,,,10651458,39498488,3410,F1,1,,,,,
10-07-2026,10-07-2026,CM,BSE,STK,541703,INE00WY01013,RACONTEUR,M,,,,,RACONTEUR GLOBAL RESOURCES LIM,12.43,12.43,12.43,12.43,12.43,11.84,,12.43,,,1600,19888,1,F1,1600,,,,,
10-07-2026,10-07-2026,CM,BSE,STK,541729,INE127D01025,HDFCAMC,A,,,,,HDFC Asset Management Company,2746.15,2788,2746.15,2762.1,2763.35,2737.05,,2761.2,,,13817,38237273,1319,F1,1,,,,,
10-07-2026,10-07-2026,CM,BSE,STK,541735,INE299W01022,VIVANTA,X,,,,,Vivanta Industries Limited,1.66,1.68,1.63,1.66,1.66,1.65,,1.66,,,57555,95230,170,F1,1,,,,,
10-07-2026,10-07-2026,CM,BSE,STK,541741,INE401Z01019,FRATELLI,XT,,,,,Fratelli Vineyards Limited,103,103,96,101.86,101.86,99.45,,101.86,,,3735,381945,36,F1,1,,,,,
10-07-2026,10-07-2026,CM,BSE,STK,541770,INE741K01010,CREDITACC,A,,,,,CreditAccess Grameen Ltd.,1570.95,1572.7,1523.35,1527.8,1538,1545.4,,1529.3,,,16661,25671654,855,F1,1,,,,,
10-07-2026,10-07-2026,CM,BSE,STK,541771,INE572Z01017,AMINTAN,XT,,,,,AMIN TANNERY LIMITED,1.63,1.68,1.53,1.56,1.56,1.6,,1.56,,,31857,50119,56,F1,1,,,,,
10-07-2026,10-07-2026,CM,BSE,STK,541778,INE00IY01012,DEEP,X,,,,,Deep Polymers Limited,36.44,38.5,36.05,37.75,38.5,36.01,,37.75,,,6550,241528,74,F1,1,,,,,
10-07-2026,10-07-2026,CM,BSE,STK,541809,INF109KC1NS5,NEXT50IETF,B,,,,,ICICI Prudential Mutual Fund,76.3,76.3,75.35,76.19,76.3,75.35,,76.13,,,59386,4511716,355,F1,1,,,,,
10-07-2026,10-07-2026,CM,BSE,STK,541865,INE01B501018,ASRL,X,,,,,Add-Shop E-Retail Limited,7,7,6.8,6.91,7,6.88,,6.91,,,9224,63896,88,F1,1,,,,,
10-07-2026,10-07-2026,CM,BSE,STK,541890,INE797Z01028,SPACEINCUBA,XT,,,,,Space Incubatrics Technologies,0.18,0.18,0.18,0.18,0.18,0.18,,0.18,,,62293,11212,66,F1,1,,,,,
10-07-2026,10-07-2026,CM,BSE,STK,541929,INE00QT01015,SGIL,B,,,,,Synergy Green Industries Limit,600.3,629,596.55,609.05,613.15,591.5,,605.05,,,1376,837008,40,F1,1,,,,,
10-07-2026,10-07-2026,CM,BSE,STK,541946,INF109KC1KT9,LIQUIDIETF,F,,,,,ICICI Prudential BSE Liquid Ra,1000,1000.01,1000,1000,1000,1000,,999.99,,,53749,53749006,218,F1,1,,,,,
10-07-2026,10-07-2026,CM,BSE,STK,541956,INE962Y01021,IRCON,A,,,,,IRCON International Ltd,129.65,133.25,129.65,131.3,131.3,129.35,,131.35,,,213858,28200085,2123,F1,1,,,,,
10-07-2026,10-07-2026,CM,BSE,STK,541967,INE01IU01018,SKYGOLD,A,,,,,Sky Gold And Diamonds Limited,624,638.45,611.9,624.05,624.05,623.3,,623.85,,,89974,56490343,2701,F1,1,,,,,
10-07-2026,10-07-2026,CM,BSE,STK,541972,INF200KA1VQ2,SETFSN50,A,,,,,SBI Mutual Fund,938.92,946.2,938.92,945.4,945.4,931.68,,945.4,,,447,420092,20,F1,1,,,,,
10-07-2026,10-07-2026,CM,BSE,STK,541974,INE00VM01036,MANORAMA,A,,,,,Manorama Industries Limited,1583,1624,1583,1602.05,1599.35,1579.85,,1603.4,,,10228,16446312,643,F1,1,,,,,
10-07-2026,10-07-2026,CM,BSE,STK,541988,INE216P01012,AAVAS,A,,,,,AAVAS Financiers Limited,1515,1535,1501.65,1522.3,1522.3,1505.65,,1525.5,,,6542,9891546,751,F1,1,,,,,
10-07-2026,10-07-2026,CM,BSE,STK,542011,INE382Z01011,GRSE,A,,,,,Garden Reach Shipbuilders & En,2632.15,2674.05,2626,2661.95,2660,2626.6,,2662,,,15596,41402269,1190,F1,1,,,,,
10-07-2026,10-07-2026,CM,BSE,STK,542012,INE911Z01025,A1L,B,,,,,A-1 LIMITED,6.6,6.76,6.6,6.6,6.6,6.94,,6.6,,,3582547,23655212,2232,F1,1,,,,,
10-07-2026,10-07-2026,CM,BSE,STK,542013,INE666Y01010,DOLFIN,B,,,,,Dolfin Rubbers Limited,169,175.55,169,170.25,170.1,169.1,,170.25,,,1142,195770,42,F1,1,,,,,
10-07-2026,10-07-2026,CM,BSE,STK,542019,INE01J501010,SHUBHAM,X,,,,,Shubham Polyspin Limited,43,43.49,42.11,43.28,43.3,41.72,,43.28,,,4109,177210,42,F1,1,,,,,
10-07-2026,10-07-2026,CM,BSE,STK,542020,INE642Z01026,AKI,B,,,,,AKI India Limited,4.5,4.79,4.5,4.71,4.71,4.72,,4.7,,,4434,20776,30,F1,1,,,,,
10-07-2026,10-07-2026,CM,BSE,STK,542025,INE206Z01020,SUNRETAIL,M,,,,,Sun Retail Limited,0.3,0.3,0.3,0.3,0.3,0.3,,0.3,,,288000,86400,6,F1,48000,,,,,
10-07-2026,10-07-2026,CM,BSE,STK,542034,INE00Q901014,SMGOLD,B,,,,,S. M. Gold Limited,12.27,12.38,11.9,12.2,12.2,12.01,,12.2,,,3899,47503,53,F1,1,,,,,
10-07-2026,10-07-2026,CM,BSE,STK,542046,INE647Z01025,VIVIDM,B,,,,,VIVID MERCANTILE LIMITED,6.86,6.86,6.4,6.54,6.45,6.92,,6.54,,,501773,3297765,380,F1,1,,,,,
10-07-2026,10-07-2026,CM,BSE,STK,542057,INE00SW01015,BCPL,B,,,,,BCPL Railway Infrastructure Li,70.25,72.53,70.25,71.85,72,71.85,,71.91,,,1399,99913,81,F1,1,,,,,
10-07-2026,10-07-2026,CM,BSE,STK,542066,INE399L01023,ATGL,A,,,,,ADANI TOTAL GAS LIMITED,707,749.95,704.5,724.05,724.05,700.95,,723.9,,,521222,382913003,11004,F1,1,,,,,
10-07-2026,10-07-2026,CM,BSE,STK,542123,INE398C01016,PHOSPHATE,X,,,,,The Phosphate Company Limited,143,149,143,149,149,143.1,,149,,,2,292,2,F1,1,,,,,
10-07-2026,10-07-2026,CM,BSE,STK,542131,INF769K01EG9,NIFTYETF,B,,,,,Mirae Asset Mutual Fund,261.82,262.99,261.82,262.56,262.55,260.4,,262.59,,,3640,955564,102,F1,1,,,,,
10-07-2026,10-07-2026,CM,BSE,STK,542141,INE285K01026,TECHNOE,A,,,,,Techno Electric & Engineering,1058.85,1064.9,1047.3,1049.6,1049.6,1047.1,,1050.2,,,11233,11861357,631,F1,1,,,,,
10-07-2026,10-07-2026,CM,BSE,STK,542176,INE016X01010,ARYAN,X,,,,,Aryan Share & Stock Brokers Lt,19.2,19.5,19.19,19.19,19.19,19.19,,19.19,,,167,3238,4,F1,1,,,,,
10-07-2026,10-07-2026,CM,BSE,STK,542206,INE139E01028,NIVAKA,X,,,,,NIVAKA FASHIONS LIMITED,0.73,0.73,0.7,0.72,0.72,0.72,,0.72,,,27011,19367,57,F1,1,,,,,
10-07-2026,10-07-2026,CM,BSE,STK,542216,INE00R701025,DALBHARAT,A,,,,,DALMIA BHARAT LIMITED,1743.7,1794,1743.7,1785.6,1794,1742.5,,1786.5,,,14170,25256249,1281,F1,1,,,,,
10-07-2026,10-07-2026,CM,BSE,STK,542230,INF209KB16D7,ABSLNN50ET,B,,,,,Aditya Birla Sun Life Mutual F,76.45,76.45,74.35,76.09,76.09,75.05,,75.92,,,349,26402,20,F1,1,,,,,
10-07-2026,10-07-2026,CM,BSE,STK,542231,INE00S901012,NILASPACES,B,,,,,Nila Spaces Ltd,12.69,12.69,12.41,12.45,12.41,12.6,,12.51,,,22617,282973,102,F1,1,,,,,
10-07-2026,10-07-2026,CM,BSE,STK,542232,INE01NE01012,SRD,B,,,,,Shankar Lal Rampal Dye-Chem Li,38.55,41.88,38.51,40.59,40.59,39.49,,40.3,,,18827,763516,140,F1,1,,,,,
10-07-2026,10-07-2026,CM,BSE,STK,542233,INE00CA01015,TREJHARA,B,,,,,Trejhara Solutions Limited,133.85,134.15,133.2,133.4,133.2,136.65,,133.08,,,283,37813,20,F1,1,,,,,
10-07-2026,10-07-2026,CM,BSE,STK,542248,INE452W01019,DECCAN,T,,,,,Deccan Health Care Limited,13.75,13.75,12.64,13.38,13.39,13.3,,13.38,,,7719,101700,29,F1,1,,,,,
10-07-2026,10-07-2026,CM,BSE,STK,542285,INE02EZ01022,AXITA,B,,,,,Axita Cotton Limited,7.64,7.64,7.45,7.5,7.51,7.51,,7.49,,,49726,374296,291,F1,1,,,,,
10-07-2026,10-07-2026,CM,BSE,STK,542323,INE542W01025,KPIGREEN,A,,,,,KPI Green Energy Limited,401,407,401,404.35,404.35,397.3,,404.55,,,29722,12022696,645,F1,1,,,,,
10-07-2026,10-07-2026,CM,BSE,STK,542332,INE302R01024,HIKLASS,XT,,,,,Hi-Klass Trading and Investmen,72.36,72.36,68.5,68.5,68.5,72,,68.5,,,5,357,2,F1,1,,,,,
10-07-2026,10-07-2026,CM,BSE,STK,542333,INE425Y01011,RPSGVENT,B,,,,,RPSG VENTURES LIMITED,899.65,903.05,884.1,896.05,896.1,900.5,,893.55,,,824,734680,87,F1,1,,,,,
10-07-2026,10-07-2026,CM,BSE,STK,542337,INE020801028,SPENCERS,B,,,,,Spencer's Retail Limited,33.55,35.78,33.55,34.95,34.88,34.87,,34.97,,,1426,50119,150,F1,1,,,,,
10-07-2026,10-07-2026,CM,BSE,STK,542351,INE350Z01018,GLOSTERLTD,B,,,,,Gloster Ltd,663,669,659.95,665.85,666.75,645.9,,665.1,,,314,208603,87,F1,1,,,,,
10-07-2026,10-07-2026,CM,BSE,STK,542367,INE01P501012,XELPMOC,B,,,,,Xelpmoc Design and Tech Limite,87.75,87.75,81.82,84.4,84.74,85.12,,83.4,,,506,42274,51,F1,1,,,,,
10-07-2026,10-07-2026,CM,BSE,STK,542383,INE01EG01016,RITCO,B,,,,,Ritco Logistics Limited,257.4,259,254.25,257.75,259,254.85,,256.95,,,858,220816,43,F1,1,,,,,
10-07-2026,10-07-2026,CM,BSE,STK,542399,INE427F01016,CHALET,A,,,,,Chalet Hotels Limited,828.75,842.85,812.35,839.4,842.85,817.15,,839.7,,,99557,83199772,564,F1,1,,,,,
10-07-2026,10-07-2026,CM,BSE,STK,542437,INE02AR01019,ANMOL,B,,,,,Anmol India Limited,11.01,11.13,10.82,10.87,10.9,10.89,,10.94,,,2413,26488,19,F1,1,,,,,
10-07-2026,10-07-2026,CM,BSE,STK,542446,INE793Z01027,JONJUA,MT,,,,,Jonjua Overseas Limited,3.35,3.39,3.33,3.36,3.36,3.36,,3.36,,,38568,129395,6,F1,4821,,,,,
10-07-2026,10-07-2026,CM,BSE,STK,542459,INE911T01010,KRANTI,B,,,,,Kranti Industries Limited,65.5,68.97,64.44,66.43,64.44,65.64,,66.43,,,3150,208729,47,F1,1,,,,,
10-07-2026,10-07-2026,CM,BSE,STK,542460,INE294Z01018,ANUP,A,,,,,The Anup Engineering Ltd,2157.45,2181.5,2151.95,2165.85,2169.25,2157.4,,2168.5,,,1156,2501326,215,F1,1,,,,,
10-07-2026,10-07-2026,CM,BSE,STK,542477,INE03CM01014,GLAAMUP,MT,,,,,GLAAM UP JWEL LIMITED,24.26,24.26,21.96,22,22,23.11,,22,,,240000,5695700,20,F1,10000,,,,,
10-07-2026,10-07-2026,CM,BSE,STK,542484,INE955V01021,ARVINDFASN,A,,,,,Arvind Fashions Limited,467.95,477,465.5,466.4,465.5,466.1,,466,,,6025,2849209,225,F1,1,,,,,
10-07-2026,10-07-2026,CM,BSE,STK,542513,INF789F1AUU3,SNXT50BETA,A,,,,,UTI BSE  Sensex Next 50 ETF,92.15,94,92.15,94,94,93.15,,94,,,490,45962,10,F1,1,,,,,
10-07-2026,10-07-2026,CM,BSE,STK,542524,INE342U01016,AIHL,X,,,,,AMBASSADOR INTRA HOLDINGS LIMI,27.11,28.64,27.1,28.6,28.6,28.5,,28.6,,,3288,89844,9,F1,1,,,,,
10-07-2026,10-07-2026,CM,BSE,STK,542543,INE05KD23015,ENERGYINF,IF,,,,,Energy Infrastructure Trust,79.49,79.8,79.35,79.65,79.65,78.6,,79.65,,,425000,33792250,15,F1,25000,,,,,
10-07-2026,10-07-2026,CM,BSE,STK,542579,INE05FR01029,AGOL,B,,,,,Ashapuri Gold Ornament Limited,4.07,4.07,3.97,4,4.01,4,,4,,,265890,1065941,523,F1,1,,,,,
10-07-2026,10-07-2026,CM,BSE,STK,542580,INE01C001026,AARTECH,T,,,,,Aartech Solonics Limited,49.9,50.01,48.07,49.49,49.49,49.77,,49.29,,,5829,288541,51,F1,1,,,,,
10-07-2026,10-07-2026,CM,BSE,STK,542592,INE02PC01027,HBEL,MT,,,,,Humming Bird Education Limited,14.34,14.34,14.34,14.34,14.34,13.66,,14.34,,,11250,161325,9,F1,1250,,,,,
10-07-2026,10-07-2026,CM,BSE,STK,542597,INE255X01014,MSTCLTD,B,,,,,MSTC Limited,677,694.95,667.65,670.25,671.55,676.1,,670.65,,,20830,14116934,653,F1,1,,,,,
10-07-2026,10-07-2026,CM,BSE,STK,542602,INE041025011,EMBASSY,IF,,,,,Embassy Office Parks REIT,448.3,451.95,446.75,450.1,450.1,443.44,,450.03,,,17241,7748883,501,F1,1,,,,,
10-07-2026,10-07-2026,CM,BSE,STK,542627,INE01GZ01011,CHANDNIMACH,X,,,,,Chandni Machines Limited,96,100,90,97.99,100,93.53,,97.99,,,104401,10002686,310,F1,1,,,,,
10-07-2026,10-07-2026,CM,BSE,STK,542628,INE01BL01012,NSL,B,,,,,Northern Spirits Limited,125,127.5,124,127.05,126.15,123,,127.05,,,4700,593020,64,F1,1,,,,,
10-07-2026,10-07-2026,CM,BSE,STK,542649,INE415G01027,RVNL,A,,,,,Rail Vikas Nigam Limited,226.35,236.75,226.35,232.8,232.8,226.25,,232.68,,,650851,151280015,7160,F1,1,,,,,
10-07-2026,10-07-2026,CM,BSE,STK,542650,INE112L01020,METROPOLIS,A,,,,,Metropolis Healthcare Limited,563.9,570,555,566.8,566,560.1,,567.9,,,7673,4320795,375,F1,1,,,,,
10-07-2026,10-07-2026,CM,BSE,STK,542651,INE04I401011,KPITTECH,A,,,,,KPIT Technologies Ltd,554.85,567.35,554.5,561.8,561.8,547.8,,561.75,,,351088,197154706,5347,F1,1,,,,,
10-07-2026,10-07-2026,CM,BSE,STK,542652,INE455K01017,POLYCAB,A,,,,,Polycab India Limited,9160,9234.25,9094.8,9208.45,9208.45,9072.95,,9210.5,,,16930,154523302,1910,F1,1,,,,,
10-07-2026,10-07-2026,CM,BSE,STK,542654,INE06LG01010,VRFILMS,B,,,,,V R FILMS & STUDIOS LIMITED,14.89,15.25,14.89,15.24,15.24,15.2,,15.24,,,4146,63173,9,F1,1,,,,,
10-07-2026,10-07-2026,CM,BSE,STK,542655,INE161L01027,VIKASLIFE,B,,,,,VIKAS LIFECARE LIMITED,1.41,1.43,1.39,1.39,1.39,1.41,,1.39,,,484252,677592,9024,F1,1,,,,,
10-07-2026,10-07-2026,CM,BSE,STK,542665,INE136S01016,NEOGEN,B,,,,,Neogen Chemicals Limited,2040,2102.1,2014.05,2082.35,2092.1,2028.8,,2085,,,3810,7878572,506,F1,1,,,,,
10-07-2026,10-07-2026,CM,BSE,STK,542666,INE05QJ01015,GKP,B,,,,,G. K. P. Printing & Packaging,5.93,6.05,5.81,6,5.99,5.94,,6,,,12616,74507,50,F1,1,,,,,
10-07-2026,10-07-2026,CM,BSE,STK,542668,INE06TD01010,EVANS,M,,,,,EVANS ELECTRIC LIMITED,67,70,66.31,69.5,69.5,66,,69.5,,,12000,825400,11,F1,1000,,,,,
10-07-2026,10-07-2026,CM,BSE,STK,542669,INE374E01021,BMW,X,,,,,BMW INDUSTRIES LIMITED,54.8,56.49,53.62,54,54.03,53.96,,54,,,147736,8102705,920,F1,1,,,,,
10-07-2026,10-07-2026,CM,BSE,STK,542670,INE757T01025,AEPL,B,,,,,Artemis Electricals and Projec,17.12,17.12,16.52,16.68,16.67,17.11,,16.86,,,1236,20667,32,F1,1,,,,,
10-07-2026,10-07-2026,CM,BSE,STK,542679,INE413F01016,DEL,X,,,,,Dhanashree Electronics Limited,100.8,105.4,100.8,105.4,105.4,100.4,,105.4,,,2153,226504,13,F1,1,,,,,
10-07-2026,10-07-2026,CM,BSE,STK,542682,INE01K301012,HARISH,X,,,,,Harish Textile Engineers Limit,68.99,68.99,66.25,66.3,66.3,66.44,,66.3,,,3597,240908,35,F1,1,,,,,
10-07-2026,10-07-2026,CM,BSE,STK,542684,INE050001010,PPL,T,,,,,Prakash Pipes Limited,270,279,265.05,269.55,273,274.1,,272.45,,,2099,566241,57,F1,1,,,,,
10-07-2026,10-07-2026,CM,BSE,STK,542685,INE03JI01017,DGCONTENT,B,,,,,Digicontent Limited,25.65,26.1,25.51,26.1,26.1,25.5,,26.04,,,2156,56248,8,F1,1,,,,,
10-07-2026,10-07-2026,CM,BSE,STK,542694,INE05MV01019,PARSHVA,B,,,,,Parshva Enterprises Limited,162,163.05,162,163,163,162,,163,,,98,15924,11,F1,1,,,,,
10-07-2026,10-07-2026,CM,BSE,STK,542721,INE02GA01012,ARL,B,,,,,Anand Rayons Limited,56.25,56.25,54.04,56.05,56.24,55.14,,56.05,,,15807,880665,179,F1,1,,,,,
10-07-2026,10-07-2026,CM,BSE,STK,542725,INE04AK01028,SBC,B,,,,,SBC EXPORTS LIMITED,42.38,43.27,42.18,42.39,42.41,42.08,,42.38,,,127620,5427185,291,F1,1,,,,,
10-07-2026,10-07-2026,CM,BSE,STK,542726,INE933S01016,INDIAMART,A,,,,,IndiaMART InterMESH Limited,1920.35,1934.9,1905.2,1923.35,1928,1924.9,,1924,,,5623,10801083,761,F1,1,,,,,
10-07-2026,10-07-2026,CM,BSE,STK,542727,INE056001014,CPML,M,,,,,CITY PULSE MULTIVENTURES LIMIT,923.95,923.95,923.95,923.95,923.95,972.55,,923.95,,,100,92395,2,F1,50,,,,,
10-07-2026,10-07-2026,CM,BSE,STK,542729,INE08KP01019,DCMNVL,T,,,,,DCM NOUVELLE LIMITED,143.55,156.95,143.55,154,154,150.5,,146.17,,,709,108156,11,F1,1,,,,,
10-07-2026,10-07-2026,CM,BSE,STK,542730,INF109KC15I8,BANKIETF,B,,,,,ICICI Prudential Mutual Fund,58.29,59.72,58.29,59.53,59.33,58.87,,59.51,,,38511,2290718,253,F1,1,,,,,
10-07-2026,10-07-2026,CM,BSE,STK,542747,INF204KB15D0,SNXT50BEES,A,,,,,NIPPON INDIA ETF SENSEX NEXT 5,91.04,92.37,91.04,92.18,92.07,90.98,,92.18,,,1870,172127,96,F1,1,,,,,
10-07-2026,10-07-2026,CM,BSE,STK,542752,INE00WC01027,AFFLE,A,,,,,AFFLE 3I LIMITED,1466.8,1500,1456.35,1480.45,1475.95,1466.8,,1480.4,,,93025,138450896,992,F1,1,,,,,
10-07-2026,10-07-2026,CM,BSE,STK,542758,INF109KC18U7,PVTBANIETF,B,,,,,ICICI Prudential Mutual Fund,28.28,28.45,28.27,28.44,28.44,28.07,,28.41,,,120506,3426236,591,F1,1,,,,,
10-07-2026,10-07-2026,CM,BSE,STK,542759,INE572J01011,SPANDANA,B,,,,,Spandana Sphoorty Financial Li,307.4,309.2,304.7,305.4,305.4,303.25,,305.85,,,10648,3271540,312,F1,1,,,,,
10-07-2026,10-07-2026,CM,BSE,STK,542760,INE00M201021,SWSOLAR,A,,,,,STERLING AND WILSON RENEWABLE,231.75,239,231.75,236.55,237.05,230.1,,236.55,,,157877,37297084,1722,F1,1,,,,,
10-07-2026,10-07-2026,CM,BSE,STK,542770,INE08E401029,ALPHALOGIC,T,,,,,Alphalogic Techsys Limited,42.96,42.96,41.73,42.67,42.67,41.73,,42.67,,,9885,419870,62,F1,1,,,,,
10-07-2026,10-07-2026,CM,BSE,STK,542772,INE466L01038,360ONE,A,,,,,360 ONE WAM LIMITED,1114.95,1133.05,1104,1129.4,1132,1100.65,,1129,,,1240342,1394786661,1862,F1,1,,,,,
10-07-2026,10-07-2026,CM,BSE,STK,542773,INE489L01022,IIFLCAPS,A,,,,,IIFL CAPITAL SERVICES LIMITED,339.05,339.7,337,338.45,338,338.25,,338.3,,,5944,2010370,128,F1,1,,,,,
10-07-2026,10-07-2026,CM,BSE,STK,542774,INE08KJ01020,MUFIN,B,,,,,MUFIN GREEN FINANCE LIMITED,130.85,133.3,130,130.25,130.65,129.95,,130.22,,,17606,2314050,173,F1,1,,,,,
10-07-2026,10-07-2026,CM,BSE,STK,542802,INE906Y01028,GALACTICO,B,,,,,Galactico Corporate Services L,2.01,2.04,2,2.04,2.04,2.01,,2.04,,,92665,187644,129,F1,1,,,,,
10-07-2026,10-07-2026,CM,BSE,STK,542803,INE560T01015,VEL,X,,,,,Vaxfab Enterprises Limited,64,64,59.98,60,60,60,,60,,,16678,1003735,59,F1,1,,,,,
10-07-2026,10-07-2026,CM,BSE,STK,542812,INE09N301011,FLUOROCHEM,A,,,,,Gujarat Fluorochemicals Limite,3863.6,3948.75,3863.6,3939.8,3943,3866.75,,3941.5,,,2427,9491164,430,F1,1,,,,,
10-07-2026,10-07-2026,CM,BSE,STK,542830,INE335Y01020,IRCTC,A,,,,,Indian Railway Catering and To,500.95,506.5,498,503.4,503.4,496.7,,503.25,,,136770,68764939,5176,F1,1,,,,,
10-07-2026,10-07-2026,CM,BSE,STK,542852,INE430N01022,VISHWARAJ,B,,,,,Vishwaraj Sugar Industries Lim,5.31,5.55,5.31,5.34,5.34,5.44,,5.36,,,47260,255169,184,F1,1,,,,,
10-07-2026,10-07-2026,CM,BSE,STK,542857,INE08ZM01014,GREENPANEL,B,,,,,Greenpanel Industries Limited,190,196.75,189.7,190.65,191.6,190.9,,190.63,,,29211,5674075,597,F1,1,,,,,
10-07-2026,10-07-2026,CM,BSE,STK,542862,INE052001026,SHAHLON,X,,,,,Shahlon Silk Industries Limite,27,28.5,26.01,27.92,27.05,27,,27.92,,,51969,1447224,53,F1,1,,,,,
10-07-2026,10-07-2026,CM,BSE,STK,542863,INF209KB17D5,ABSLBANETF,B,,,,,Aditya Birla Sun Life Mutual F,59.24,59.46,59.13,59.46,59.46,58.61,,59.39,,,334,19837,13,F1,1,,,,,
10-07-2026,10-07-2026,CM,BSE,STK,542865,INE490Z01012,ANUROOP,B,,,,,Anuroop Packaging Limited,13.89,13.89,12.41,12.5,12.5,12.94,,12.5,,,4414,55877,63,F1,1,,,,,
10-07-2026,10-07-2026,CM,BSE,STK,542867,INE679A01013,CSBBANK,A,,,,,CSB Bank Limited,356.65,362.3,352.5,360.5,360,351.55,,360.4,,,17978,6406230,393,F1,1,,,,,
10-07-2026,10-07-2026,CM,BSE,STK,542904,INE551W01018,UJJIVANSFB,A,,,,,Ujjivan Small Finance Bank Lim,63.4,65.82,63.39,65.27,65.27,62.52,,65.27,,,1491064,96727430,5019,F1,1,,,,,
10-07-2026,10-07-2026,CM,BSE,STK,542905,INE05AN01011,HINDWAREAP,B,,,,,Hindware Home Innovation Limit,245,250,245,248.65,247,245.45,,247.65,,,4527,1122982,136,F1,1,,,,,
10-07-2026,10-07-2026,CM,BSE,STK,542906,INE771C01014,EASUN,XT,,,,,Easun Capital Markets Limited,60.5,60.5,60.5,60.5,60.5,60.63,,60.5,,,11,665,1,F1,1,,,,,
10-07-2026,10-07-2026,CM,BSE,STK,542907,INE689W01016,PRINCEPIPE,B,,,,,Prince Pipes and Fittings Limi,265.8,269.4,265.8,267.4,267.4,266.15,,267.6,,,10366,2776933,194,F1,1,,,,,
10-07-2026,10-07-2026,CM,BSE,STK,542909,INF754K01KO2,EBBETF0430,F,,,,,Edelweiss Mutual Fund,1616.63,1616.63,1603.66,1604.47,1606.36,1604.63,,1604.73,,,73,117395,26,F1,1,,,,,
10-07-2026,10-07-2026,CM,BSE,STK,542918,INE063601012,GIANLIFE,Z,,,,,Gian Life Care Limited,5.08,5.08,4.8,4.94,4.94,4.94,,4.94,,,2046,10072,19,F1,1,,,,,
10-07-2026,10-07-2026,CM,BSE,STK,542919,INE025R01021,ARTEMISMED,B,,,,,Artemis Medicare Services Limi,269.85,279,268.85,277.2,275.5,268,,277,,,12591,3473949,402,F1,1,,,,,
10-07-2026,10-07-2026,CM,BSE,STK,542920,INE258G01013,SUMICHEM,A,,,,,SUMITOMO CHEMICAL INDIA LIMITE,486.65,515.75,478.55,513.65,513.6,480.7,,513.7,,,79362,39944641,1772,F1,1,,,,,
10-07-2026,10-07-2026,CM,BSE,STK,542921,INF109KC11W8,MIDCAPIETF,B,,,,,ICICI Prudential Mutual Fund,24.06,24.08,23.7,23.98,23.96,23.67,,23.94,,,70989,1697068,326,F1,1,,,,,
10-07-2026,10-07-2026,CM,BSE,STK,542922,INF769K01FN2,NEXT50,B,,,,,Mirae Asset Mutual Fund,743.35,746.94,742.83,746.4,746.94,736.89,,746.22,,,564,420178,28,F1,1,,,,,
10-07-2026,10-07-2026,CM,BSE,STK,542934,INE07QQ01016,CBPL,M,,,,,Chandra Bhagat Pharma Limited,38.55,38.55,38.55,38.55,38.55,40.57,,38.55,,,1000,38550,1,F1,1000,,,,,
10-07-2026,10-07-2026,CM,BSE,STK,543064,INE03QK01018,COHANCE,A,,,,,Cohance Lifesciences Limited,444.75,456,442.95,451.55,451.2,440.6,,451.9,,,61887,27956782,1735,F1,1,,,,,
10-07-2026,10-07-2026,CM,BSE,STK,543066,INE018E01016,SBICARD,A,,,,,SBI CARDS AND PAYMENT SERVICES,590.6,614.15,590.55,611.65,611,588.1,,611.65,,,63976,38854250,2050,F1,1,,,,,
10-07-2026,10-07-2026,CM,BSE,STK,543071,INF204KB10R1,07AGG,F,,,,,Nippon India Mutual Fund,15.94,15.94,13.08,13.2,13.2,14.53,,13.2,,,4600,61424,32,F1,1,,,,,
10-07-2026,10-07-2026,CM,BSE,STK,543079,INF204KB16R8,07GPG,F,,,,,Nippon India Mutual Fund,3.85,3.85,3.3,3.43,3.43,3.5,,3.43,,,9423,36043,16,F1,1,,,,,
10-07-2026,10-07-2026,CM,BSE,STK,543083,INF204KB10P5,09MPD,F,,,,,Nippon India Mutual Fund,0.19,0.19,0.19,0.19,0.19,0.18,,0.19,,,407,77,2,F1,1,,,,,
10-07-2026,10-07-2026,CM,BSE,STK,543092,INF204KB19O9,09GPG,F,,,,,Nippon India Mutual Fund,9.37,9.37,9.37,9.37,9.37,10.41,,9.37,,,210,1967,2,F1,1,,,,,
10-07-2026,10-07-2026,CM,BSE,STK,543110,INF789F1ARQ7,UTCRFS2RGR,F,,,,,UTI Mutual Fund,10.31,10.31,10.31,10.31,10.31,9.38,,10.31,,,2,20,2,F1,1,,,,,
10-07-2026,10-07-2026,CM,BSE,STK,543144,INF204KB11T5,08MPD,B,,,,,Nippon India Mutual Fund,5.72,5.72,5,5,5,5.2,,5,,,1902,10289,8,F1,1,,,,,
10-07-2026,10-07-2026,CM,BSE,STK,543150,INF204KB16S6,08GPG,B,,,,,Nippon India Mutual Fund,1.81,1.96,1.66,1.85,1.87,1.81,,1.85,,,4573,8559,29,F1,1,,,,,
10-07-2026,10-07-2026,CM,BSE,STK,543165,INF204KB17P0,10ARD,F,,,,,Nippon India Mutual Fund,104.5,104.5,104.5,104.5,104.5,95,,104.5,,,101,10554,3,F1,1,,,,,
10-07-2026,10-07-2026,CM,BSE,STK,543167,INF204KB19P6,10GPG,F,,,,,Nippon India Mutual Fund,1.74,2.09,1.74,1.95,1.95,1.93,,1.95,,,2803,4951,9,F1,1,,,,,
10-07-2026,10-07-2026,CM,BSE,STK,543171,INE0BDU01028,ROJL,B,,,,,RO Jewels Limited,1.7,1.7,1.64,1.64,1.64,1.65,,1.64,,,12235,20322,36,F1,1,,,,,
10-07-2026,10-07-2026,CM,BSE,STK,543172,INE0CQB01010,COSPOWER,MT,,,,,Cospower Engineering Limited,1710,1870,1710,1859.5,1860,1800,,1859.5,,,875,1584750,7,F1,125,,,,,
10-07-2026,10-07-2026,CM,BSE,STK,543173,INF204KB14U7,11DPR,B,,,,,Nippon India Mutual Fund,12.33,13.46,12.33,13.42,13.46,12.3,,13.42,,,1849,22842,22,F1,1,,,,,
10-07-2026,10-07-2026,CM,BSE,STK,543174,INF204KB10U5,11GPG,B,,,,,Nippon India Mutual Fund,1.78,1.82,1.73,1.81,1.81,1.78,,1.81,,,6764,12277,18,F1,1,,,,,
10-07-2026,10-07-2026,CM,BSE,STK,543175,INF204KB15U4,11MPD,B,,,,,Nippon India Mutual Fund,2.89,2.89,2.73,2.75,2.75,2.89,,2.75,,,3086,8914,6,F1,1,,,,,
10-07-2026,10-07-2026,CM,BSE,STK,543176,INF204KB16U2,11MPR,B,,,,,Nippon India Mutual Fund,55.34,55.34,45.35,49.76,45.35,50.31,,49.76,,,23,1178,14,F1,1,,,,,
10-07-2026,10-07-2026,CM,BSE,STK,543177,INF204KB11U3,11QPD,B,,,,,Nippon India Mutual Fund,6.31,6.72,6.3,6.35,6.35,6.74,,6.35,,,1076,6857,14,F1,1,,,,,
10-07-2026,10-07-2026,CM,BSE,STK,543178,INF204KB12U1,11QPR,B,,,,,Nippon India Mutual Fund,24.03,24.03,24.03,24.03,24.03,26.6,,24.03,,,1,24,1,F1,1,,,,,
10-07-2026,10-07-2026,CM,BSE,STK,543181,INF204KB13T1,11AGG,B,,,,,Nippon India Mutual Fund,29.89,29.89,29.74,29.74,29.74,28.69,,29.74,,,53,1581,4,F1,1,,,,,
10-07-2026,10-07-2026,CM,BSE,STK,543182,INF204KB18T0,11AMD,B,,,,,Nippon India Mutual Fund,32.85,33.3,32.85,33.3,33.3,32.08,,33.3,,,2,66,2,F1,1,,,,,
10-07-2026,10-07-2026,CM,BSE,STK,543184,INF204KB14T9,11AQD,B,,,,,Nippon India Mutual Fund,23.24,23.28,21.2,21.2,21.2,23.35,,21.2,,,21,468,3,F1,1,,,,,
10-07-2026,10-07-2026,CM,BSE,STK,543186,INF204KB13U9,11DPD,B,,,,,Nippon India Mutual Fund,3.26,3.6,3.23,3.57,3.57,3.56,,3.57,,,782,2748,14,F1,1,,,,,
10-07-2026,10-07-2026,CM,BSE,STK,543187,INE07Y701011,POWERINDIA,A,,,,,HITACHI ENERGY INDIA LIMITED,32848.05,32972.7,32400,32602.95,32630,32607.5,,32605,,,4964,162139759,1237,F1,1,,,,,
10-07-2026,10-07-2026,CM,BSE,STK,543193,INE0B1K01014,DJML,B,,,,,DJ Mediaprint & Logistics Limi,118,118.2,110,113.7,112.1,115.4,,113.37,,,57345,6633661,812,F1,1,,,,,
10-07-2026,10-07-2026,CM,BSE,STK,543207,INE06MM01016,NATURAL,X,,,,,Natural Biocon (India) Limited,3.77,3.77,3.56,3.61,3.6,3.74,,3.61,,,17064,61683,58,F1,1,,,,,
10-07-2026,10-07-2026,CM,BSE,STK,543208,INE745R01024,REGIS,X,,,,,REGIS INDUSTRIES LIMITED,2.44,2.44,2.26,2.28,2.29,2.25,,2.28,,,119860,274783,133,F1,1,,,,,
10-07-2026,10-07-2026,CM,BSE,STK,543210,INE09EO01013,AARTISURF,B,,,,,Aarti Surfactants Limited,379.9,389,379.75,385.6,387.3,372.05,,386.75,,,1659,635224,104,F1,1,,,,,
10-07-2026,10-07-2026,CM,BSE,STK,543211,INE0B9A01018,BONLON,B,,,,,BONLON INDUSTRIES LIMITED,41.63,42.99,41.51,42,42,41.83,,41.74,,,1362,56847,39,F1,1,,,,,
10-07-2026,10-07-2026,CM,BSE,STK,543212,INE02PY01013,BOROLTD,B,,,,,Borosil Limited,231.65,233.8,230,232.1,232.4,231.05,,231.98,,,6110,1418571,219,F1,1,,,,,
10-07-2026,10-07-2026,CM,BSE,STK,543213,INE02A801020,ROSSARI,B,,,,,ROSSARI BIOTECH LIMITED,520,532,506,525.7,526,517.8,,524.25,,,2362,1248802,184,F1,1,,,,,
10-07-2026,10-07-2026,CM,BSE,STK,543214,INE07OG01012,NDRAUTO,B,,,,,NDR Auto Components Limited,861,868,848.5,853.65,858.6,852.3,,854.7,,,1847,1585471,151,F1,1,,,,,
10-07-2026,10-07-2026,CM,BSE,STK,543216,INF754K01LE1,EBBETF0431,F,,,,,Edelweiss Mutual Fund,1439,1445.46,1438.4,1440.78,1445.46,1438.39,,1441.23,,,385,554987,21,F1,1,,,,,
10-07-2026,10-07-2026,CM,BSE,STK,543217,INE0CCU25019,MINDSPACE,IF,,,,,Mindspace Business Parks REIT,489.9,489.9,486.8,488.82,488.83,487.24,,488.5,,,4477,2186344,258,F1,1,,,,,
10-07-2026,10-07-2026,CM,BSE,STK,543218,INE05ST01028,SBGLP,B,,,,,SURATWWALA BUSINESS GROUP LIMI,24.9,24.97,23.72,23.72,23.72,24.69,,25.17,,,3003,74908,110,F1,1,,,,,
10-07-2026,10-07-2026,CM,BSE,STK,543219,INF109KC17V7,ALPL30IETF,B,,,,,ICICI Prudential Mutual Fund,27.62,27.81,27.61,27.78,27.8,27.58,,27.8,,,27379,757606,111,F1,1,,,,,
10-07-2026,10-07-2026,CM,BSE,STK,543220,INE027H01010,MAXHEALTH,A,,,,,Max Healthcare Institute Limit,1099.1,1113.95,1086.35,1108.15,1108.15,1100.9,,1108.1,,,59704,65829321,2783,F1,1,,,,,
10-07-2026,10-07-2026,CM,BSE,STK,543221,INF109KC16I6,ITIETF,B,,,,,ICICI Prudential Mutual Fund,30.55,31.56,30.42,31.02,31,30.42,,31.02,,,56358,1758642,91,F1,1,,,,,
10-07-2026,10-07-2026,CM,BSE,STK,543223,INE0CG601016,MAXIND,B,,,,,Max India Limited,159.85,167.25,156.55,164.95,164.95,156.2,,164.18,,,3586,575740,117,F1,1,,,,,
10-07-2026,10-07-2026,CM,BSE,STK,543224,INF179KC1HY0,HDFCNIFBAN,B,,,,,HDFC Mutual Fund,59.58,59.83,59.43,59.58,59.58,58.43,,59.66,,,1990,118700,29,F1,1,,,,,
10-07-2026,10-07-2026,CM,BSE,STK,543225,INE0BWS23018,ALTIUSINVIT,IF,,,,,Altius Telecom Infrastructure,168.5,169.39,168.5,169.39,169.39,168.28,,169.39,,,100000,16916750,2,F1,25000,,,,,
10-07-2026,10-07-2026,CM,BSE,STK,543226,INF789F1AUV1,BANKBETA,B,,,,,UTI Mutual Fund,59.63,60.12,59.32,59.95,59.88,59.14,,59.95,,,2966,177526,62,F1,1,,,,,
10-07-2026,10-07-2026,CM,BSE,STK,543227,INE419U01012,HAPPSTMNDS,A,,,,,Happiest Minds Technologies Li,372.9,393.7,370.2,386.25,386.25,365.6,,386.3,,,279454,107403696,6284,F1,1,,,,,
10-07-2026,10-07-2026,CM,BSE,STK,543228,INE450U01017,ROUTE,B,,,,,Route Mobile Limited,539.95,548.05,539.95,546.3,546.55,537.9,,546.25,,,4457,2431894,535,F1,1,,,,,
10-07-2026,10-07-2026,CM,BSE,STK,543230,INE0ALI01010,ADVAIT,B,,,,,ADVAIT ENERGY TRANSITIONS LIMI,2215.5,2275,2162.2,2208.5,2200,2196.35,,2207.6,,,13821,30649672,1600,F1,1,,,,,
10-07-2026,10-07-2026,CM,BSE,STK,543231,INE0CHO01012,ADL,B,,,,,Archidply Decor Limited,70.46,73.86,68.01,69.47,73.86,71.02,,69.02,,,58,4057,5,F1,1,,,,,
10-07-2026,10-07-2026,CM,BSE,STK,543232,INE596I01020,CAMS,A,,,,,Computer Age Management Servic,778.1,795,777.8,789.6,789.6,775,,790.45,,,98101,77126584,2415,F1,1,,,,,
10-07-2026,10-07-2026,CM,BSE,STK,543233,INE03YM01018,CHEMCON,T,,,,,Chemcon Speciality Chemicals L,183.2,188,178.05,185,185,183,,184.34,,,3666,674899,98,F1,1,,,,,
10-07-2026,10-07-2026,CM,BSE,STK,543234,INE0BTM01013,SECMARK,B,,,,,Secmark Consultancy Limited,143.25,143.25,129.4,135,135,134.45,,125.83,,,3,407,3,F1,1,,,,,
10-07-2026,10-07-2026,CM,BSE,STK,543235,INE732I01021,ANGELONE,A,,,,,ANGEL ONE LIMITED,344.05,349.45,342.7,346.1,346.1,341,,346.05,,,171756,59504386,2155,F1,1,,,,,
10-07-2026,10-07-2026,CM,BSE,STK,543236,INE09KD01013,ATAM,B,,,,,Atam Valves Limited,68.5,68.5,68,68.24,68,68.25,,68.19,,,143,9765,10,F1,1,,,,,
10-07-2026,10-07-2026,CM,BSE,STK,543237,INE249Z01020,MAZDOCK,A,,,,,Mazagon Dock Shipbuilders Limi,2381.95,2433.55,2374,2420.1,2420.1,2373.55,,2420.1,,,122197,294093195,7358,F1,1,,,,,
10-07-2026,10-07-2026,CM,BSE,STK,543238,INE094J01016,UTIAMC,A,,,,,UTI Asset Management Company L,995.8,1009.45,989.25,1003.9,1008,983.5,,1004.3,,,38887,38837431,1243,F1,1,,,,,
10-07-2026,10-07-2026,CM,BSE,STK,543240,INE060901027,LIKHITHA,T,,,,,Likhitha Infrastructure Limite,239.85,248,237,243.8,241.1,239.85,,243.35,,,4069,974139,64,F1,1,,,,,
10-07-2026,10-07-2026,CM,BSE,STK,543241,INE244W01010,VGIL,T,,,,,Veer Global Infraconstruction,140.9,142.9,135,139.5,139.5,137.5,,139.5,,,2862,398443,59,F1,1,,,,,
10-07-2026,10-07-2026,CM,BSE,STK,543242,INE0AJG01018,HEMIPROP,B,,,,,Hemisphere Properties India Li,136.9,139.6,136.9,139.15,138.75,136.9,,138.94,,,20172,2795711,276,F1,1,,,,,
10-07-2026,10-07-2026,CM,BSE,STK,543243,INE063P01018,EQUITASBNK,A,,,,,Equitas Small Finance Bank Lim,78.11,82.8,78.11,82.21,82.21,78.2,,82.24,,,872421,70842016,3974,F1,1,,,,,
10-07-2026,10-07-2026,CM,BSE,STK,543244,INE0BLY01023,SHINEFASH,MT,,,,,Shine Fashions (India) Limited,16.76,18.51,16.75,18.51,18.51,17.63,,18.51,,,32000,557120,7,F1,4000,,,,,
10-07-2026,10-07-2026,CM,BSE,STK,543245,INE068V01023,GLAND,A,,,,,Gland Pharma Limited,2470.95,2526,2455,2479.7,2478,2469.05,,2479.4,,,18421,45850459,1164,F1,1,,,,,
10-07-2026,10-07-2026,CM,BSE,STK,543246,INF769K01GS9,ESG,B,,,,,Mirae Asset Mutual Fund,41.53,41.8,41.53,41.65,41.65,41.16,,41.68,,,1630,67888,12,F1,1,,,,,
10-07-2026,10-07-2026,CM,BSE,STK,543248,INE07T201019,RBA,A,,,,,Restaurant Brands Asia Limited,74.99,74.99,72.45,73.09,72.67,74.57,,73.51,,,99027,7259407,617,F1,1,,,,,
10-07-2026,10-07-2026,CM,BSE,STK,543249,INE0EK901012,TARC,B,,,,,TARC LIMITED,124.95,125.15,123.2,124.05,124.05,124.25,,124.2,,,33573,4164572,355,F1,1,,,,,
10-07-2026,10-07-2026,CM,BSE,STK,543250,INF247L01AK4,MOGSEC,F,,,,,Motilal Oswal Mutual Fund,65.16,65.92,64.88,65.11,65.11,65.15,,65.22,,,78,5084,62,F1,1,,,,,
10-07-2026,10-07-2026,CM,BSE,STK,543251,INE09E501017,RVHL,B,,,,,Ravinder Heights Limited,45.68,45.68,44.77,45.12,45.12,44.75,,45.03,,,19,854,3,F1,1,,,,,
10-07-2026,10-07-2026,CM,BSE,STK,543252,INE0DNW01011,FAIRCHEMOR,T,,,,,Fairchem Organics Limited,720,742,697,704.25,701.4,707,,700.6,,,225,161780,26,F1,1,,,,,
10-07-2026,10-07-2026,CM,BSE,STK,543253,INE495P01020,BECTORFOOD,A,,,,,Mrs. Bectors Food Specialities,172.1,174,168.95,169.45,169.45,171,,169.37,,,1147857,195176503,1568,F1,1,,,,,
10-07-2026,10-07-2026,CM,BSE,STK,543254,INE01BK01022,AWHCL,B,,,,,Antony Waste Handling Cell Lim,455.2,469,455.2,467,462.4,454.15,,464.95,,,5911,2738636,242,F1,1,,,,,
10-07-2026,10-07-2026,CM,BSE,STK,543255,INF732E01268,INFRABEES,B,,,,,Nippon India Mutual Fund,966.53,974.58,966.53,973.19,971.69,962.04,,972.46,,,627,608764,204,F1,1,,,,,
10-07-2026,10-07-2026,CM,BSE,STK,543256,INE018S01016,RFLL,X,,,,,RITA FINANCE AND LEASING LIMIT,9.72,10.26,9.3,9.36,9.36,9.78,,9.36,,,291282,2773289,217,F1,1,,,,,
10-07-2026,10-07-2026,CM,BSE,STK,543257,INE053F01010,IRFC,A,,,,,Indian Railway Finance Corpora,88.29,90,88.29,89.88,89.88,88.13,,89.9,,,1108623,99198210,8538,F1,1,,,,,
10-07-2026,10-07-2026,CM,BSE,STK,543258,INE09VQ01012,INDIGOPNTS,B,,,,,Indigo Paints Limited,1040.05,1063.15,1040.05,1052.25,1051.8,1040.95,,1052.4,,,2113,2230263,250,F1,1,,,,,
10-07-2026,10-07-2026,CM,BSE,STK,543259,INE481N01025,HOMEFIRST,A,,,,,Home First Finance Company Ind,1208.95,1228,1196.2,1222.8,1222.45,1203.55,,1222.7,,,10135,12345818,587,F1,1,,,,,
10-07-2026,10-07-2026,CM,BSE,STK,543260,INE00IN01015,STOVEKRAFT,B,,,,,STOVE KRAFT LIMITED,808.75,818.95,790,797.95,797.95,798.65,,798.9,,,7263,5830661,449,F1,1,,,,,
10-07-2026,10-07-2026,CM,BSE,STK,543261,INE0FDU25010,BIRET,IF,,,,,Brookfield India Real Estate T,337.93,338.12,335.24,338.01,337.5,336.54,,337.69,,,4575,1540699,342,F1,1,,,,,
10-07-2026,10-07-2026,CM,BSE,STK,543262,INE0D7801012,MRP,M,,,,,MRP Agro Limited,91,97,91,94.5,94.5,89.69,,94.5,,,24000,2248490,17,F1,1000,,,,,
10-07-2026,10-07-2026,CM,BSE,STK,543263,INE103C01036,SMCGLOBAL,B,,,,,SMC Global Securities Limited,71.84,75.9,70.82,74.98,74.98,70.41,,75.08,,,44776,3303287,418,F1,1,,,,,
10-07-2026,10-07-2026,CM,BSE,STK,543264,INE0DSF01015,NURECA,B,,,,,Nureca Limited,230,234,230,233.9,233.9,230,,233.51,,,1215,284032,22,F1,1,,,,,
10-07-2026,10-07-2026,CM,BSE,STK,543265,INE0DD101019,RAILTEL,A,,,,,RailTel Corporation of India L,303.55,313.25,303.55,307.7,307.7,303,,307.5,,,90647,28084632,1921,F1,1,,,,,
10-07-2026,10-07-2026,CM,BSE,STK,543266,INE694N01015,HERANBA,B,,,,,Heranba Industries Limited,180.2,184.3,179.95,182.4,182.7,177.7,,182.86,,,2760,504301,99,F1,1,,,,,
10-07-2026,10-07-2026,CM,BSE,STK,543267,INE179G01029,DAVANGERE,B,,,,,Davangere Sugar Company Limite,3.63,3.63,3.48,3.52,3.52,3.57,,3.5,,,815369,2881110,414,F1,1,,,,,
10-07-2026,10-07-2026,CM,BSE,STK,543268,INE03RS01027,DRCSYSTEMS,B,,,,,DRC Systems India Limited,13.8,14.32,13.63,13.71,13.63,13.96,,13.64,,,7633,105423,97,F1,1,,,,,
10-07-2026,10-07-2026,CM,BSE,STK,543270,INE864I01014,MTARTECH,T,,,,,MTAR Technologies Limited,6965.35,7167,6855,7104.1,7104.1,6943.9,,7101,,,9629,67663062,1498,F1,1,,,,,
10-07-2026,10-07-2026,CM,BSE,STK,543271,INE0BY001018,JUBLINGREA,A,,,,,Jubilant Ingrevia Limited,716.75,730.35,714.15,722.75,722.75,715.7,,722.35,,,558532,404929249,1346,F1,1,,,,,
10-07-2026,10-07-2026,CM,BSE,STK,543272,INE07O001026,EASEMYTRIP,A,,,,,Easy Trip Planners Limited,6.78,7.05,6.74,6.92,6.93,6.76,,6.9,,,1970175,13580448,1692,F1,1,,,,,
10-07-2026,10-07-2026,CM,BSE,STK,543273,INE0CJD01029,KMEW,B,,,,,Knowledge Marine & Engineering,2294,2435,2293.6,2410.15,2410.15,2270.3,,2412.3,,,32635,77438449,2869,F1,1,,,,,
10-07-2026,10-07-2026,CM,BSE,STK,543275,INE930P01018,ANURAS,A,,,,,Anupam Rasayan India Limited,1269,1281.05,1265.45,1267.55,1268,1265.65,,1268,,,1491,1894621,124,F1,1,,,,,
10-07-2026,10-07-2026,CM,BSE,STK,543276,INE00LO01017,CRAFTSMAN,A,,,,,Craftsman Automation Limited,9397.8,9397.8,9121,9276.95,9276.95,9274.45,,9299.5,,,1050,9789926,220,F1,1,,,,,
10-07-2026,10-07-2026,CM,BSE,STK,543277,INE576O01020,LXCHEM,A,,,,,Laxmi Organic Industries Limit,153.1,157.35,153.1,155.45,155.55,152.6,,155.5,,,21076,3285191,402,F1,1,,,,,
10-07-2026,10-07-2026,CM,BSE,STK,543278,INE303R01014,KALYANKJIL,A,,,,,Kalyan Jewellers India Limited,449,483.1,446,476.25,476.25,444.55,,476.15,,,8174463,3846390249,82655,F1,1,,,,,
10-07-2026,10-07-2026,CM,BSE,STK,543279,INE428Q01011,SURYODAY,B,,,,,Suryoday Small Finance Bank Li,178.5,185.5,178.35,184.3,184.3,177.1,,184.31,,,34091,6209530,664,F1,1,,,,,
10-07-2026,10-07-2026,CM,BSE,STK,543280,INE418L01047,NAZARA,A,,,,,Nazara Technologies Limited,305,309.95,302.9,304.05,304.05,303.65,,304.3,,,36869,11295185,1619,F1,1,,,,,
10-07-2026,10-07-2026,CM,BSE,STK,543281,INE018401013,SUVIDHAA,B,,,,,Suvidhaa Infoserve Limited,2.58,2.63,2.54,2.55,2.55,2.57,,2.55,,,27050,69296,59,F1,1,,,,,
10-07-2026,10-07-2026,CM,BSE,STK,543283,INE382M01027,UFBL,B,,,,,UNITED FOODBRANDS LIMITED,757.7,763.35,729.5,758.35,758.35,727,,755.95,,,14500,10867861,705,F1,1,,,,,
10-07-2026,10-07-2026,CM,BSE,STK,543284,INE0CPR01018,EKI,B,,,,,EKI Energy Services Limited,81.16,89.57,81.16,89.57,89.57,81.43,,89.57,,,59078,5161395,580,F1,1,,,,,
10-07-2026,10-07-2026,CM,BSE,STK,543285,INE0CQ101015,RCAN,M,,,,,Rajeshwari Cans Limited,16.99,16.99,16,16.11,16.75,16.13,,16.11,,,14000,228964,20,F1,400,,,,,
10-07-2026,10-07-2026,CM,BSE,STK,543287,INE670K01029,LODHA,A,,,,,Lodha Developers Limited,1184.15,1225,1140,1221.15,1221.15,1195.3,,1220.8,,,363091,429905085,14526,F1,1,,,,,
10-07-2026,10-07-2026,CM,BSE,STK,543288,INE0FHS01024,DEEPINDS,B,,,,,Deep Industries Limited,459,469.35,456.3,465.35,465,454.65,,465.3,,,6775,3138223,310,F1,1,,,,,
10-07-2026,10-07-2026,CM,BSE,STK,543290,INE0GGX23010,PGINVIT,IF,,,,,POWERGRID Infrastructure Inves,96.84,99.69,96.7,96.79,96.79,96.67,,96.75,,,508001,49479366,1142,F1,1,,,,,
10-07-2026,10-07-2026,CM,BSE,STK,543291,INF769K01HF4,MAFANG,B,,,,,Mirae Asset Mutual Fund,194.17,194.17,194.17,194.17,194.17,194.06,,194.17,,,2400,466008,47,F1,1,,,,,
10-07-2026,10-07-2026,CM,BSE,STK,543292,INF109KC1Q72,HEALTHIETF,B,,,,,ICICI Prudential Mutual Fund,166.7,168.14,166.5,167.34,166.95,167.71,,167.53,,,12489,2093674,231,F1,1,,,,,
10-07-2026,10-07-2026,CM,BSE,STK,543298,INE505Y01010,VINEETLAB,T,,,,,Vineet Laboratories Limited,32.55,32.91,31.75,32.54,31.95,33.07,,32.24,,,3245,105286,56,F1,1,,,,,
10-07-2026,10-07-2026,CM,BSE,STK,543299,INE810G01011,SHYAMMETL,A,,,,,Shyam Metalics and Energy Limi,959,978.25,951.9,973.2,977.6,945.8,,975,,,7376,7156418,381,F1,1,,,,,
10-07-2026,10-07-2026,CM,BSE,STK,543300,INE073K01018,SONACOMS,A,,,,,Sona BLW Precision Forgings Li,677.9,682.2,662.2,668,667.75,670.5,,668.55,,,47842,32197365,2016,F1,1,,,,,
10-07-2026,10-07-2026,CM,BSE,STK,543306,INE021O01019,DODLA,A,,,,,Dodla Dairy Limited,1116,1118.1,1103.75,1115.8,1117,1114.5,,1118.1,,,405,449480,50,F1,1,,,,,
10-07-2026,10-07-2026,CM,BSE,STK,543308,INE967H01025,KIMS,A,,,,,Krishna Institute of Medical S,817.95,824,809.4,815.45,813.9,815.2,,814.9,,,340138,276239633,882,F1,1,,,,,
10-07-2026,10-07-2026,CM,BSE,STK,543310,INE0B6101012,TIMESGREEN,MT,,,,,Times Green Energy (India) Lim,70,71,70,71,71,69,,71,,,172000,12207960,11,F1,4000,,,,,
10-07-2026,10-07-2026,CM,BSE,STK,543311,INE0D6701023,IPL,B,,,,,India Pesticides Limited,156.25,160,156.05,157,157.45,157.8,,157.36,,,18932,2990389,424,F1,1,,,,,
10-07-2026,10-07-2026,CM,BSE,STK,543317,INE201P01022,GRINFRA,A,,,,,G R Infraprojects Limited,899.65,919.95,897.75,908.8,915.8,890.25,,909.1,,,369,333826,74,F1,1,,,,,
10-07-2026,10-07-2026,CM,BSE,STK,543318,INE227W01023,CLEAN,A,,,,,Clean Science and Technology L,775.45,780.45,764.8,770.05,771,766.45,,770.05,,,13876,10706987,954,F1,1,,,,,
10-07-2026,10-07-2026,CM,BSE,STK,543320,INE758T01015,ETERNAL,A,,,,,Eternal Limited,295.05,295.8,287.45,289.65,289.65,292.25,,289.65,,,701753,203785218,7314,F1,1,,,,,
10-07-2026,10-07-2026,CM,BSE,STK,543321,INE0GK401011,TATVA,B,,,,,Tatva Chintan Pharma Chem Limi,1250.05,1334.35,1245,1322,1331.6,1240.35,,1326.4,,,6817,8839890,815,F1,1,,,,,
10-07-2026,10-07-2026,CM,BSE,STK,543322,INE03Q201024,ALIVUS,A,,,,,ALIVUS LIFE SCIENCES LIMITED,1152.7,1164,1150.5,1160.45,1160,1142.45,,1160.1,,,2144,2481398,215,F1,1,,,,,
10-07-2026,10-07-2026,CM,BSE,STK,543323,INF769K01HI8,BFSI,B,,,,,Mirae Asset Mutual Fund,27.69,27.91,27.69,27.83,27.91,27.54,,27.86,,,6407,178191,237,F1,1,,,,,
10-07-2026,10-07-2026,CM,BSE,STK,543324,INE199P01028,GCSL,B,,,,,Gretex Corporate Services Limi,496.7,498.55,484.35,490.15,493.2,492.6,,491.75,,,2486,1213139,68,F1,1,,,,,
10-07-2026,10-07-2026,CM,BSE,STK,543325,INE645S01024,ROLEXRINGS,B,,,,,Rolex Rings Limited,144.95,144.95,140.45,140.95,140.8,142.8,,141.07,,,38058,5385067,373,F1,1,,,,,
10-07-2026,10-07-2026,CM,BSE,STK,543326,INF109KC19V3,FMCGIETF,B,,,,,ICICI Prudential Mutual Fund,52.52,53.41,52.52,52.85,52.9,52.87,,52.82,,,12130,642098,223,F1,1,,,,,
10-07-2026,10-07-2026,CM,BSE,STK,543327,INE0GFE01026,EXXARO,B,,,,,Exxaro Tiles Limited,6.54,6.67,6.54,6.57,6.56,6.58,,6.55,,,7950,52337,51,F1,1,,,,,
10-07-2026,10-07-2026,CM,BSE,STK,543328,INE08LI01020,KRSNAA,B,,,,,Krsnaa Diagnostics Limited,574.95,574.95,552.55,557,552.55,557.95,,556.75,,,7235,4027068,204,F1,1,,,,,
10-07-2026,10-07-2026,CM,BSE,STK,543329,INE0H5O01029,WINDLAS,B,,,,,Windlas Biotech Limited,846.8,846.8,828.15,829.8,830,825.45,,829.95,,,1772,1478225,245,F1,1,,,,,
10-07-2026,10-07-2026,CM,BSE,STK,543330,INE872J01023,DEVYANI,A,,,,,Devyani International Limited,112.85,113.25,111.05,112.3,112.5,111.95,,112.46,,,137589,15418946,1891,F1,1,,,,,
10-07-2026,10-07-2026,CM,BSE,STK,543331,INE0CT101020,MOL,B,,,,,Meghmani Organics Limited,47.5,47.56,46.85,47.02,47.31,46.44,,47.04,,,27439,1292683,384,F1,1,,,,,
10-07-2026,10-07-2026,CM,BSE,STK,543332,INE071N01016,EPIGRAL,A,,,,,Epigral Limited,1010.25,1013.5,968.55,979,987.4,995.85,,977.7,,,5972,5900426,418,F1,1,,,,,
10-07-2026,10-07-2026,CM,BSE,STK,543333,INE290S01011,CARTRADE,A,,,,,CarTrade Tech Limited,2748.35,2830,2745.15,2808.95,2808.95,2732.55,,2809.9,,,12586,35174003,775,F1,1,,,,,
10-07-2026,10-07-2026,CM,BSE,STK,543334,INE118D01016,NUVOCO,A,,,,,Nuvoco Vistas Corporation Limi,314.75,326,314.75,320.05,319.25,312.3,,320.2,,,9749,3131303,373,F1,1,,,,,
10-07-2026,10-07-2026,CM,BSE,STK,543335,INE852O01025,APTUS,A,,,,,Aptus Value Housing Finance In,283.7,284.9,282.05,283.75,283.5,279.05,,283.8,,,13474,3822719,266,F1,1,,,,,
10-07-2026,10-07-2026,CM,BSE,STK,543336,INE488A01050,CHEMPLASTS,B,,,,,Chemplast Sanmar Limited,199,203.65,198.95,199.95,199.9,199.05,,201.06,,,12183,2451257,276,F1,1,,,,,
10-07-2026,10-07-2026,CM,BSE,STK,543341,INE647W01014,SHARPLINE,X,,,,,SHARPLINE BROADCAST LIMITED,10.23,10.95,10.23,10.36,10.36,10.28,,10.36,,,1057,11265,13,F1,1,,,,,
10-07-2026,10-07-2026,CM,BSE,STK,543347,INF846K01Y96,ITAXIS,B,,,,,Axis Mutual Fund,305.86,314.56,305.86,308.25,308.25,303,,308.39,,,1119,348476,38,F1,1,,,,,
10-07-2026,10-07-2026,CM,BSE,STK,543348,INF846K01Z12,HEALTHAXIS,B,,,,,Axis Mutual Fund,165.85,166.14,165.04,165.04,165.04,166.51,,165.89,,,532,87918,4,F1,1,,,,,
10-07-2026,10-07-2026,CM,BSE,STK,543349,INE00FF01025,ACUTAAS,A,,,,,ACUTAAS CHEMICALS LIMITED,3475.5,3490.8,3371,3393.95,3393.95,3459.35,,3400.4,,,30950,105553852,3076,F1,1,,,,,
10-07-2026,10-07-2026,CM,BSE,STK,543350,INE043W01024,VIJAYA,A,,,,,Vijaya Diagnostic Centre Limit,1387.95,1397.7,1356.35,1389.45,1389.45,1381.35,,1389.1,,,17760,24566132,1087,F1,1,,,,,
10-07-2026,10-07-2026,CM,BSE,STK,543351,INE0GOA01018,NBL,TS,,,,,Naapbooks Limited,147.4,154.75,147,154.75,154.75,147.4,,154.75,,,69600,10619340,22,F1,1200,,,,,
10-07-2026,10-07-2026,CM,BSE,STK,543357,INF846K016C7,CONSUMAXIS,B,,,,,Axis Mutual Fund,120.04,120.04,120.04,120.04,120.04,121.08,,121.16,,,1,120,1,F1,1,,,,,
10-07-2026,10-07-2026,CM,BSE,STK,543358,INE953O01021,SANSERA,A,,,,,Sansera Engineering Limited,3148.95,3333.35,3148.95,3306.45,3300.3,3138.4,,3304.1,,,8837,28736318,861,F1,1,,,,,
10-07-2026,10-07-2026,CM,BSE,STK,543363,INE0GAO01018,PREVEST,M,,,,,Prevest Denpro Limited,382.55,387.55,380,381.15,380.15,387.55,,381.15,,,8600,3287270,20,F1,200,,,,,
10-07-2026,10-07-2026,CM,BSE,STK,543364,INE0FW001016,MARKOLINES,B,,,,,Markolines Pavement Technologi,167.55,167.7,164.6,166.85,166.85,165.35,,166.72,,,16296,2708273,329,F1,1,,,,,
10-07-2026,10-07-2026,CM,BSE,STK,543365,INF769K01HP3,MASPTOP50,B,,,,,Mirae Asset Mutual Fund,78.33,78.33,78.33,78.33,78.33,78.33,,78.33,,,514,40261,12,F1,1,,,,,
10-07-2026,10-07-2026,CM,BSE,STK,543366,INE0DLM01024,SBLI,MT,,,,,SBL Infratech Limited,43,43,43,43,43,42.95,,43,,,1200,51600,1,F1,1200,,,,,
10-07-2026,10-07-2026,CM,BSE,STK,543367,INE045601023,PARAS,A,,,,,Paras Defence and Space Techno,1228.15,1278.5,1195,1252.3,1252.3,1216.4,,1253.1,,,192296,237663108,6317,F1,1,,,,,
10-07-2026,10-07-2026,CM,BSE,STK,543373,INE0HLJ01013,SVRL,MT,,,,,Shri Venkatesh Refineries Limi,360,360,360,360,360,360.15,,360,,,1500,540000,2,F1,500,,,,,
10-07-2026,10-07-2026,CM,BSE,STK,543374,INE404A01024,ABSLAMC,A,,,,,Aditya Birla Sun Life AMC Limi,1151.1,1159.4,1135.35,1144.9,1156,1135.15,,1146.5,,,9089,10399087,533,F1,1,,,,,
10-07-2026,10-07-2026,CM,BSE,STK,543376,INE0GD201014,SAMOR,B,,,,,Samor Reality Limited,94,94,87.91,87.91,87.91,92.53,,87.91,,,3816,335556,14,F1,1,,,,,
10-07-2026,10-07-2026,CM,BSE,STK,543377,INE0CWK01019,ADISHAKTI,M,,,,,Adishakti Loha and Ispat Limit,13.2,13.2,12.56,12.95,13.09,12.85,,12.95,,,80000,1030000,8,F1,10000,,,,,
10-07-2026,10-07-2026,CM,BSE,STK,543378,INE0H8H01019,CWD,MS,,,,,CWD Limited,305.5,315.5,302.05,311.4,310,305.45,,311.4,,,11000,3392775,22,F1,500,,,,,
10-07-2026,10-07-2026,CM,BSE,STK,543383,INF109KC1V42,CONSUMIETF,B,,,,,ICICI Prudential Mutual Fund,120.35,122.75,120.35,121.33,122.75,121.57,,121.25,,,250,30327,14,F1,1,,,,,
10-07-2026,10-07-2026,CM,BSE,STK,543384,INE388Y01029,NYKAA,A,,,,,FSN E-Commerce Ventures Limite,327.9,330.85,324.8,330,330,323.95,,330.1,,,169384,55480950,2399,F1,1,,,,,
10-07-2026,10-07-2026,CM,BSE,STK,543386,INE02NC01014,FINOPB,B,,,,,Fino Payments Bank Limited,136.1,137.35,134.55,135.45,136.25,134.7,,135.4,,,8794,1191589,207,F1,1,,,,,
10-07-2026,10-07-2026,CM,BSE,STK,543387,INE284S01014,SJS,A,,,,,S.J.S. Enterprises Limited,2200,2229.85,2168.65,2178.15,2170,2198.85,,2183.3,,,2485,5469478,263,F1,1,,,,,
10-07-2026,10-07-2026,CM,BSE,STK,543388,INF740KA1QK2,EQUAL50ADD,B,,,,,DSP Mutual Fund,341.86,342.38,340.95,342.34,342.34,339,,342.08,,,1393,476524,38,F1,1,,,,,
10-07-2026,10-07-2026,CM,BSE,STK,543389,INE0D0K01022,SIGACHI,T,,,,,Sigachi Industries Limited,22.62,22.62,22.62,22.62,22.62,22.18,,22.62,,,852,19272,5,F1,1,,,,,
10-07-2026,10-07-2026,CM,BSE,STK,543390,INE417T01026,POLICYBZR,A,,,,,PB Fintech Limited,1573,1589,1568.8,1580.55,1580.55,1573,,1580.4,,,133552,210836107,4465,F1,1,,,,,
10-07-2026,10-07-2026,CM,BSE,STK,543391,INE07GA01011,SGFRL,M,,,,,Suyog Gurbaxani Funicular Rope,94.1,95,94.1,95,95,95.05,,95,,,1500,141825,2,F1,750,,,,,
10-07-2026,10-07-2026,CM,BSE,STK,543396,INE982J01020,PAYTM,A,,,,,One 97 Communications Limited,1270.95,1359.2,1270.05,1342.15,1342.15,1262.95,,1341.8,,,468214,620181691,19356,F1,1,,,,,
10-07-2026,10-07-2026,CM,BSE,STK,543397,INE806T01020,SAPPHIRE,A,,,,,Sapphire Foods India Limited,182.2,183.2,181.05,182.7,182.75,181.65,,182.65,,,9194,1676330,243,F1,1,,,,,
10-07-2026,10-07-2026,CM,BSE,STK,543398,INE0I7C01011,LATENTVIEW,A,,,,,Latent View Analytics Limited,304.25,308,300.1,301.4,300.6,299.8,,301.15,,,29166,8887474,759,F1,1,,,,,
10-07-2026,10-07-2026,CM,BSE,STK,543399,INE144Z01023,TARSONS,B,,,,,Tarsons Products Limited,288.55,309.45,288.55,304.55,304.55,288.2,,303.35,,,17743,5375909,452,F1,1,,,,,
10-07-2026,10-07-2026,CM,BSE,STK,543401,INE0BJS01011,GOCOLORS,B,,,,,Go Fashion (India) Limited,326.9,352.7,326.9,340,338,323.3,,340.05,,,28969,9829094,532,F1,1,,,,,
10-07-2026,10-07-2026,CM,BSE,STK,543410,INE07L501010,DMR,M,,,,,DMR ENGINEERING LIMITED,33.73,33.73,31.6,31.6,31.6,31,,31.6,,,9750,324714,3,F1,1950,,,,,
10-07-2026,10-07-2026,CM,BSE,STK,543411,INE106T01025,HITECH,B,,,,,HI-TECH PIPES LIMITED,85.79,87.38,85.39,86.95,86.85,84.17,,86.93,,,32896,2853346,337,F1,1,,,,,
10-07-2026,10-07-2026,CM,BSE,STK,543412,INE575P01011,STARHEALTH,A,,,,,Star Health and Allied Insuran,606.9,613.35,599,603.2,602.1,602.9,,603.25,,,433750,262880959,1083,F1,1,,,,,
10-07-2026,10-07-2026,CM,BSE,STK,543413,INE011K01018,TEGA,A,,,,,Tega Industries Limited,1680.7,1689.65,1661,1668.1,1661,1657.8,,1669,,,1039,1743883,132,F1,1,,,,,
10-07-2026,10-07-2026,CM,BSE,STK,543414,INF769K01HS7,MAHKTECH,B,,,,,Mirae Asset Mutual Fund,23.23,23.23,23.02,23.22,23.22,21.99,,23.22,,,124591,2888601,1001,F1,1,,,,,
10-07-2026,10-07-2026,CM,BSE,STK,543415,INE463V01026,ANANDRATHI,A,,,,,Anand Rathi Wealth Limited,2133.45,2215.35,2063,2150.35,2150.35,2098.75,,2147.3,,,138567,297014095,8662,F1,1,,,,,
10-07-2026,10-07-2026,CM,BSE,STK,543416,INE761Y01019,ZODIAC,T,,,,,Zodiac Energy Limited,268,279,261.7,272.8,274.5,267.1,,271.45,,,989,268825,38,F1,1,,,,,
10-07-2026,10-07-2026,CM,BSE,STK,543417,INE0CLI01024,RATEGAIN,A,,,,,RateGain Travel Technologies L,952.65,952.65,929.05,943.2,940.75,941.35,,944.6,,,18639,17506603,651,F1,1,,,,,
10-07-2026,10-07-2026,CM,BSE,STK,543418,INF754K01OB1,BBETF0432,F,,,,,Edelweiss Mutual Fund,1352.98,1428,1352.98,1374.1,1428,1352,,1361.63,,,61,83674,7,F1,1,,,,,
10-07-2026,10-07-2026,CM,BSE,STK,543419,INE217L01019,SHRIRAMPPS,B,,,,,Shriram Properties Limited,90,90.89,88.72,89.91,90.3,88.22,,89.96,,,40210,3603146,405,F1,1,,,,,
10-07-2026,10-07-2026,CM,BSE,STK,543420,INE982V01025,JETFREIGHT,B,,,,,Jet Freight Logistics Limited,21,21.33,20.51,21.03,21.15,20.81,,20.62,,,5284,111262,30,F1,1,,,,,
10-07-2026,10-07-2026,CM,BSE,STK,543425,INE0BV301023,MAPMYINDIA,A,,,,,C.E. Info Systems Limited,1071.05,1115.5,1065,1083.5,1082,1070.8,,1083.35,,,100743,109321383,3837,F1,1,,,,,
10-07-2026,10-07-2026,CM,BSE,STK,543426,INE317I01021,METROBRAND,A,,,,,Metro Brands Limited,1076.1,1086.8,1047.6,1064.55,1082.5,1066.15,,1060.1,,,8182,8778557,593,F1,1,,,,,
10-07-2026,10-07-2026,CM,BSE,STK,543427,INE804L01022,MEDPLUS,A,,,,,Medplus Health Services Limite,818.55,829.9,814.45,825.45,825.9,814.4,,826.1,,,3431,2817092,190,F1,1,,,,,
10-07-2026,10-07-2026,CM,BSE,STK,543428,INE0IX101010,DATAPATTNS,A,,,,,Data Patterns (India) Limited,4342.6,4355,4242,4341.85,4341.85,4290.55,,4342.9,,,34943,149981537,3624,F1,1,,,,,
10-07-2026,10-07-2026,CM,BSE,STK,543433,INE0GSL01024,HPAL,B,,,,,HP Adhesives Limited,35,35.95,34.65,34.84,34.85,34.92,,34.76,,,2066,72422,116,F1,1,,,,,
10-07-2026,10-07-2026,CM,BSE,STK,543434,INE07RO01027,SUPRIYA,A,,,,,Supriya Lifescience Limited,881,881,851.45,853.85,856,875.35,,854.5,,,14087,12139579,738,F1,1,,,,,
10-07-2026,10-07-2026,CM,BSE,STK,543437,INF247L01AU3,MONQ50,B,,,,,Motilal Oswal Mutual Fund,144.38,144.38,144.38,144.38,144.38,143.65,,144.38,,,199,28731,10,F1,1,,,,,
10-07-2026,10-07-2026,CM,BSE,STK,543438,INF740KA1ZF3,MIDQ50ADD,B,,,,,DSP Mutual Fund,24.81,24.97,24.75,24.94,24.97,24.61,,24.87,,,4022,99854,14,F1,1,,,,,
10-07-2026,10-07-2026,CM,BSE,STK,543440,INF740KA1CL0,NIFTYADD,B,,,,,DSP Mutual Fund,253,255.54,250.72,254.21,254.21,253,,254.44,,,341,86648,24,F1,1,,,,,
10-07-2026,10-07-2026,CM,BSE,STK,543441,INE925R01014,CMSINFO,A,,,,,CMS Info Systems Limited,259.5,264.85,258.05,262.55,262.55,257.9,,262.4,,,63727,16689698,1045,F1,1,,,,,
10-07-2026,10-07-2026,CM,BSE,STK,543442,INE977Y01011,BCONCEPTS,B,,,,,Brand Concepts Limited,211.85,217.95,211,213.6,214,211.9,,213.11,,,471,101752,37,F1,1,,,,,
10-07-2026,10-07-2026,CM,BSE,STK,543449,INE02WG01024,WEL,B,,,,,WONDER ELECTRICALS LIMITED,97,104.45,97,102,102,102.5,,102.54,,,14633,1489894,117,F1,1,,,,,
10-07-2026,10-07-2026,CM,BSE,STK,543450,INF109KC10V2,AUTOIETF,B,,,,,ICICI Prudential Mutual Fund,27.36,27.9,27.36,27.73,27.72,27.55,,27.76,,,8003,222301,245,F1,1,,,,,
10-07-2026,10-07-2026,CM,BSE,STK,543452,INF109KC1Y56,SILVERIETF,E,,,,,ICICI Prudential Mutual Fund,227.77,227.77,217.37,218.08,218.08,222.22,,218.07,,,155980,34197727,2565,F1,1,,,,,
10-07-2026,10-07-2026,CM,BSE,STK,543453,INE0KA601012,ALKOSIGN,M,,,,,ALKOSIGN LIMITED,60,66,60,66,66,65.83,,66,,,27000,1758757,6,F1,1125,,,,,
10-07-2026,10-07-2026,CM,BSE,STK,543454,INF769K01IB1,MAKEINDIA,B,,,,,Mirae Asset Mutual Fund,160.65,162.64,160.65,161.82,161.82,160.64,,162.18,,,1578,255617,36,F1,1,,,,,
10-07-2026,10-07-2026,CM,BSE,STK,543458,INE699H01024,AWL,A,,,,,AWL AGRI BUSINESS LIMITED,187.95,192.5,186.35,189.95,190,185.85,,190,,,342735,65117743,4296,F1,1,,,,,
10-07-2026,10-07-2026,CM,BSE,STK,543461,INE0JNA01014,SSTL,M,,,,,Safa Systems & Technologies Li,19.95,19.95,19,19,19,19,,19,,,10000,194750,2,F1,5000,,,,,
10-07-2026,10-07-2026,CM,BSE,STK,543462,INE060X01034,DEVIT,B,,,,,DEV INFORMATION TECHNOLOGY LIM,28,28.06,27.58,27.79,27.8,27.56,,27.56,,,1230,34200,27,F1,1,,,,,
10-07-2026,10-07-2026,CM,BSE,STK,543463,INE825V01034,MANYAVAR,A,,,,,Vedant Fashions Limited,397.5,400.9,392,392.95,392.95,392.9,,392.2,,,5800,2294420,407,F1,1,,,,,
10-07-2026,10-07-2026,CM,BSE,STK,543464,INE0JSJ01014,SPITZE,M,,,,,Maruti Interior Products Limit,58,58,56,56,56,58,,56,,,8000,450460,8,F1,1000,,,,,
10-07-2026,10-07-2026,CM,BSE,STK,543465,INF247L01BK2,MOMOMENTUM,B,,,,,Motilal Oswal Mutual Fund,60.8,62.28,60.75,61.75,61.99,60.96,,61.89,,,2347,144292,16,F1,1,,,,,
10-07-2026,10-07-2026,CM,BSE,STK,543471,INF209KB19F6,SILVER,E,,,,,Aditya Birla Sun Life Mutual F,222.62,222.62,217.46,218.24,219.29,222.51,,218.19,,,80474,17635389,1780,F1,1,,,,,
10-07-2026,10-07-2026,CM,BSE,STK,543472,INF209KB11D8,TECH,B,,,,,Aditya Birla Sun Life Mutual F,30.32,31.19,30.32,30.51,30.51,30,,30.56,,,1239,38327,19,F1,1,,,,,
10-07-2026,10-07-2026,CM,BSE,STK,543473,INF209KB10C2,HEALTHY,B,,,,,Aditya Birla Sun Life Mutual F,16.9,16.95,16.65,16.8,16.84,16.73,,16.8,,,25320,424609,78,F1,1,,,,,
10-07-2026,10-07-2026,CM,BSE,STK,543474,INF209KB19D1,BSLNIFTY,B,,,,,Aditya Birla Sun Life Mutual F,27.35,28.38,27.35,28.28,28.28,28.06,,28.3,,,30847,872330,486,F1,1,,,,,
10-07-2026,10-07-2026,CM,BSE,STK,543475,INE0KCM01010,EKENNIS,MT,,,,,Ekennis Software Service Limit,81.2,81.2,81.2,81.2,81.2,85.45,,81.2,,,800,64960,1,F1,800,,,,,
10-07-2026,10-07-2026,CM,BSE,STK,543480,INF109KC14A8,GSEC5IETF,F,,,,,ICICI Prudential Mutual Fund,66.21,66.21,65.86,65.86,65.86,66.08,,66.14,,,5,330,5,F1,1,,,,,
10-07-2026,10-07-2026,CM,BSE,STK,543481,INF769K01IC9,MIDCAPETF,B,,,,,Mirae Asset Mutual Fund,23.18,23.69,22.79,23.67,23.67,23.38,,23.64,,,103434,2439919,347,F1,1,,,,,
10-07-2026,10-07-2026,CM,BSE,STK,543482,INE0KCE01017,EUREKAFORB,A,,,,,Eureka Forbes Limited,456,459.5,450.15,452.8,454.95,452.45,,452.35,,,7312,3331644,421,F1,1,,,,,
10-07-2026,10-07-2026,CM,BSE,STK,543489,INE079J01017,GATEWAY,B,,,,,Gateway Distriparks Limited,58.81,58.92,58.32,58.69,58.62,57.92,,58.71,,,30071,1763936,427,F1,1,,,,,
10-07-2026,10-07-2026,CM,BSE,STK,543490,INE0CU601026,GMRP&UI,A,,,,,GMR Power and Urban Infra Limi,99.96,100.77,98.37,98.75,98.75,98.81,,98.73,,,91456,9091410,605,F1,1,,,,,
10-07-2026,10-07-2026,CM,BSE,STK,543497,INE0KQ001017,BCCL,M,,,,,Bhatia Colour Chem Limited,45,45.25,44.44,44.6,44.6,45,,44.6,,,4400,197336,10,F1,400,,,,,
10-07-2026,10-07-2026,CM,BSE,STK,543498,INE0FS801015,MSUMI,A,,,,,Motherson Sumi Wiring India Li,40.78,40.78,39.9,40.17,40.17,40.25,,40.14,,,586524,23653879,2329,F1,1,,,,,
10-07-2026,10-07-2026,CM,BSE,STK,543499,INE0K1401020,ACHYUT,T,,,,,Achyut Healthcare Limited,8.55,8.55,7.81,7.97,8.2,8.19,,7.97,,,106639,866287,350,F1,1,,,,,
10-07-2026,10-07-2026,CM,BSE,STK,543500,INE0JVD01011,EVOQ,MT,,,,,Evoq Remedies Limited,2.25,2.25,2.16,2.2,2.2,2.25,,2.2,,,16000,35120,4,F1,4000,,,,,
10-07-2026,10-07-2026,CM,BSE,STK,543512,INE652Z01025,AVROIND,B,,,,,Avro India Limited,11,11,9.56,9.83,9.81,9.74,,9.8,,,75321,738292,319,F1,1,,,,,
10-07-2026,10-07-2026,CM,BSE,STK,543513,INE0GIU01018,UMAEXPORTS,T,,,,,Uma Exports Limited,21.55,21.88,21.4,21.65,21.65,21,,21.57,,,5103,110054,43,F1,1,,,,,
10-07-2026,10-07-2026,CM,BSE,STK,543514,INE0IQ001011,VERANDA,B,,,,,Veranda Learning Solutions Lim,248.55,248.55,237.35,237.65,237.65,246.45,,237.94,,,8390,2019940,246,F1,1,,,,,
10-07-2026,10-07-2026,CM,BSE,STK,543515,INE0KPY01017,SEML,MT,,,,,Sunrise Efficient Marketing Li,48.39,49,46,48.33,48,48.39,,48.33,,,18375,856755,22,F1,375,,,,,
10-07-2026,10-07-2026,CM,BSE,STK,543516,INE0K5F01014,DHYAANITR,MT,,,,,DHYAANI TRADEVENTTURES LIMITED,5.34,5.34,5.34,5.34,5.34,5.26,,5.34,,,2800,14952,1,F1,2800,,,,,
10-07-2026,10-07-2026,CM,BSE,STK,543517,INE00EV01017,HARIOMPIPE,B,,,,,Hariom Pipe Industries Limited,384.6,393.75,382.5,383.85,383.9,382.95,,383.55,,,6827,2628566,269,F1,1,,,,,
10-07-2026,10-07-2026,CM,BSE,STK,543518,INE0KSN01014,EIGHTY,MT,,,,,Eighty Jewellers Limited,42,44.29,42,44.29,44.29,42.28,,44.29,,,9000,384870,2,F1,3000,,,,,
10-07-2026,10-07-2026,CM,BSE,STK,543520,INE0J2K01014,GLHRL,M,,,,,Global Longlife Hospital and R,9.42,9.94,9,9.94,9.94,9.47,,9.94,,,58000,549550,40,F1,1000,,,,,
10-07-2026,10-07-2026,CM,BSE,STK,543522,INE0E5R01017,NVENTURES,M,,,,,Nanavati Ventures Limited,105.15,105.3,105.05,105.3,105.3,106.1,,105.3,,,12750,1341712,5,F1,750,,,,,
10-07-2026,10-07-2026,CM,BSE,STK,543523,INE278Y01022,CAMPUS,A,,,,,Campus Activewear Limited,227.5,232.5,227.5,231.7,231.7,228.1,,231.11,,,12276,2834286,332,F1,1,,,,,
10-07-2026,10-07-2026,CM,BSE,STK,543524,INE961O01016,RAINBOW,A,,,,,Rainbow Children's Medicare Li,1491.1,1491.15,1457.95,1472.2,1457.95,1479.65,,1470.5,,,4478,6626891,370,F1,1,,,,,
10-07-2026,10-07-2026,CM,BSE,STK,543525,INE625X01026,SILVERTUC,B,,,,,Silver Touch Technologies Limi,185,191,178,179.65,181.35,187.35,,179.24,,,127384,22999272,1139,F1,1,,,,,
10-07-2026,10-07-2026,CM,BSE,STK,543526,INE0J1Y01017,LICI,A,,,,,LIFE INSURANCE CORPORATION OF,439.55,445.9,437,442.85,442.85,438.55,,443.05,,,366906,162241322,8174,F1,1,,,,,
10-07-2026,10-07-2026,CM,BSE,STK,543527,INE00F201020,PRUDENT,A,,,,,Prudent Corporate Advisory Ser,2982.95,3019.45,2966,2977.65,2974.35,2956.5,,2983.1,,,674,2018197,148,F1,1,,,,,
10-07-2026,10-07-2026,CM,BSE,STK,543528,INE0JA001018,VENUSPIPES,B,,,,,Venus Pipes & Tubes Limited,1846.75,1846.75,1802,1810.55,1809,1804.65,,1808.1,,,5564,10120536,428,F1,1,,,,,
10-07-2026,10-07-2026,CM,BSE,STK,543529,INE148O01028,DELHIVERY,A,,,,,Delhivery Limited,524.25,524.25,513,520.25,520.25,515.6,,520.3,,,1324694,686448538,5571,F1,1,,,,,
10-07-2026,10-07-2026,CM,BSE,STK,543530,INE088F01024,PARADEEP,A,,,,,Paradeep Phosphates Limited,145,147.5,141.5,141.85,141.65,143.25,,141.81,,,198196,28607680,1908,F1,1,,,,,
10-07-2026,10-07-2026,CM,BSE,STK,543531,INE05CY01014,TIERRA,X,,,,,Tierra Agrotech Limited,43.91,43.91,40.92,43.33,43.33,43.48,,43.33,,,293,12040,5,F1,1,,,,,
10-07-2026,10-07-2026,CM,BSE,STK,543532,INE04TZ01018,ETHOSLTD,A,,,,,ETHOS LIMITED,2572.1,2572.1,2436,2486.9,2468,2526.45,,2477.7,,,2167,5350769,364,F1,1,,,,,
10-07-2026,10-07-2026,CM,BSE,STK,543533,INE01QM01018,EMUDHRA,B,,,,,eMudhra Limited,440,494,440,455.2,455.5,435,,455.75,,,236781,112900296,6978,F1,1,,,,,
10-07-2026,10-07-2026,CM,BSE,STK,543534,INE0BWX01014,AETHER,A,,,,,Aether Industries Limited,1498.95,1538.4,1473.25,1495.7,1495.7,1487.65,,1500.6,,,35713,54099494,2511,F1,1,,,,,
10-07-2026,10-07-2026,CM,BSE,STK,543535,INE082W01014,WEWIN,T,,,,,We Win Limited,47,47,47,47,47,47.45,,47,,,100,4700,1,F1,1,,,,,
10-07-2026,10-07-2026,CM,BSE,STK,543539,INE0L0L01012,MODIS,B,,,,,MODI'S NAVNIRMAN LIMITED,348.4,355.25,348.15,348.15,348.15,342.6,,348.45,,,2932,1028209,76,F1,1,,,,,
10-07-2026,10-07-2026,CM,BSE,STK,543540,INE0GTX01019,PGCRL,M,,,,,Pearl Green Clubs and Resorts,89.25,89.25,88,88.95,88,88,,88.95,,,2400,213420,3,F1,600,,,,,
10-07-2026,10-07-2026,CM,BSE,STK,543542,INE0L1C01019,KESAR,M,,,,,KESAR INDIA LIMITED,1240.1,1240.5,1229,1230,1230,1229.4,,1230,,,10500,12989015,69,F1,100,,,,,
10-07-2026,10-07-2026,CM,BSE,STK,543543,INE0IZQ01016,BRRL,M,,,,,B-RIGHT REALESTATE LIMITED,840.15,855,830,855,855,862.65,,855,,,10400,8853210,11,F1,200,,,,,
10-07-2026,10-07-2026,CM,BSE,STK,543544,INE0KR801019,JAYANT,MT,,,,,JAYANT INFRATECH LIMITED,72.99,74.25,72.54,74.13,74,72.99,,74.13,,,7500,549187,10,F1,750,,,,,
10-07-2026,10-07-2026,CM,BSE,STK,543545,INE0ID001024,VEERKRUPA,M,,,,,Veerkrupa Jewellers Limited,0.58,0.59,0.56,0.57,0.57,0.58,,0.57,,,150300,86506,9,F1,16700,,,,,
10-07-2026,10-07-2026,CM,BSE,STK,543546,INE0L3501015,HEALTHYLIFE,MT,,,,,HEALTHY LIFE AGRITEC LIMITED,6.01,6.24,5.7,6,6,6,,6,,,112000,666200,32,F1,2000,,,,,
10-07-2026,10-07-2026,CM,BSE,STK,543547,INE0HR601026,DDEVPLSTIK,B,,,,,DDEV PLASTIKS INDUSTRIES LIMIT,277.65,285.6,277.65,284.5,283.9,276.9,,284.75,,,6491,1832624,256,F1,1,,,,,
10-07-2026,10-07-2026,CM,BSE,STK,543563,INF247L01BB1,MOHEALTH,B,,,,,Motilal Oswal Mutual Fund,50.45,50.9,50.08,50.76,50.8,50.61,,50.66,,,5837,293851,60,F1,1,,,,,
10-07-2026,10-07-2026,CM,BSE,STK,543568,INF109KC17C7,MOM30IETF,B,,,,,ICICI Prudential Mutual Fund,31,31.22,30.95,31.15,30.95,30.75,,31.13,,,48265,1502472,251,F1,1,,,,,
10-07-2026,10-07-2026,CM,BSE,STK,543569,INF179KC1HR4,HDFCNIF100,B,,,,,HDFC Mutual Fund,26.1,26.1,26,26.02,26.02,25.98,,26.08,,,499,12979,7,F1,1,,,,,
10-07-2026,10-07-2026,CM,BSE,STK,543570,INF179KC1HS2,HDFCNEXT50,B,,,,,HDFC Mutual Fund,73.38,73.95,73.15,73.91,73.91,72.76,,73.8,,,8305,609482,82,F1,1,,,,,
10-07-2026,10-07-2026,CM,BSE,STK,543571,INF109KC16E5,INFRAIETF,B,,,,,ICICI Prudential Mutual Fund,96.07,97.32,96.07,97.3,96.94,95.98,,97.12,,,2949,286347,54,F1,1,,,,,
10-07-2026,10-07-2026,CM,BSE,STK,543572,INF740KA1RE3,SILVERADD,E,,,,,DSP Mutual Fund,214.45,214.45,209.7,210.51,210.68,214.63,,210.58,,,19635,4155795,364,F1,1,,,,,
10-07-2026,10-07-2026,CM,BSE,STK,543573,INE0DYJ01015,SYRMA,A,,,,,Syrma SGS Technology Limited,1448.45,1457.7,1412.85,1451.25,1451.25,1441.7,,1451.8,,,103895,149044393,4653,F1,1,,,,,
10-07-2026,10-07-2026,CM,BSE,STK,543574,INF209KB15K4,NIFTYQLITY,B,,,,,Aditya Birla Sun Life Mutual F,20.92,21.12,20.88,21.1,21.12,20.68,,20.92,,,4563,95838,24,F1,1,,,,,
10-07-2026,10-07-2026,CM,BSE,STK,543575,INF209KB14K7,MOMENTUM,B,,,,,Aditya Birla Sun Life Mutual F,30.86,31.03,30.86,31.03,31.03,30.46,,30.98,,,2012,62323,11,F1,1,,,,,
10-07-2026,10-07-2026,CM,BSE,STK,543576,INF247L01BE5,MOVALUE,B,,,,,Motilal Oswal Mutual Fund,112.27,114.7,112.27,114.33,113.96,112.92,,114.29,,,2218,252762,90,F1,1,,,,,
10-07-2026,10-07-2026,CM,BSE,STK,543577,INF247L01BH8,MOQUALITY,B,,,,,Motilal Oswal Mutual Fund,200,202.69,200,201.76,201.76,199.13,,202.71,,,114,22836,5,F1,1,,,,,
10-07-2026,10-07-2026,CM,BSE,STK,543590,INE0KKN01029,RHETAN,B,,,,,Rhetan TMT Limited,27.59,27.59,26.6,26.79,26.76,26.87,,26.68,,,51522,1390590,192,F1,1,,,,,
10-07-2026,10-07-2026,CM,BSE,STK,543591,INE0JS101016,DREAMFOLKS,B,,,,,DREAMFOLKS SERVICES LIMITED,74.05,74.05,68.57,69.59,69.39,67.79,,69.65,,,5363,372927,145,F1,1,,,,,
10-07-2026,10-07-2026,CM,BSE,STK,543592,INF179KC1DI2,HDFCSILVER,E,,,,,HDFC Mutual Fund,209,214.7,208.14,208.94,209.04,213.16,,208.96,,,188293,39580104,2447,F1,1,,,,,
10-07-2026,10-07-2026,CM,BSE,STK,543593,INE0I3401014,DBOL,T,,,,,Dhampur Bio Organics Limited,110.8,114.95,110,112,112.7,109.7,,112.39,,,2357,265066,29,F1,1,,,,,
10-07-2026,10-07-2026,CM,BSE,STK,543594,INE0MC401013,DPL,M,,,,,DIPNA PHARMACHEM LIMITED,5.76,6.2,5.5,5.82,5.76,6.32,,5.82,,,141000,828660,36,F1,3000,,,,,
10-07-2026,10-07-2026,CM,BSE,STK,543595,INE0D2I01014,EPBIO,M,,,,,EP BIOCOMPOSITES LIMITED,81.9,99.9,81.9,99.9,99.9,95,,99.9,,,3500,331640,4,F1,500,,,,,
10-07-2026,10-07-2026,CM,BSE,STK,543596,INE668A01016,TMB,A,,,,,Tamilnad Mercantile Bank Limit,771.25,807,771.25,800.65,803,767.85,,801.6,,,23532,18585284,739,F1,1,,,,,
10-07-2026,10-07-2026,CM,BSE,STK,543597,INE0I0T01010,VOEPL,B,,,,,Virtuoso Optoelectronics Limit,446.45,459,438.3,448.25,449,437.4,,447.1,,,7310,3271503,341,F1,1,,,,,
10-07-2026,10-07-2026,CM,BSE,STK,543599,INE0D6I01023,KSOLVES,B,,,,,Ksolves India Limited,285,292,285,289.4,287.55,283,,288.5,,,3934,1136582,236,F1,1,,,,,
10-07-2026,10-07-2026,CM,BSE,STK,543600,INE0JUS01029,HARSHA,B,,,,,Harsha Engineers International,423.45,430.85,420.25,428.05,426.55,422,,427.75,,,9775,4153757,261,F1,1,,,,,
10-07-2026,10-07-2026,CM,BSE,STK,543605,INF179KC1DL6,HDFCQUAL,B,,,,,HDFC Mutual Fund,56.69,57.19,56.69,57.19,57.19,56.49,,57.08,,,415,23614,3,F1,1,,,,,
10-07-2026,10-07-2026,CM,BSE,STK,543606,INE0M8901010,CONTAINE,MT,,,,,CONTAINE TECHNOLOGIES LIMITED,23.7,23.7,22.11,22.11,22.11,22.58,,22.11,,,4000,93210,4,F1,1000,,,,,
10-07-2026,10-07-2026,CM,BSE,STK,543607,INF179KC1DJ0,HDFCGROWTH,B,,,,,HDFC Mutual Fund,111.71,114.95,111.71,114.17,114.17,112.84,,114.35,,,32,3653,10,F1,1,,,,,
10-07-2026,10-07-2026,CM,BSE,STK,543608,INF179KC1DK8,HDFCVALUE,B,,,,,HDFC Mutual Fund,127.53,127.54,126.83,127.54,127.54,126.1,,126.91,,,102,12954,3,F1,1,,,,,
10-07-2026,10-07-2026,CM,BSE,STK,543614,INE0LQS01015,TIPSFILMS,B,,,,,Tips Films Limited,332.3,339.3,332.3,338.8,339.3,329.5,,333,,,6,2026,3,F1,1,,,,,
10-07-2026,10-07-2026,CM,BSE,STK,543615,INE0MNV01014,SRSOLTD,MT,,,,,SILICON RENTAL SOLUTIONS LIMIT,85.85,85.9,80.13,82.15,82.15,82.01,,82.15,,,5600,459592,7,F1,800,,,,,
10-07-2026,10-07-2026,CM,BSE,STK,543616,INE0MKA01014,TLL,M,,,,,Trident Lifeline Limited,265,275,262,262.9,262.5,264.1,,262.9,,,42000,11157000,69,F1,600,,,,,
10-07-2026,10-07-2026,CM,BSE,STK,543617,INE0MKO01015,REETECH,M,,,,,REETECH INTERNATIONAL LIMITED,19.95,19.95,19.95,19.95,19.95,22.16,,19.95,,,1200,23940,1,F1,1200,,,,,
10-07-2026,10-07-2026,CM,BSE,STK,543618,INE0M4L01013,CARGOTRANS,M,,,,,Cargotrans Maritime Limited,98,104.5,98,104.5,104.5,95,,104.5,,,5250,530625,7,F1,750,,,,,
10-07-2026,10-07-2026,CM,BSE,STK,543619,INE0N0J01014,CNCRD,M,,,,,Concord Control Systems Limite,2814,2847,2785,2791.75,2797.5,2815.25,,2791.75,,,2100,5899722,39,F1,50,,,,,
10-07-2026,10-07-2026,CM,BSE,STK,543620,INE0LGX01024,INA,B,,,,,INSOLATION ENERGY LIMITED,123.45,131.15,122,124.85,124.85,118.85,,124.93,,,1444819,183913295,8845,F1,1,,,,,
10-07-2026,10-07-2026,CM,BSE,STK,543621,INE0KZM01011,CARGOSOL,M,,,,,Cargosol Logistics Limited,26.77,26.77,25.9,26.77,26.77,25.5,,26.77,,,16000,424560,4,F1,4000,,,,,
10-07-2026,10-07-2026,CM,BSE,STK,543623,INE0NC801013,VEDANTASSET,MT,,,,,VEDANT ASSET LIMITED,88.11,88.11,88.11,88.11,88.11,89.9,,88.11,,,3000,264330,2,F1,1500,,,,,
10-07-2026,10-07-2026,CM,BSE,STK,543626,INE02YR01019,EMIL,A,,,,,Electronics Mart India Limited,132.85,136.5,132.55,134.4,134.45,132.2,,134.36,,,46803,6279179,654,F1,1,,,,,
10-07-2026,10-07-2026,CM,BSE,STK,543627,INF179KC1HU8,HDFCLOWVOL,B,,,,,HDFC Mutual Fund,20.58,20.66,20.58,20.66,20.66,20.35,,20.54,,,40,823,2,F1,1,,,,,
10-07-2026,10-07-2026,CM,BSE,STK,543628,INF179KC1HV6,HDFCMOMENT,B,,,,,HDFC Mutual Fund,30.81,31.05,30.75,30.9,30.8,30.39,,30.84,,,2268,70102,32,F1,1,,,,,
10-07-2026,10-07-2026,CM,BSE,STK,543635,INE0DK501011,PPLPHARMA,A,,,,,PIRAMAL PHARMA LIMITED,172.1,177.9,171.9,177.1,177.1,171.9,,177.16,,,274469,48234924,2490,F1,1,,,,,
10-07-2026,10-07-2026,CM,BSE,STK,543636,INE0A1101019,DCI,T,,,,,Dc Infotech and Communication,285,293.5,285,293.5,293.5,285,,290.25,,,152,43328,3,F1,1,,,,,
10-07-2026,10-07-2026,CM,BSE,STK,543637,INE0N1L01018,PACE,MT,,,,,PACE E-COMMERCE VENTURES LIMIT,14.5,14.9,14.37,14.37,14.37,14.84,,14.37,,,10800,157248,8,F1,1200,,,,,
10-07-2026,10-07-2026,CM,BSE,STK,543638,INE0HMF01019,TRACXN,B,,,,,Tracxn Technologies Limited,30.04,30.35,29.77,30.02,30.08,29.77,,30.04,,,3055,91734,53,F1,1,,,,,
10-07-2026,10-07-2026,CM,BSE,STK,543643,INE117Z01011,NARMADA,B,,,,,Narmada Agrobase Limited,35.25,35.39,34.66,35,34.66,34.55,,34.81,,,25793,902700,190,F1,1,,,,,
10-07-2026,10-07-2026,CM,BSE,STK,543644,INE344S01016,INFOBEAN,B,,,,,InfoBeans Technologies Limited,158.55,164.85,158.4,162.9,162.9,155.7,,163.27,,,28144,4567195,399,F1,1,,,,,
10-07-2026,10-07-2026,CM,BSE,STK,543650,INE0KL801015,DCXINDIA,B,,,,,DCX Systems Limited,198.4,203.3,197.8,199.9,201,196.65,,200.13,,,88925,17806825,775,F1,1,,,,,
10-07-2026,10-07-2026,CM,BSE,STK,543651,INE975Z01012,DAPS,MT,,,,,DAPS ADVERTISING LIMITED,23.89,23.89,23.89,23.89,23.89,23.88,,23.89,,,4000,95560,1,F1,4000,,,,,
10-07-2026,10-07-2026,CM,BSE,STK,543652,INE139R01012,FUSION,B,,,,,FUSION FINANCE LIMITED,232.75,241.75,230,233.95,231.95,229,,234.03,,,75625,17765587,1140,F1,1,,,,,
10-07-2026,10-07-2026,CM,BSE,STK,543653,INE00E101023,BIKAJI,A,,,,,Bikaji Foods International Lim,650.35,650.35,642.4,643.05,643.75,641.45,,643.1,,,136805,87968645,193,F1,1,,,,,
10-07-2026,10-07-2026,CM,BSE,STK,543654,INE474Q01031,MEDANTA,A,,,,,Global Health Limited,1349.95,1357.3,1333.5,1336.65,1335.6,1347.05,,1336.9,,,7868,10601533,462,F1,1,,,,,
10-07-2026,10-07-2026,CM,BSE,STK,543656,INE0MXP01015,TECHNOPACK,M,,,,,Technopack Polymers Limited,13.5,14.5,13,14.5,14.5,13.5,,14.5,,,20000,277000,5,F1,4000,,,,,
10-07-2026,10-07-2026,CM,BSE,STK,543657,INE128X01021,ACI,A,,,,,Archean Chemical Industries Li,528.95,535.05,525.1,526.05,525.75,523.55,,527.35,,,6162,3261290,210,F1,1,,,,,
10-07-2026,10-07-2026,CM,BSE,STK,543663,INE128S01021,FIVESTAR,A,,,,,Five-Star Business Finance Ltd,548.55,563,537.7,545.75,548.1,550.1,,546.35,,,58413,32094200,1760,F1,1,,,,,
10-07-2026,10-07-2026,CM,BSE,STK,543664,INE918Z01012,KAYNES,A,,,,,KAYNES TECHNOLOGY INDIA LIMITE,3444,3475.35,3319.1,3333.9,3340,3433.25,,3335.9,,,155039,525956299,13957,F1,1,,,,,
10-07-2026,10-07-2026,CM,BSE,STK,543665,INF179KC1IA8,HDFCNIFIT,B,,,,,HDFC Mutual Fund,29.53,30.3,29.53,29.89,29.79,29.19,,29.87,,,3786,112898,39,F1,1,,,,,
10-07-2026,10-07-2026,CM,BSE,STK,543666,INF179KC1HZ7,HDFCPVTBAN,B,,,,,HDFC Mutual Fund,28.35,28.71,28.35,28.68,28.68,28.33,,28.61,,,1058,30288,18,F1,1,,,,,
10-07-2026,10-07-2026,CM,BSE,STK,543667,INE510W01014,INOXGREEN,A,,,,,INOX GREEN ENERGY SERVICES LIM,194.8,194.8,190.55,191.55,191.55,192.7,,191.66,,,35912,6914017,703,F1,1,,,,,
10-07-2026,10-07-2026,CM,BSE,STK,543668,INE01EE01011,BBTCL,B,,,,,B&B Triplewall Containers Limi,215.9,230,214.65,222.4,226.25,216.2,,221.36,,,1124,242960,26,F1,1,,,,,
10-07-2026,10-07-2026,CM,BSE,STK,543669,INE263M01029,RUSTOMJEE,B,,,,,Keystone Realtors Limited,427.1,429.2,421.2,422.95,423.45,422,,424.05,,,3017,1281305,126,F1,1,,,,,
10-07-2026,10-07-2026,CM,BSE,STK,543670,INE01KI01027,VINNY,B,,,,,VINNY OVERSEAS LIMITED,1.08,1.08,1.05,1.06,1.06,1.06,,1.07,,,71649,75937,28,F1,1,,,,,
10-07-2026,10-07-2026,CM,BSE,STK,543671,INE0D0U01013,AAATECH,B,,,,,AAA TECHNOLOGIES LIMITED,95.75,96.6,94.98,95.45,94.98,95.3,,95.34,,,1545,147900,111,F1,1,,,,,
10-07-2026,10-07-2026,CM,BSE,STK,543677,INF109KC17L8,FINIETF,B,,,,,ICICI Prudential Mutual Fund,33.04,33.09,32.74,33.05,33,32.59,,33.04,,,10026,330419,73,F1,1,,,,,
10-07-2026,10-07-2026,CM,BSE,STK,543678,INE0N6V01016,AMBOAGRI,M,,,,,AMBO AGRITEC LIMITED,10.66,10.75,10.66,10.75,10.75,10.56,,10.75,,,2000,21410,2,F1,1000,,,,,
10-07-2026,10-07-2026,CM,BSE,STK,543686,INE792Z01011,SIRCA,B,,,,,Sirca Paints India Limited,398.55,408,392.95,393.15,393.2,392.4,,393.6,,,16440,6606280,446,F1,1,,,,,
10-07-2026,10-07-2026,CM,BSE,STK,543687,INE00OQ01016,DHARMAJ,B,,,,,Dharmaj Crop Guard Limited,261.4,261.75,256.2,259.2,259.7,259.55,,260,,,640,165538,60,F1,1,,,,,
10-07-2026,10-07-2026,CM,BSE,STK,543688,INE324X01026,SARVESHWAR,T,,,,,Sarveshwar Foods Limited,3.46,3.63,3.46,3.59,3.59,3.57,,3.58,,,112350,402289,254,F1,1,,,,,
10-07-2026,10-07-2026,CM,BSE,STK,543689,INE244O01017,UNIPARTS,B,,,,,Uniparts India Limited,681.35,710,666.45,702.55,702.55,680.75,,704.85,,,21807,14999252,750,F1,1,,,,,
10-07-2026,10-07-2026,CM,BSE,STK,543699,INF754K01QX0,EBBETF0433,F,,,,,Edelweiss Mutual Fund,1315.46,1316.7,1314.08,1316.7,1316.7,1318.75,,1315.32,,,2413,3176891,5,F1,1,,,,,
10-07-2026,10-07-2026,CM,BSE,STK,543700,INF109KC18O0,GSEC10IETF,F,,,,,ICICI Prudential Mutual Fund,265.77,265.77,265.37,265.37,265.37,266.39,,264.86,,,1129,299698,9,F1,1,,,,,
10-07-2026,10-07-2026,CM,BSE,STK,543709,INE0NT601018,GARGI,M,,,,,PNGS GARGI FASHION JEWELLERY L,771,818,770,805.6,799.05,767.7,,805.6,,,15750,12678068,81,F1,125,,,,,
10-07-2026,10-07-2026,CM,BSE,STK,543710,INF109KC19O8,COMMOIETF,B,,,,,ICICI Prudential Mutual Fund,99.97,101.38,99.97,100.73,100.71,99.73,,100.64,,,4495,452297,75,F1,1,,,,,
10-07-2026,10-07-2026,CM,BSE,STK,543711,INE142Q01026,SULA,A,,,,,Sula Vineyards Limited,150.7,150.7,149.1,149.95,150,149.65,,149.96,,,16475,2470336,613,F1,1,,,,,
10-07-2026,10-07-2026,CM,BSE,STK,543712,INE00ZE01026,AFSL,B,,,,,ABANS FINANCIAL SERVICES LIMIT,201.95,202.3,201,202.3,202.3,201,,201.15,,,1091,220563,45,F1,1,,,,,
10-07-2026,10-07-2026,CM,BSE,STK,543713,INE0MQD01015,DRONACHRYA,M,,,,,Droneacharya Aerial Innovation,41.25,41.25,39.55,39.62,39.62,39.66,,39.62,,,28000,1116650,24,F1,1000,,,,,
10-07-2026,10-07-2026,CM,BSE,STK,543714,INE559R01029,LANDMARK,B,,,,,LANDMARK CARS LIMITED,430.4,433.75,420,424.45,420,429.15,,424,,,2126,914007,121,F1,1,,,,,
10-07-2026,10-07-2026,CM,BSE,STK,543720,INE138Y01010,KFINTECH,A,,,,,KFin Technologies Limited,873.05,910,873.05,901.5,901.5,875,,901.1,,,156187,140515444,6233,F1,1,,,,,
10-07-2026,10-07-2026,CM,BSE,STK,543725,INE050401020,ELIN,B,,,,,Elin Electronics Limited,100.7,101,97.9,100.6,100.6,99.9,,100.31,,,6771,674489,131,F1,1,,,,,
10-07-2026,10-07-2026,CM,BSE,STK,543732,INE855R01021,RADIANTCMS,B,,,,,Radiant Cash Management Servic,38.2,39.29,37.75,38.09,38.65,38.36,,38.07,,,6148,236208,116,F1,1,,,,,
10-07-2026,10-07-2026,CM,BSE,STK,543737,INE09BN01011,AVEER,X,,,,,Aveer Foods Limited,555.1,555.5,555,555,555,560,,555,,,420,233101,5,F1,1,,,,,
10-07-2026,10-07-2026,CM,BSE,STK,543738,INF740KA1RX3,BANKADD,B,,,,,DSP Mutual Fund,59.1,59.55,59,59.55,59.55,58.62,,59.38,,,3530,208295,21,F1,1,,,,,
10-07-2026,10-07-2026,CM,BSE,STK,543743,INE035801013,AERONEU,B,,,,,Aeroflex Neu Limited,91,92,88,89,89.1,89.5,,87.87,,,2233,202403,122,F1,1,,,,,
10-07-2026,10-07-2026,CM,BSE,STK,543746,INE0BSU01018,LOGICA,M,,,,,LOGICA INFOWAY LIMITED,160.05,164,160.05,163.25,163.8,163.3,,163.25,,,10200,1654200,10,F1,600,,,,,
10-07-2026,10-07-2026,CM,BSE,STK,543747,INE0BTI01037,KAMOPAINTS,B,,,,,Kamdhenu Ventures Limited,5.03,5.09,4.9,4.91,4.91,5.03,,4.9,,,100079,500662,240,F1,1,,,,,
10-07-2026,10-07-2026,CM,BSE,STK,543748,INE0LRU01027,AARTIPHARM,A,,,,,Aarti Pharmalabs Limited,709.5,712.95,702.85,709,708.45,702.05,,709.45,,,6927,4903139,324,F1,1,,,,,
10-07-2026,10-07-2026,CM,BSE,STK,543753,INE0M9Q01011,DHARNI,M,,,,,DHARNI CAPITAL SERVICES LIMITE,65.05,65.05,65,65,65,65,,65,,,6000,390150,2,F1,3000,,,,,
10-07-2026,10-07-2026,CM,BSE,STK,543765,INE0O4V01010,EARTH,M,,,,,Earthstahl & Alloys Limited,14.91,14.92,14.91,14.92,14.92,14.92,,14.92,,,6000,89490,2,F1,3000,,,,,
10-07-2026,10-07-2026,CM,BSE,STK,543766,INE094B01013,ASHIKA,B,,,,,Ashika Credit Capital Ltd.,403.95,403.95,397.3,399.25,400,396,,399.2,,,57072,22768350,406,F1,1,,,,,
10-07-2026,10-07-2026,CM,BSE,STK,543767,INE0EEJ01023,BTML,B,,,,,BODHI TREE MULTIMEDIA LIMITED,6,6.39,5.9,6.39,6.39,5.98,,6.34,,,19705,120215,49,F1,1,,,,,
10-07-2026,10-07-2026,CM,BSE,STK,543768,INE0NNS01018,NSLNISP,A,,,,,NMDC Steel Limited,43.15,43.99,43.04,43.34,43.34,42.79,,43.32,,,216213,9397979,1064,F1,1,,,,,
10-07-2026,10-07-2026,CM,BSE,STK,543774,INF179KC1EZ4,HDFCBSE500,B,,,,,HDFC Mutual Fund,37.3,38.2,36.13,37.48,37.42,40.23,,37.4,,,3574,133991,98,F1,1,,,,,
10-07-2026,10-07-2026,CM,BSE,STK,543775,INF179KC1FB2,HDFCSML250,B,,,,,HDFC Mutual Fund,180.16,182.75,180,182.56,182.71,180.16,,182.6,,,80517,14647830,1073,F1,1,,,,,
10-07-2026,10-07-2026,CM,BSE,STK,543776,INF179KC1HT0,HDFCMID150,B,,,,,HDFC Mutual Fund,23.29,23.46,23.17,23.42,23.46,23.07,,23.46,,,15017,351034,285,F1,1,,,,,
10-07-2026,10-07-2026,CM,BSE,STK,543781,INF769K01JP9,GOLDETF,E,,,,,Mirae Asset Mutual Fund,139.59,139.59,138.68,138.89,138.95,138.91,,138.87,,,17099,2377212,886,F1,1,,,,,
10-07-2026,10-07-2026,CM,BSE,STK,543782,INE0O4601016,SEALMATIC,M,,,,,Sealmatic India Limited,400,411,381,381,381,394.1,,381,,,6660,2638899,35,F1,180,,,,,
10-07-2026,10-07-2026,CM,BSE,STK,543787,INE0OLH01013,ROBU,M,,,,,Macfos Limited,1122.35,1179.8,1122.35,1169.35,1170,1122.35,,1169.35,,,7260,8317584,31,F1,165,,,,,
10-07-2026,10-07-2026,CM,BSE,STK,543798,INE0NPA01011,PATRON,MT,,,,,Patron Exim Limited,2.15,2.29,2.15,2.29,2.29,2.21,,2.29,,,8000,17760,2,F1,4000,,,,,
10-07-2026,10-07-2026,CM,BSE,STK,543799,INE0JZS01010,SVJ,M,,,,,S. V. J. Enterprises Limited,215,226.85,213.3,218.1,213.3,224.5,,218.1,,,9250,2012137,36,F1,250,,,,,
10-07-2026,10-07-2026,CM,BSE,STK,543805,INE0NYN01016,RESGEN,M,,,,,RESGEN LIMITED,47.06,47.74,47,47.41,47.41,48,,47.41,,,51000,2407515,33,F1,750,,,,,
10-07-2026,10-07-2026,CM,BSE,STK,543806,INE0O6A01019,ITCONS,MT,,,,,ITCONS E-Solutions Limited,251,255.85,246.25,253.6,253.45,259.2,,253.6,,,24000,6024930,75,F1,200,,,,,
10-07-2026,10-07-2026,CM,BSE,STK,543811,INE645W01026,AIRAN,B,,,,,AIRAN LIMITED,15.37,16.2,15.37,15.71,15.95,15.64,,15.68,,,12106,192288,45,F1,1,,,,,
10-07-2026,10-07-2026,CM,BSE,STK,543812,INE753U01022,DIVGIITTS,B,,,,,DIVGI TORQTRANSFER SYSTEMS LIM,989.9,997.1,962.3,967.85,969.3,981.2,,967.4,,,2534,2481524,203,F1,1,,,,,
10-07-2026,10-07-2026,CM,BSE,STK,543813,INF209KB18T9,ABSLLIQUID,F,,,,,Aditya Birla Sun Life Mutual F,999.99,999.99,999.99,999.99,999.99,999.99,,1000,,,110,109998,1,F1,1,,,,,
10-07-2026,10-07-2026,CM,BSE,STK,543819,INF109KC10S8,PSUBNKIETF,B,,,,,ICICI Prudential Mutual Fund,84.87,86.59,83.85,85.6,85.51,83.45,,85.64,,,26045,2204567,149,F1,1,,,,,
10-07-2026,10-07-2026,CM,BSE,STK,543828,INE00TV01023,SUDARSHAN,MT,,,,,SUDARSHAN PHARMA INDUSTRIES LI,40.11,40.11,39.02,40,40,40.12,,40,,,36000,1421520,7,F1,4000,,,,,
10-07-2026,10-07-2026,CM,BSE,STK,543829,INE0JSX01015,GSLSU,B,,,,,Global Surfaces Limited,38.31,40.04,36.8,39.07,40.04,38.5,,38.99,,,19614,741372,289,F1,1,,,,,
10-07-2026,10-07-2026,CM,BSE,STK,543830,INE0NLJ01011,LABELKRAFT,M,,,,,LABELKRAFT TECHNOLOGIES LIMITE,62.75,62.85,62.75,62.8,62.85,61,,62.8,,,4000,251200,2,F1,2000,,,,,
10-07-2026,10-07-2026,CM,BSE,STK,543831,INE0OMI01019,BRIGHT,M,,,,,Bright Outdoor Media Limited,375,379.85,375,378,378,375,,378,,,2625,989625,7,F1,375,,,,,
10-07-2026,10-07-2026,CM,BSE,STK,543848,INE0NIJ01025,DEVLAB,M,,,,,Dev Labtech Venture Limited,18,20,18,20,20,20.18,,20,,,8000,152000,2,F1,4000,,,,,
10-07-2026,10-07-2026,CM,BSE,STK,543853,INF846K010Q0,SENSEXAXIS,B,,,,,AXIS BSE SENSEX ETF,78.29,80.68,78.29,80.68,80.68,79.89,,80.47,,,250,19906,9,F1,1,,,,,
10-07-2026,10-07-2026,CM,BSE,STK,543860,INE825B01010,JAFINANCE,X,,,,,J.A. Finance Limited,83,83,83,83,83,83,,83,,,21,1743,1,F1,1,,,,,
10-07-2026,10-07-2026,CM,BSE,STK,543861,INE0N0Y01013,USK,B,,,,,Udayshivakumar infra limited,22.69,23.5,22.58,23.1,23.13,22.69,,22.94,,,1703,39261,42,F1,1,,,,,
10-07-2026,10-07-2026,CM,BSE,STK,543874,INE0O1T01010,MAIDEN,M,,,,,Maiden Forgings Limited,84.01,85,83.25,84.21,84.5,83.75,,84.21,,,46000,3875160,27,F1,1000,,,,,
10-07-2026,10-07-2026,CM,BSE,STK,543895,INE0O8901016,EXHICON,M,,,,,Exhicon Events Media Solutions,523.25,526,510.15,519.75,525,514.8,,519.75,,,25000,12984312,80,F1,250,,,,,
10-07-2026,10-07-2026,CM,BSE,STK,543896,INE0LCL01028,AVALON,A,,,,,Avalon Technologies Limited,1753.95,1779.85,1715.95,1768.6,1775,1729.55,,1768.1,,,14489,25264102,1046,F1,1,,,,,
10-07-2026,10-07-2026,CM,BSE,STK,543898,INE0N7W01012,BLAL,B,,,,,BEML Land Assets Limited,184.15,186.25,183.15,183.15,183.15,185,,183.26,,,1067,196665,91,F1,1,,,,,
10-07-2026,10-07-2026,CM,BSE,STK,543900,INF789F1AYK6,SILVERBETA,E,,,,,UTI Mutual Fund,215,215,210.19,211.2,211.2,215.25,,211.02,,,33921,7198772,1842,F1,1,,,,,
10-07-2026,10-07-2026,CM,BSE,STK,543901,INE508K01013,RHL,B,,,,,ROBUST HOTELS LIMITED,180,180,173.95,173.95,173.95,176.1,,178.63,,,150,26310,10,F1,1,,,,,
10-07-2026,10-07-2026,CM,BSE,STK,543902,INE0NTC01019,RETINA,M,,,,,Retina Paints Limited,45.7,45.7,42.5,43.9,43.9,43,,43.9,,,24000,1048140,9,F1,2000,,,,,
10-07-2026,10-07-2026,CM,BSE,STK,543903,INF740KA1SW3,GOLDADD,E,,,,,DSP Mutual Fund,139.57,139.57,138.7,138.77,138.7,139.12,,138.81,,,387,53795,33,F1,1,,,,,
10-07-2026,10-07-2026,CM,BSE,STK,543904,INE634S01028,MANKIND,A,,,,,Mankind Pharma Limited,2532.95,2572.4,2511.05,2524.85,2526.55,2531.35,,2525.1,,,21468,54747569,1859,F1,1,,,,,
10-07-2026,10-07-2026,CM,BSE,STK,543905,INE0LDI01022,INNOKAIZ,MT,,,,,INNOKAIZ INDIA LIMITED,13.5,13.5,13.5,13.5,13.5,13.5,,13.5,,,4000,54000,3,F1,800,,,,,
10-07-2026,10-07-2026,CM,BSE,STK,543910,INE680Z01018,AVG,T,,,,,AVG Logistics Limited,210.2,213.7,206,209.1,209.1,211.25,,209.71,,,1349,282468,43,F1,1,,,,,
10-07-2026,10-07-2026,CM,BSE,STK,543911,INE0ALR01029,ATALREAL,B,,,,,Atal Realtech Limited,29.39,30.5,27.21,29.9,29.55,28.62,,29.35,,,408026,11743112,671,F1,1,,,,,
10-07-2026,10-07-2026,CM,BSE,STK,543912,INE557Z01018,PIGL,B,,,,,Power & Instrumentation (Gujar,111.05,116.25,111.05,114.1,114.85,108.35,,114.24,,,24882,2835758,479,F1,1,,,,,
10-07-2026,10-07-2026,CM,BSE,STK,543913,INE0NDH25011,NXST,IF,,,,,Nexus Select Trust,164,165.9,164,164.63,164.69,164.72,,164.52,,,20690,3415136,582,F1,1,,,,,
10-07-2026,10-07-2026,CM,BSE,STK,543914,INE210F01016,SWATIPRO,X,,,,,Swati Projects Limited,31.01,32.15,31.01,31.98,32,31.74,,31.98,,,1982,62716,36,F1,1,,,,,
10-07-2026,10-07-2026,CM,BSE,STK,543915,INE07S101038,PAVNAIND,T,,,,,Pavna Industries Limited,17.44,17.44,16.6,16.74,16.6,17.44,,16.84,,,3873,64927,32,F1,1,,,,,
10-07-2026,10-07-2026,CM,BSE,STK,543916,INE0GYI01028,HSIL,MT,,,,,Hemant Surgical Industries Lim,350,369.6,345,369.6,369.6,352,,369.6,,,20800,7488520,36,F1,400,,,,,
10-07-2026,10-07-2026,CM,BSE,STK,543917,INE0A0S01028,SIGMA,B,,,,,SIGMA SOLVE LIMITED,41,41,37.9,38.73,38.3,38.54,,38.35,,,2214,87420,97,F1,1,,,,,
10-07-2026,10-07-2026,CM,BSE,STK,543918,INE0PA801013,GHCLTEXTIL,B,,,,,GHCL Textiles Limited,108.34,110,107.11,109.04,109.11,107.81,,109.29,,,40956,4457450,289,F1,1,,,,,
10-07-2026,10-07-2026,CM,BSE,STK,543919,INE964W01021,MKPL,B,,,,,M.K.Proteins Limited,4.55,4.7,4.48,4.62,4.62,4.58,,4.58,,,25771,117561,202,F1,1,,,,,
10-07-2026,10-07-2026,CM,BSE,STK,543920,INE0NJ001013,CFF,M,,,,,CFF FLUID CONTROL LIMITED,863.8,863.8,821,825.3,830,849.8,,825.3,,,68400,57518240,264,F1,200,,,,,
10-07-2026,10-07-2026,CM,BSE,STK,543921,INE0NXA01015,COMRADE,M,,,,,Comrade Appliances Limited,26.25,26.25,26.25,26.25,26.25,25,,26.25,,,6000,157500,5,F1,1000,,,,,
10-07-2026,10-07-2026,CM,BSE,STK,543922,INF769K01KG6,SILVERAG,E,,,,,Mirae Asset Mutual Fund,216.58,216.58,211.96,212.79,212.82,216.56,,212.84,,,32509,6998650,235,F1,1,,,,,
10-07-2026,10-07-2026,CM,BSE,STK,543923,INE0LOJ01019,IKIO,B,,,,,IKIO Technologies Limited,207.35,225.4,201.15,212.35,212.35,205.15,,210.86,,,305970,65585314,3973,F1,1,,,,,
10-07-2026,10-07-2026,CM,BSE,STK,543924,INE0N5O01013,SONALIS,M,,,,,Sonalis Consumer Products Limi,38.61,39.94,38.6,39.3,39.45,38.53,,39.3,,,16000,628720,8,F1,2000,,,,,
10-07-2026,10-07-2026,CM,BSE,STK,543926,INE0OJ401014,BIZOTIC,MT,,,,,Bizotic Commercial Limited,616,649,613,645.95,649,645,,645.95,,,7200,4607000,18,F1,200,,,,,
10-07-2026,10-07-2026,CM,BSE,STK,543927,INE04Z101016,ASIAN,X,,,,,Asian Warehousing Limited,34.88,34.88,33.96,34.49,34.49,34.28,,34.49,,,312,10687,11,F1,1,,,,,
10-07-2026,10-07-2026,CM,BSE,STK,543928,INE0ORA01015,COSMICCRF,MT,,,,,Cosmic CRF Limited,1432.95,1432.95,1313.05,1360.6,1350,1364.75,,1360.6,,,40700,56624990,263,F1,100,,,,,
10-07-2026,10-07-2026,CM,BSE,STK,543929,INE0ECP01024,HMAAGRO,B,,,,,HMA Agro Industries Limited,21.48,22.56,21.48,21.94,21.94,21.72,,21.92,,,23543,513598,171,F1,1,,,,,
10-07-2026,10-07-2026,CM,BSE,STK,543930,INE568Z01015,URAVIDEF,T,,,,,Uravi Defence and Technology L,118,123.9,115,118,118,118,,117.98,,,183,21729,24,F1,1,,,,,
10-07-2026,10-07-2026,CM,BSE,STK,543931,INE0Q0M01015,VEEFIN,M,,,,,VEEFIN SOLUTIONS LIMITED,320.25,332.9,320,321.35,320,320.25,,321.35,,,15000,4888030,53,F1,200,,,,,
10-07-2026,10-07-2026,CM,BSE,STK,543932,INE349Y01013,IDEAFORGE,T,,,,,IDEAFORGE TECHNOLOGY LIMITED,855,894.85,855,894.85,894.85,852.25,,900.7,,,17079,15088612,498,F1,1,,,,,
10-07-2026,10-07-2026,CM,BSE,STK,543933,INE055S01018,CYIENTDLM,B,,,,,Cyient DLM Limited,545,566.9,528.05,544.7,544.15,538.65,,545.6,,,52736,28792721,1012,F1,1,,,,,
10-07-2026,10-07-2026,CM,BSE,STK,543935,INF740KA1SX1,ITADD,B,,,,,DSP Mutual Fund,30.11,30.21,29.6,29.79,29.79,28.94,,29.67,,,898,26730,10,F1,1,,,,,
10-07-2026,10-07-2026,CM,BSE,STK,543936,INE602W01027,SENCO,A,,,,,Senco Gold Limited,350.3,368.5,349.1,362.4,362.4,348.85,,362.15,,,281886,102321053,6343,F1,1,,,,,
10-07-2026,10-07-2026,CM,BSE,STK,543938,INE0POP01017,ACCELERATE,M,,,,,ACCELERATEBS INDIA LIMITED,108.5,108.5,108.5,108.5,108.5,99,,108.5,,,640,69440,1,F1,640,,,,,
10-07-2026,10-07-2026,CM,BSE,STK,543939,INE0P3N01018,KAKA,M,,,,,Kaka Industries Limited,217.5,227,216.5,217,216.5,216.85,,217,,,15500,3441800,26,F1,500,,,,,
10-07-2026,10-07-2026,CM,BSE,STK,543940,INE758E01017,JIOFIN,A,,,,,Jio Financial Services Limited,234.6,243.5,234,241.85,241.85,233.4,,241.95,,,3169151,762858944,20842,F1,1,,,,,
10-07-2026,10-07-2026,CM,BSE,STK,543941,INE0NEV01011,AHASOLAR,M,,,,,AHASOLAR TECHNOLOGIES LIMITED,79,81,77.1,79,79,77.1,,79,,,2400,190840,6,F1,400,,,,,
10-07-2026,10-07-2026,CM,BSE,STK,543942,INE735W01017,UTKARSHBNK,B,,,,,UTKARSH SMALL FINANCE BANK LIM,14.11,14.87,14.11,14.63,14.63,14.12,,14.64,,,540321,7900538,881,F1,1,,,,,
10-07-2026,10-07-2026,CM,BSE,STK,543943,INE0DN001027,ASARFI,M,,,,,ASARFI HOSPITAL LIMITED,213.8,219.45,213.2,216.5,216.45,216.7,,216.5,,,15000,3256950,15,F1,1000,,,,,
10-07-2026,10-07-2026,CM,BSE,STK,543944,INF769K01KR3,BANKETF,B,,,,,Mirae Asset Mutual Fund,589.52,592,589.52,592,592,583.15,,591.48,,,26,15382,5,F1,1,,,,,
10-07-2026,10-07-2026,CM,BSE,STK,543945,INE0NT901020,NETWEB,A,,,,,NETWEB TECHNOLOGIES INDIA LIMI,4342.75,4347,4255.2,4304.65,4304.65,4284.55,,4305,,,34726,149193933,2917,F1,1,,,,,
10-07-2026,10-07-2026,CM,BSE,STK,543946,INF769K01KS1,LIQUID,F,,,,,Mirae Asset Mutual Fund,1000,1000.01,1000,1000,1000,1000,,999.99,,,16141,16141000,196,F1,1,,,,,
10-07-2026,10-07-2026,CM,BSE,STK,543947,INF740KA1SZ6,SENSEXADD,A,,,,,DSP BSE Sensex ETF,79.87,80.05,79.87,80.05,80.05,79.07,,80.05,,,243,19411,3,F1,1,,,,,
10-07-2026,10-07-2026,CM,BSE,STK,543948,INF740KA1SY9,PSUBANKADD,B,,,,,DSP Mutual Fund,83.5,85.78,83.5,85.3,85.68,83.12,,85.33,,,3726,316953,87,F1,1,,,,,
10-07-2026,10-07-2026,CM,BSE,STK,543949,INF740KA1TA7,PVTBANKADD,B,,,,,DSP Mutual Fund,28.65,28.65,28.25,28.44,28.25,28.22,,28.46,,,18815,536640,127,F1,1,,,,,
10-07-2026,10-07-2026,CM,BSE,STK,543950,INE0JO301016,YATHARTH,A,,,,,YATHARTH HOSPITAL & TRAUMA CAR,822.9,831,815,829.95,829.05,821.65,,829.75,,,11461,9439331,766,F1,1,,,,,
10-07-2026,10-07-2026,CM,BSE,STK,543952,INE342G01023,NIITMTS,A,,,,,NIIT Learning Systems Limited,245.1,247.85,241.4,242.9,242.5,242.05,,242.92,,,13402,3264604,731,F1,1,,,,,
10-07-2026,10-07-2026,CM,BSE,STK,543953,INE0OWC01011,KHAZANCHI,M,,,,,Khazanchi Jewellers Limited,616.8,638,616,627.35,627.35,615.7,,627.35,,,24750,15362350,69,F1,250,,,,,
10-07-2026,10-07-2026,CM,BSE,STK,543954,INE0NN701020,ATL,B,,,,,Allcargo Terminals Limited,23.3,23.95,22.83,23.19,23.33,23.79,,23.28,,,44515,1035941,203,F1,1,,,,,
10-07-2026,10-07-2026,CM,BSE,STK,543955,INE0O3901029,TREL,B,,,,,Transindia Real Estate Limited,25.77,25.8,25.08,25.48,25.5,25.4,,25.52,,,10289,261327,133,F1,1,,,,,
10-07-2026,10-07-2026,CM,BSE,STK,543956,INF109KC18V5,QUAL30IETF,B,,,,,ICICI Prudential Mutual Fund,20.78,20.78,20.66,20.68,20.68,20.63,,20.79,,,2391,49447,9,F1,1,,,,,
10-07-2026,10-07-2026,CM,BSE,STK,543957,INE0LXT01019,REDTAPE,B,,,,,REDTAPE Limited,136.2,136.85,134.8,135.5,135,134.4,,135.6,,,11786,1603033,187,F1,1,,,,,
10-07-2026,10-07-2026,CM,BSE,STK,543958,INE03HW01020,VLEGOV,T,,,,,VL E-Governance & IT Solutions,10.88,11.08,10.77,11.08,11.08,10.56,,11.14,,,7545,83356,22,F1,1,,,,,
10-07-2026,10-07-2026,CM,BSE,STK,543959,INE423Y01016,SBFC,A,,,,,SBFC Finance Limited,92.28,93.22,90.58,91.88,91.9,91,,91.96,,,5312592,488745039,1631,F1,1,,,,,
10-07-2026,10-07-2026,CM,BSE,STK,543960,INE338H01029,CONCORDBIO,A,,,,,Concord Biotech Limited,1327.2,1335.5,1295.9,1304.1,1300.05,1304.9,,1304.7,,,6693,8785622,480,F1,1,,,,,
10-07-2026,10-07-2026,CM,BSE,STK,543962,INE864X01013,DPWIRES,T,,,,,D.P. WIRES LIMITED,185,187,180,181.55,181.3,180.95,,181.31,,,434,78642,35,F1,1,,,,,
10-07-2026,10-07-2026,CM,BSE,STK,543963,INE013V01011,SHELTER,M,,,,,SHELTER PHARMA LIMITED,25.75,27.4,25.75,27.06,27.4,25.75,,27.06,,,30000,799770,10,F1,3000,,,,,
10-07-2026,10-07-2026,CM,BSE,STK,543965,INE395N01027,TVSSCS,A,,,,,TVS Supply Chain Solutions Lim,140.65,146.3,140.65,141.75,141.75,141.55,,141.66,,,109742,15734365,1106,F1,1,,,,,
10-07-2026,10-07-2026,CM,BSE,STK,543969,INE0MIS01010,PYRAMID,B,,,,,Pyramid Technoplast Limited,166.35,169.95,165.7,165.9,166,167.75,,165.48,,,11011,1850395,223,F1,1,,,,,
10-07-2026,10-07-2026,CM,BSE,STK,543971,INE0Q8P01029,BONDADA,M,,,,,Bondada Engineering Limited,306.2,310.9,303.5,305.05,303.5,304.15,,305.05,,,137600,42395100,421,F1,200,,,,,
10-07-2026,10-07-2026,CM,BSE,STK,543972,INE024001021,AEROFLEX,B,,,,,Aeroflex Industries Limited,413.1,426.3,400.85,413.45,414,405.05,,413.55,,,106388,44255630,1868,F1,1,,,,,
10-07-2026,10-07-2026,CM,BSE,STK,543973,INF179KC1JG3,HDFCLIQUID,F,,,,,HDFC Mutual Fund,1068.91,1068.91,1068.91,1068.91,1068.91,1068.47,,1068.9,,,1643,1756219,7,F1,1,,,,,
10-07-2026,10-07-2026,CM,BSE,STK,543974,INE0AE001013,VPRPL,T,,,,,VISHNU PRAKASH R PUNGLIA LIMIT,26.81,26.81,26.3,26.4,26.4,26.81,,26.4,,,22038,586650,76,F1,1,,,,,
10-07-2026,10-07-2026,CM,BSE,STK,543976,INE489B01031,SHRAAITECH,X,,,,,Shradha AI Technologies Limite,25.99,25.99,23.9,25.35,25.43,25.5,,25.35,,,22316,560140,223,F1,1,,,,,
10-07-2026,10-07-2026,CM,BSE,STK,543977,INE0N2P01017,RISHABH,B,,,,,Rishabh Instruments Limited,665,685,650,661.95,663.3,651.5,,662.1,,,38419,25604585,1356,F1,1,,,,,
10-07-2026,10-07-2026,CM,BSE,STK,543978,INE05CZ01011,RATNAVEER,B,,,,,Ratnaveer Precision Engineerin,182.85,182.85,179.75,180.15,179.75,179.8,,180.01,,,65235,11803506,439,F1,1,,,,,
10-07-2026,10-07-2026,CM,BSE,STK,543979,INE04T901017,KAHAN,M,,,,,Kahan Packaging Limited,52.8,52.8,52.8,52.8,52.8,44,,52.8,,,1600,84480,1,F1,1600,,,,,
10-07-2026,10-07-2026,CM,BSE,STK,543980,INE682M01012,JLHL,A,,,,,Jupiter Life Line Hospitals Li,1464.15,1473.5,1440.8,1454.95,1440.8,1461.6,,1455.8,,,634,927479,105,F1,1,,,,,
10-07-2026,10-07-2026,CM,BSE,STK,543981,INE777K01022,RRKABEL,A,,,,,R R KABEL LIMITED,2224.35,2248.35,2215,2225,2220.6,2205.9,,2225.6,,,115963,257532298,751,F1,1,,,,,
10-07-2026,10-07-2026,CM,BSE,STK,543982,INE0OYE01013,QUESTFLOW,MT,,,,,QUEST FLOW CONTROLS LIMITED,239.15,239.15,239.15,239.15,239.15,244,,239.15,,,5000,1195750,15,F1,200,,,,,
10-07-2026,10-07-2026,CM,BSE,STK,543983,INE0OV601013,EMSLIMITED,B,,,,,EMS LIMITED,427,461.7,420.95,460.1,460.1,419.75,,458.35,,,195577,87441108,3602,F1,1,,,,,
10-07-2026,10-07-2026,CM,BSE,STK,543984,INE08U801020,SAMHI,A,,,,,Samhi Hotels Limited,173.7,174.65,171.4,173.5,174,172.7,,173.09,,,33034,5720902,457,F1,1,,,,,
10-07-2026,10-07-2026,CM,BSE,STK,543985,INE07K301024,ZAGGLE,A,,,,,ZAGGLE PREPAID OCEAN SERVICES,205,210.4,205,207.65,208,204.95,,207.78,,,27905,5806908,401,F1,1,,,,,
10-07-2026,10-07-2026,CM,BSE,STK,543986,INE980Y01015,SOUTHWEST,B,,,,,South West Pinnacle Exploratio,235.4,235.4,225.7,226.5,225.7,230.15,,226.62,,,10626,2436526,295,F1,1,,,,,
10-07-2026,10-07-2026,CM,BSE,STK,543988,INE531F01023,NUVAMA,A,,,,,Nuvama Wealth Management Limit,1968.35,1992.5,1944.1,1976.65,1976.65,1934.25,,1977.6,,,30027,59105323,2196,F1,1,,,,,
10-07-2026,10-07-2026,CM,BSE,STK,543989,INE438K01021,KALAMANDIR,B,,,,,Sai Silks (Kalamandir) Limited,100.2,103.1,100.15,101.15,101.15,99.95,,101.06,,,108330,10988269,796,F1,1,,,,,
10-07-2026,10-07-2026,CM,BSE,STK,543990,INE903U01023,SIGNATURE,A,,,,,SIGNATUREGLOBAL (INDIA) LIMITE,814.8,858.9,801.55,848.9,856.95,808.2,,848.85,,,25033,20899043,788,F1,1,,,,,
10-07-2026,10-07-2026,CM,BSE,STK,543991,INE0P4P01011,TECHKGREEN,M,,,,,TECHKNOWGREEN SOLUTIONS LIMITE,128,130.8,128,129,129,133,,129,,,4400,570740,11,F1,400,,,,,
10-07-2026,10-07-2026,CM,BSE,STK,543992,INE0JR601024,YATRA,B,,,,,YATRA ONLINE LIMITED,112.15,117.85,112.15,114.2,114.25,112.85,,114.16,,,113284,13135857,856,F1,1,,,,,
10-07-2026,10-07-2026,CM,BSE,STK,543993,INE372M01010,ARCL,X,,,,,ARCL Organics Ltd,180,185,174.1,180,180,182.5,,180,,,55,9850,11,F1,1,,,,,
10-07-2026,10-07-2026,CM,BSE,STK,543994,INE880J01026,JSWINFRA,A,,,,,JSW Infrastructure Limited,326.95,333.6,323.9,330.2,330.2,323.9,,330.05,,,159762,52887335,4206,F1,1,,,,,
10-07-2026,10-07-2026,CM,BSE,STK,543995,INE0KNT01012,MVGJL,B,,,,,MANOJ VAIBHAV GEMS 'N' JEWELLE,160.2,161.45,153.9,156,156,157.4,,156.14,,,2215,351944,125,F1,1,,,,,
10-07-2026,10-07-2026,CM,BSE,STK,543996,INE851I01011,UDS,B,,,,,Updater Services Limited,197.5,200.7,188.65,198.7,194.7,197.5,,199.18,,,16735,3318517,343,F1,1,,,,,
10-07-2026,10-07-2026,CM,BSE,STK,543997,INE0MIO01019,ORGANICREC,M,,,,,ORGANIC RECYCLING SYSTEMS LIMI,232.95,237.5,231.15,237.45,237.45,230.25,,237.45,,,80400,18761730,43,F1,600,,,,,
10-07-2026,10-07-2026,CM,BSE,STK,543998,INE0JWS01017,VALIANTLAB,T,,,,,Valiant Laboratories Limited,63,63,62.22,62.22,62.22,62.2,,62.1,,,824,51677,19,F1,1,,,,,
10-07-2026,10-07-2026,CM,BSE,STK,543999,INF769K01KT9,SENSEXETF,A,,,,,Mirae Asset Mutual Fund,79.03,80.01,78.68,80,80,79.07,,79.93,,,1903,150949,39,F1,1,,,,,
10-07-2026,10-07-2026,CM,BSE,STK,544000,INE0M7501019,CCAL,MT,,,,,CITY CROPS AGRO LIMITED,25.46,25.46,25.46,25.46,25.46,24.25,,25.46,,,6000,152760,1,F1,6000,,,,,
10-07-2026,10-07-2026,CM,BSE,STK,544001,INE0Q1S01010,SUNITATOOL,MT,,,,,Sunita Tools Limited,817.8,817.8,817.8,817.8,817.8,801.8,,817.8,,,2875,2351175,15,F1,125,,,,,
10-07-2026,10-07-2026,CM,BSE,STK,544002,INE0PA601017,VIVAA,MT,,,,,Vivaa Tradecom Limited,90,90,90,90,90,88.74,,90,,,2000,180000,1,F1,2000,,,,,
10-07-2026,10-07-2026,CM,BSE,STK,544003,INE0INJ01017,PLAZACABLE,T,,,,,Plaza Wires Limited,45,46.4,44.5,44.6,44.6,45,,44.69,,,4176,189655,40,F1,1,,,,,
10-07-2026,10-07-2026,CM,BSE,STK,544004,INE07U701015,IRMENERGY,B,,,,,IRM ENERGY LIMITED,278.95,278.95,262.55,263.3,263,262.5,,263.5,,,4255,1123567,191,F1,1,,,,,
10-07-2026,10-07-2026,CM,BSE,STK,544006,INF769K01KV5,ITETF,B,,,,,Mirae Asset Mutual Fund,29.37,30.08,29.35,29.6,29.6,29.11,,29.63,,,40585,1204262,126,F1,1,,,,,
10-07-2026,10-07-2026,CM,BSE,STK,544007,INF769K01KU7,ALPHAETF,B,,,,,Mirae Asset Mutual Fund,25.9,26.36,25.9,26.29,26.27,26.25,,26.29,,,73905,1944589,363,F1,1,,,,,
10-07-2026,10-07-2026,CM,BSE,STK,544008,INE03EI01018,MAXESTATES,B,,,,,Max Estates Limited,445,458,439.75,450.15,447.2,441.45,,449.5,,,4585,2075631,271,F1,1,,,,,
10-07-2026,10-07-2026,CM,BSE,STK,544009,INE0KBH01020,BLUEJET,A,,,,,Blue Jet Healthcare Limited,604.1,630,595.75,623.35,623.35,574.8,,624,,,208193,127259924,5500,F1,1,,,,,
10-07-2026,10-07-2026,CM,BSE,STK,544012,INE0LMW01024,CELLO,A,,,,,Cello World Limited,362.1,371,360.1,368.85,367.5,358,,368.65,,,19633,7238725,538,F1,1,,,,,
10-07-2026,10-07-2026,CM,BSE,STK,544014,INE0J5401028,HONASA,A,,,,,Honasa Consumer Limited,474.8,475,466.5,471.35,470,471.55,,472.1,,,31052,14621054,1470,F1,1,,,,,
10-07-2026,10-07-2026,CM,BSE,STK,544015,INE0QI101019,MISHDESIGN,M,,,,,Mish Designs Limited,28.08,30.66,28.08,30.66,30.66,29.2,,30.66,,,1500,44490,3,F1,500,,,,,
10-07-2026,10-07-2026,CM,BSE,STK,544020,INE818W01011,ESAFSFB,B,,,,,ESAF Small Finance Bank Ltd,34.71,36.29,34.7,35.66,35.66,34.54,,35.73,,,263895,9388696,987,F1,1,,,,,
10-07-2026,10-07-2026,CM,BSE,STK,544021,INE004A01022,PROTEAN,A,,,,,Protean eGov Technologies Limi,582.15,600,582.15,588.5,589.6,579.6,,588.7,,,12800,7552522,536,F1,1,,,,,
10-07-2026,10-07-2026,CM,BSE,STK,544022,INE491J01022,ASKAUTOLTD,B,,,,,ASK Automotive Limited,489.95,496,470.65,472,471.05,480.3,,471.85,,,13858,6636214,697,F1,1,,,,,
10-07-2026,10-07-2026,CM,BSE,STK,544023,INE0N6U01018,KALYANI,MT,,,,,Kalyani Cast-Tech Limited,760,760,732,742,742,753.6,,742,,,4250,3163275,17,F1,250,,,,,
10-07-2026,10-07-2026,CM,BSE,STK,544026,INE202E01016,IREDA,A,,,,,Indian Renewable Energy Develo,122.05,126.75,122.05,126.4,126.4,121.75,,126.4,,,364250,45700226,15731,F1,1,,,,,
10-07-2026,10-07-2026,CM,BSE,STK,544027,INE007N01010,FEDFINA,B,,,,,Fedbank Financial Services Lim,154.7,160.2,154.7,159.35,159.35,154.4,,159.34,,,71147,11309344,1048,F1,1,,,,,
10-07-2026,10-07-2026,CM,BSE,STK,544028,INE142M01025,TATATECH,A,,,,,Tata Technologies Limited,727.7,735,717,718.55,719,711.35,,718.55,,,38418,27847133,1425,F1,1,,,,,
10-07-2026,10-07-2026,CM,BSE,STK,544029,INE717W01049,GANDHAR,B,,,,,Gandhar Oil Refinery (India) L,193.5,209.7,193.5,202.75,202,193.5,,203.14,,,210722,43073184,6742,F1,1,,,,,
10-07-2026,10-07-2026,CM,BSE,STK,544030,INE00Y201027,FLAIR,B,,,,,Flair Writing Industries Limit,262,265.95,259.45,260.55,260.55,261.1,,260.15,,,9723,2550750,267,F1,1,,,,,
10-07-2026,10-07-2026,CM,BSE,STK,544036,INE0RDM01013,DEEPAKCHEM,M,,,,,DEEPAK CHEMTEX LIMITED,75.81,76.99,75.71,76.99,76.99,75.75,,76.99,,,5600,427096,7,F1,800,,,,,
10-07-2026,10-07-2026,CM,BSE,STK,544037,INE0P9J01013,AMIC,M,,,,,Amic Forging Limited,1800,1844.95,1794.1,1821.15,1834,1771.2,,1821.15,,,73700,134225725,448,F1,100,,,,,
10-07-2026,10-07-2026,CM,BSE,STK,544042,INE0KQN01018,BAJEL,B,,,,,Bajel Projects Limited,185.05,191,185.05,190,189.55,186.9,,189.45,,,25544,4809462,597,F1,1,,,,,
10-07-2026,10-07-2026,CM,BSE,STK,544043,INF251K01SU9,BBNPPGOLD,E,,,,,BARODA BNP PARIBAS MUTUAL FUND,141.98,142.68,138.7,138.71,138.7,138.52,,138.5,,,122,17329,10,F1,1,,,,,
10-07-2026,10-07-2026,CM,BSE,STK,544044,INE922K01024,INDIASHLTR,A,,,,,India Shelter Finance Corporat,788,802.95,782.5,800.35,801,782.75,,800.05,,,54088,43005595,349,F1,1,,,,,
10-07-2026,10-07-2026,CM,BSE,STK,544045,INE321T01012,DOMS,A,,,,,DOMS Industries Limited,2321.05,2402.85,2309.95,2375.5,2377,2322.3,,2376.1,,,15727,37363755,1854,F1,1,,,,,
10-07-2026,10-07-2026,CM,BSE,STK,544046,INE616N01034,INOXINDIA,A,,,,,INOX India Limited,2009.95,2031.05,1972.55,1977.95,1972.55,2005.15,,1978,,,14084,28230130,1097,F1,1,,,,,
10-07-2026,10-07-2026,CM,BSE,STK,544047,INE0QSK01017,SIYARAM,MT,,,,,Siyaram Recycling Industries L,42.9,43,42,42.5,42.5,42.2,,42.5,,,34500,1465860,23,F1,1500,,,,,
10-07-2026,10-07-2026,CM,BSE,STK,544052,INE0Q2Z01013,BENCHMARK,MT,,,,,Benchmark Computer Solutions L,43.22,43.22,43.22,43.22,43.22,45.49,,43.22,,,2000,86440,1,F1,2000,,,,,
10-07-2026,10-07-2026,CM,BSE,STK,544053,INE0FRK01020,MOTISONS,B,,,,,Motisons Jewellers Limited,14.4,14.43,14.14,14.23,14.28,14.24,,14.2,,,632118,9010482,545,F1,1,,,,,
10-07-2026,10-07-2026,CM,BSE,STK,544054,INE843S01025,SURAJEST,B,,,,,Suraj Estate Developers Limite,205.25,205.25,202.85,204,205.15,202.25,,204.59,,,1171,239040,29,F1,1,,,,,
10-07-2026,10-07-2026,CM,BSE,STK,544055,INE046W01019,MUTHOOTMF,B,,,,,Muthoot Microfin Limited,217,245,217,235.3,235.3,211.45,,235.26,,,617845,144388477,10582,F1,1,,,,,
10-07-2026,10-07-2026,CM,BSE,STK,544057,INE330T01021,HAPPYFORGE,B,,,,,Happy Forgings Limited,1584.95,1596.55,1564.45,1580.65,1584.35,1561.8,,1582.3,,,2308,3651897,268,F1,1,,,,,
10-07-2026,10-07-2026,CM,BSE,STK,544058,INE220Q01020,MUFTI,B,,,,,Credo Brands Marketing Limited,85.82,86.78,85.35,86.47,86.51,84.73,,85.65,,,2421,207355,32,F1,1,,,,,
10-07-2026,10-07-2026,CM,BSE,STK,544060,INE0PEQ01016,RBZJEWEL,B,,,,,RBZ Jewellers Limited,153.8,165,151.8,154.05,154.05,153.8,,154.22,,,45422,7113965,778,F1,1,,,,,
10-07-2026,10-07-2026,CM,BSE,STK,544061,INE02IJ01035,AZAD,A,,,,,Azad Engineering Limited,2519.95,2524.55,2405.2,2478.65,2478.65,2474.55,,2479.5,,,63399,155415967,4405,F1,1,,,,,
10-07-2026,10-07-2026,CM,BSE,STK,544066,INE0Q3R01026,SUNCLAY,B,,,,,SUNDARAM-CLAYTON LIMITED,1331,1376.95,1320.9,1349.1,1349.1,1318.95,,1346.1,,,40267,53597898,40,F1,1,,,,,
10-07-2026,10-07-2026,CM,BSE,STK,544067,INE0DUT01020,INNOVACAP,B,,,,,INNOVA CAPTAB LIMITED,997.5,1012.35,983.7,986.55,989.45,989.65,,989.25,,,2622,2601544,209,F1,1,,,,,
10-07-2026,10-07-2026,CM,BSE,STK,544072,INE0QFT01015,AIKPIPES,MT,,,,,AIK Pipes and Polymers Limited,21.62,21.62,20.77,20.77,20.77,21.62,,20.77,,,1600,33912,2,F1,800,,,,,
10-07-2026,10-07-2026,CM,BSE,STK,544074,INE0RNZ01014,SBVCL,MT,,,,,Shri Balaji Valve Components L,104.75,105,102.7,105,105,105.85,,105,,,1800,187470,3,F1,600,,,,,
10-07-2026,10-07-2026,CM,BSE,STK,544079,INE0PSC01024,DIGIDRIVE,B,,,,,DIGIDRIVE DISTRIBUTORS LIMITED,18.7,19.28,18.7,19.23,19.18,18.23,,18.99,,,220,4222,7,F1,1,,,,,
10-07-2026,10-07-2026,CM,BSE,STK,544080,INE0MGS01014,SHILINDORE,X,,,,,Sayaji Hotels (Indore) Limited,1340,1340,1340,1340,1340,1353.3,,1340,,,10,13400,2,F1,1,,,,,
10-07-2026,10-07-2026,CM,BSE,STK,544081,INE980O01024,JYOTICNC,A,,,,,Jyoti CNC Automation Limited,773.8,806,772.15,796.4,796.4,769.15,,796.55,,,137199,108573017,3945,F1,1,,,,,
10-07-2026,10-07-2026,CM,BSE,STK,544082,INE0GEN01012,SWANAGRO,M,,,,,New Swan Multitech Limited,47.7,47.7,45,46.3,46.3,45.7,,46.3,,,6000,278000,3,F1,2000,,,,,
10-07-2026,10-07-2026,CM,BSE,STK,544083,INE0QIS01011,SHREE,M,,,,,Shree Marutinandan Tubes Limit,55.45,55.45,51.85,52.2,52.2,54.95,,52.2,,,2500,131825,5,F1,500,,,,,
10-07-2026,10-07-2026,CM,BSE,STK,544088,INE456Z01021,MEDIASSIST,A,,,,,Medi Assist Healthcare Service,358.9,365,355.8,357.85,360.5,358.7,,357.8,,,8398,3005880,397,F1,1,,,,,
10-07-2026,10-07-2026,CM,BSE,STK,544089,INF0R8F01034,LIQUIDCASE,F,,,,,Zerodha Mutual Fund,114.93,114.97,114.93,114.96,114.96,114.91,,114.96,,,340856,39184196,495,F1,1,,,,,
10-07-2026,10-07-2026,CM,BSE,STK,544090,INE07G501017,SHPLPUNE,X,,,,,Sayaji Hotels (Pune) Limited,850,850,800.15,839.3,839.3,831.1,,839.3,,,53,44889,5,F1,1,,,,,
10-07-2026,10-07-2026,CM,BSE,STK,544091,INE0Q1R01012,QLL,M,,,,,Qualitek Labs Limited,450,461,444,448.2,448.2,446.6,,448.2,,,3600,1624280,8,F1,400,,,,,
10-07-2026,10-07-2026,CM,BSE,STK,544092,INF0QA701722,NIFTYBETF,B,,,,,Bajaj Finserv Mutual Fund,246.85,248.85,246.85,248.16,248.16,246.85,,248.66,,,127,31500,7,F1,1,,,,,
10-07-2026,10-07-2026,CM,BSE,STK,544093,INF0QA701714,BANKBETF,B,,,,,Bajaj Finserv Mutual Fund,58.5,58.96,58.5,58.72,58.72,58.21,,58.82,,,2198,129133,13,F1,1,,,,,
10-07-2026,10-07-2026,CM,BSE,STK,544095,INE0G5901015,EPACK,A,,,,,EPACK Durable Limited,232.95,236.5,231.8,233.45,233.3,230.1,,233.34,,,22669,5305689,359,F1,1,,,,,
10-07-2026,10-07-2026,CM,BSE,STK,544100,INE02H701025,NOVAAGRI,T,,,,,Nova Agritech Limited,24.89,24.89,23.5,23.62,23.62,24.09,,23.59,,,14901,357538,162,F1,1,,,,,
10-07-2026,10-07-2026,CM,BSE,STK,544101,INE0Q6L01014,BRISK,M,,,,,Brisk Technovision Limited,105,105,105,105,105,100.55,,105,,,800,84000,1,F1,800,,,,,
10-07-2026,10-07-2026,CM,BSE,STK,544105,INE0OLZ01015,HARSHDEEP,M,,,,,HARSHDEEP HORTICO LIMITED,81.47,82,81.47,82,82,81.45,,82,,,3000,245205,2,F1,1500,,,,,
10-07-2026,10-07-2026,CM,BSE,STK,544106,INE0R5Z01015,MCFL,MT,,,,,Mayank Cattle Food Limited,221,221,221,221,221,218.95,,221,,,1800,397800,3,F1,600,,,,,
10-07-2026,10-07-2026,CM,BSE,STK,544107,INE0NLT01010,BLSE,B,,,,,BLS E-Services Limited,263.15,268.6,260.65,263.8,263.25,261.3,,263.27,,,9528,2508365,225,F1,1,,,,,
10-07-2026,10-07-2026,CM,BSE,STK,544108,INE0QZF01012,GPSL,M,,,,,Gabriel Pet Straps Limited,101.3,110,101.3,110,110,106.6,,110,,,5400,561060,9,F1,600,,,,,
10-07-2026,10-07-2026,CM,BSE,STK,544109,INF740KA1ZG1,HEALTHADD,B,,,,,DSP Mutual Fund,16.46,16.56,16.45,16.45,16.45,16.63,,16.46,,,1042,17146,5,F1,1,,,,,
10-07-2026,10-07-2026,CM,BSE,STK,544110,INF179KC1HW4,HDFCPSUBK,B,,,,,HDFC Mutual Fund,83.7,86,83.6,85.32,85.39,83.14,,85.4,,,60117,5103408,172,F1,1,,,,,
10-07-2026,10-07-2026,CM,BSE,STK,544111,INE988S01028,PARKHOTELS,B,,,,,Apeejay Surrendra Park Hotels,127,128.5,124,127.55,127.9,126.6,,127.65,,,19050,2421038,433,F1,1,,,,,
10-07-2026,10-07-2026,CM,BSE,STK,544112,INE0QXV01014,JGTL,X,,,,,JASCH GAUGING TECHNOLOGIES LIM,500.5,500.5,480.25,498,499.5,494.35,,498,,,746,365527,31,F1,1,,,,,
10-07-2026,10-07-2026,CM,BSE,STK,544117,INE0KGZ01021,SIGNPOST,B,,,,,Signpost India Limited,320.4,326.6,313.35,318.2,319.9,320.35,,317.65,,,18774,5981729,514,F1,1,,,,,
10-07-2026,10-07-2026,CM,BSE,STK,544118,INE953L01027,JSFB,A,,,,,JANA SMALL FINANCE BANK LIMITE,461,479,461,473.25,474.95,455.25,,474.1,,,25881,12179752,714,F1,1,,,,,
10-07-2026,10-07-2026,CM,BSE,STK,544119,INE0J1F01024,RPTECH,B,,,,,Rashi Peripherals Limited,782.75,799.5,777,783.7,779.1,780.9,,783.05,,,32631,25669369,1164,F1,1,,,,,
10-07-2026,10-07-2026,CM,BSE,STK,544120,INE646H01017,CAPITALSFB,B,,,,,Capital Small Finance Bank Ltd,293.15,296.25,292.65,294.1,294.3,290.45,,294.25,,,1744,512558,81,F1,1,,,,,
10-07-2026,10-07-2026,CM,BSE,STK,544121,INE0OYK01010,RUDRAGAS,M,,,,,Rudra Gas Enterprise Limited,77.75,77.75,77.75,77.75,77.75,77.7,,77.75,,,1000,77750,1,F1,1000,,,,,
10-07-2026,10-07-2026,CM,BSE,STK,544122,INE010601016,ENTERO,B,,,,,Entero Healthcare Solutions Li,1238.4,1253.9,1205,1208.65,1205,1215.8,,1210.9,,,12235,15259140,262,F1,1,,,,,
10-07-2026,10-07-2026,CM,BSE,STK,544123,INF767K01RN1,LICNMID100,B,,,,,LIC Mutual Fund,62.84,63.47,62.84,63.38,63.38,62.4,,63.18,,,409,25781,12,F1,1,,,,,
10-07-2026,10-07-2026,CM,BSE,STK,544124,INE0QTF01015,VSTL,B,,,,,VIBHOR STEEL TUBES LIMITED,113,114.8,110.05,114.8,114.8,113.3,,114.48,,,1027,116126,64,F1,1,,,,,
10-07-2026,10-07-2026,CM,BSE,STK,544129,INE696F01016,JUNIPER,B,,,,,Juniper Hotels Limited,196.95,199.65,196.95,199,198.65,197.5,,198.92,,,2415,480795,93,F1,1,,,,,
10-07-2026,10-07-2026,CM,BSE,STK,544130,INF769K01LC3,SMALLCAP,B,,,,,Mirae Asset Mutual Fund,47.12,47.45,47.03,47.35,47.3,46.92,,47.38,,,136585,6470018,323,F1,1,,,,,
10-07-2026,10-07-2026,CM,BSE,STK,544131,INE486R01017,GPTHEALTH,B,,,,,GPT Healthcare Limited,160,160.6,156.7,157.75,157.35,158.1,,158.1,,,10240,1619111,189,F1,1,,,,,
10-07-2026,10-07-2026,CM,BSE,STK,544132,INF0R8F01042,GOLDCASE,E,,,,,Zerodha Mutual Fund,22.67,22.67,22.44,22.48,22.51,22.5,,22.47,,,110534,2489159,903,F1,1,,,,,
10-07-2026,10-07-2026,CM,BSE,STK,544133,INE777F01014,EXICOM,B,,,,,EXICOM TELE-SYSTEMS LIMITED,162.05,171.25,160.45,170.05,170,160.35,,170.04,,,155298,25728126,1136,F1,1,,,,,
10-07-2026,10-07-2026,CM,BSE,STK,544134,INE0PT501018,PLATIND,B,,,,,Platinum Industries Limited,228.8,232.8,226.1,228.7,227.25,226.6,,228,,,4140,949205,154,F1,1,,,,,
10-07-2026,10-07-2026,CM,BSE,STK,544135,INE0CG401037,MUKKA,B,,,,,Mukka Proteins Limited,23.46,23.79,22,23.12,23.19,23.38,,23.08,,,102248,2344154,306,F1,1,,,,,
10-07-2026,10-07-2026,CM,BSE,STK,544136,INE0NQ801033,RKSWAMY,B,,,,,R K Swamy Limited,100.5,108,100.5,103,103,101.75,,103.18,,,2362,244034,50,F1,1,,,,,
10-07-2026,10-07-2026,CM,BSE,STK,544137,INE0NHL23019,INDUSINVIT,IF,,,,,Indus Infra Trust,129.65,129.65,127.06,129.43,129.55,128.28,,129.47,,,7299,940911,372,F1,1,,,,,
10-07-2026,10-07-2026,CM,BSE,STK,544138,INE0MB501011,JGCHEM,B,,,,,J.G.Chemicals Limited,448.05,458.5,441.05,455.55,457,444.45,,456.3,,,9667,4347860,420,F1,1,,,,,
10-07-2026,10-07-2026,CM,BSE,STK,544139,INE0M8R01011,KOURA,M,,,,,KOURA FINE DIAMOND JEWELRY LIM,32.6,32.6,32.6,32.6,32.6,33.5,,32.6,,,2000,65200,1,F1,2000,,,,,
10-07-2026,10-07-2026,CM,BSE,STK,544140,INE0L9R01028,GOPAL,B,,,,,Gopal Snacks Limited,269,270.45,268.05,268.95,269,268.95,,268.9,,,15311,4120102,189,F1,1,,,,,
10-07-2026,10-07-2026,CM,BSE,STK,544141,INE510U01018,PESB,MT,,,,,Pune E - Stock Broking Limited,261,275,261,267.5,267,269.05,,267.5,,,13600,3656760,17,F1,800,,,,,
10-07-2026,10-07-2026,CM,BSE,STK,544142,INE0PB301013,SCILAL,B,,,,,Shipping Corporation of India,42.5,43.13,42.5,42.78,42.8,42.41,,42.73,,,6365,272741,113,F1,1,,,,,
10-07-2026,10-07-2026,CM,BSE,STK,544143,INE0QQG01019,ROYAL,M,,,,,Royal Sense Limited,107,119.9,107,119.42,119.9,107,,119.42,,,5500,631425,11,F1,500,,,,,
10-07-2026,10-07-2026,CM,BSE,STK,544144,INE772T01024,PVSL,B,,,,,Popular Vehicles and Services,94,94.75,92.78,93.98,93.98,93.28,,93.45,,,1869,175931,88,F1,1,,,,,
10-07-2026,10-07-2026,CM,BSE,STK,544149,INE0QN801017,KRYSTAL,B,,,,,KRYSTAL INTEGRATED SERVICES LI,634.75,634.75,600,601.4,600,600.1,,600.6,,,335,203487,26,F1,1,,,,,
10-07-2026,10-07-2026,CM,BSE,STK,544150,INE0QVH01025,KPGEL,M,,,,,KP GREEN ENGINEERING LIMITED,369,369.05,360.95,363.85,364,366.95,,363.85,,,59500,21660362,195,F1,250,,,,,
10-07-2026,10-07-2026,CM,BSE,STK,544151,INE0AH901011,CHATHA,M,,,,,CHATHA FOODS LIMITED,95.99,96,90.5,93.46,94.5,91.9,,93.46,,,35000,3299590,31,F1,1000,,,,,
10-07-2026,10-07-2026,CM,BSE,STK,544156,INE0QHY01011,GCONNECT,M,,,,,Gconnect Logitech and Supply C,11.31,12.56,11.31,12.56,12.56,12.56,,12.56,,,15000,171525,10,F1,1500,,,,,
10-07-2026,10-07-2026,CM,BSE,STK,544157,INE0OMZ01013,VRUDDHI,M,,,,,Vruddhi Engineering Works Limi,234,234,230,230,230,218,,230,,,1500,347000,3,F1,500,,,,,
10-07-2026,10-07-2026,CM,BSE,STK,544158,INE0R6Z01013,SRM,B,,,,,SRM CONTRACTORS LIMITED,485.95,503.8,478,500.75,500.95,477.85,,500.65,,,11845,5804252,327,F1,1,,,,,
10-07-2026,10-07-2026,CM,BSE,STK,544159,INF740KA1UM0,LIQUIDADD,F,,,,,DSP BSE Liquid Rate ETF,1135.21,1135.23,1135.21,1135.22,1135.22,1134.77,,1135.22,,,54396,61751419,38,F1,1,,,,,
10-07-2026,10-07-2026,CM,BSE,STK,544160,INE0MSS01019,JAYKAILASH,MT,,,,,Jay Kailash Namkeen Limited,22.62,22.62,22.62,22.62,22.62,21.55,,22.62,,,6400,144768,4,F1,1600,,,,,
10-07-2026,10-07-2026,CM,BSE,STK,544161,INE266Y01019,DPABHUSHAN,B,,,,,D P ABHUSHAN LIMITED,1188.9,1220,1162.95,1197.1,1194.4,1149.65,,1193.75,,,9358,11183605,798,F1,1,,,,,
10-07-2026,10-07-2026,CM,BSE,STK,544162,INE343G01021,BHARTIHEXA,A,,,,,Bharti Hexacom Limited,1573.2,1617,1564.1,1606.25,1606.25,1571.8,,1604.9,,,71758,113824470,1755,F1,1,,,,,
10-07-2026,10-07-2026,CM,BSE,STK,544164,INE0Q9W01015,FAALCON,M,,,,,Faalcon Concepts Limited,41.8,42,40.24,41.5,41.5,40.8,,41.5,,,34000,1401640,17,F1,2000,,,,,
10-07-2026,10-07-2026,CM,BSE,STK,544166,INE0SDC01012,EMMFORCE,MT,,,,,EMMFORCE AUTOTECH LIMITED,182,186,182,183.45,184.75,182,,183.45,,,15600,2872020,12,F1,1200,,,,,
10-07-2026,10-07-2026,CM,BSE,STK,544167,INE0OAF01028,JNKINDIA,B,,,,,JNK India Limited,519,523.05,504.45,509.1,509.1,511.05,,509.35,,,41504,21293419,1111,F1,1,,,,,
10-07-2026,10-07-2026,CM,BSE,STK,544169,INE0QSB01016,AMKAY,M,,,,,Amkay Products Limited,50,50,48.52,48.52,48.52,47.3,,48.52,,,8000,391120,2,F1,2000,,,,,
10-07-2026,10-07-2026,CM,BSE,STK,544170,INE0QXT01018,DKUAL,M,,,,,Dolphin Kitchen Utensils and A,8.5,8.5,8.33,8.33,8.33,8.76,,8.33,,,212000,1776260,77,F1,2000,,,,,
10-07-2026,10-07-2026,CM,BSE,STK,544171,INE0RGM01016,STAL,M,,,,,Storage Technologies and Autom,35.74,35.75,35.7,35.75,35.75,32.53,,35.75,,,40800,1458504,10,F1,800,,,,,
10-07-2026,10-07-2026,CM,BSE,STK,544172,INE065X01017,INDGN,A,,,,,Indegene Limited,499.85,522.8,499.85,509.65,508.4,496.05,,509.3,,,46759,24092975,1718,F1,1,,,,,
10-07-2026,10-07-2026,CM,BSE,STK,544174,INE673O01025,TBOTEK,A,,,,,TBO TEK LIMITED,1505,1513.75,1481,1504.35,1507.45,1496.45,,1504.9,,,4879,7303541,299,F1,1,,,,,
10-07-2026,10-07-2026,CM,BSE,STK,544175,INE0SMU01015,TGIF,M,,,,,TGIF AGRIBUSINESS LIMITED,104.6,105,98.3,105,105,104,,105,,,6000,613080,5,F1,1200,,,,,
10-07-2026,10-07-2026,CM,BSE,STK,544176,INE883F01010,AADHARHFC,A,,,,,Aadhar Housing Finance Limited,535.3,540,523.25,533.9,533.55,531.15,,534.55,,,24235,12827710,869,F1,1,,,,,
10-07-2026,10-07-2026,CM,BSE,STK,544177,INE0SCB01016,AZTEC,M,,,,,Aztec Fluids & Machinery Limit,97.25,98.75,94.1,95.5,95.5,97.75,,95.5,,,95000,9114250,84,F1,1000,,,,,
10-07-2026,10-07-2026,CM,BSE,STK,544178,INE0R4W01015,PIOTEX,M,,,,,PIOTEX INDUSTRIES LIMITED,33,33,32.35,32.35,32.35,31,,32.35,,,2400,78420,2,F1,1200,,,,,
10-07-2026,10-07-2026,CM,BSE,STK,544179,INE03JT01014,GODIGIT,A,,,,,Go Digit General Insurance Lim,301.9,314.8,301.5,312.2,312.4,301.7,,312,,,10307,3168003,367,F1,1,,,,,
10-07-2026,10-07-2026,CM,BSE,STK,544180,INF769K01LJ8,MIDSMALL,B,,,,,Mirae Asset Mutual Fund,50.72,51.08,50.7,51.06,51.07,50.5,,51.05,,,48509,2476229,168,F1,1,,,,,
10-07-2026,10-07-2026,CM,BSE,STK,544181,INE108V01019,AWFIS,A,,,,,Awfis Space Solutions Limited,311.25,320.95,301.55,303.2,303.2,305.7,,303.2,,,29564,9206377,910,F1,1,,,,,
10-07-2026,10-07-2026,CM,BSE,STK,544184,INE02L001032,BOROSCI,B,,,,,Borosil Scientific Limited,160,165.15,156.85,157,157,158.4,,158.02,,,6044,957226,168,F1,1,,,,,
10-07-2026,10-07-2026,CM,BSE,STK,544185,INE257C01014,ADTECH,X,,,,,ADTECH SYSTEMS LIMITED,59.11,60.82,59,60.28,60.6,58.63,,60.28,,,488,29069,20,F1,1,,,,,
10-07-2026,10-07-2026,CM,BSE,STK,544186,INE0TT901016,TOTEM,X,,,,,Forbes Precision Tools and Mac,150.15,151.95,148,149.05,151.45,150.15,,149.05,,,3119,467552,86,F1,1,,,,,
10-07-2026,10-07-2026,CM,BSE,STK,544187,INE0ATZ01017,KRONOX,B,,,,,KRONOX LAB SCIENCES LIMITED,149.45,152.9,149.45,150.8,151.1,149.65,,150.78,,,9127,1375135,210,F1,1,,,,,
10-07-2026,10-07-2026,CM,BSE,STK,544189,INE0QUV01010,SATTRIX,M,,,,,SATTRIX INFORMATION SECURITY L,339,356,338.3,354.35,356,342.2,,354.35,,,12000,4202850,20,F1,500,,,,,
10-07-2026,10-07-2026,CM,BSE,STK,544191,INE0CYK01015,PURPLEFIN,X,,,,,Purple Finance Limited,64.59,65.43,63.1,64.07,64.07,64.54,,64.07,,,518577,33328406,273,F1,1,,,,,
10-07-2026,10-07-2026,CM,BSE,STK,544192,INE0HV901016,IXIGO,A,,,,,Le Travenues Technology Limite,207.1,208,201.15,207.05,206,203.65,,207.18,,,100683,20555473,1474,F1,1,,,,,
10-07-2026,10-07-2026,CM,BSE,STK,544193,INF0R8F01059,MID150CASE,B,,,,,Zerodha Mutual Fund,11.14,11.66,11.14,11.66,11.66,11.43,,11.63,,,29673,343999,325,F1,1,,,,,
10-07-2026,10-07-2026,CM,BSE,STK,544194,INF0R8F01067,TOP100CASE,B,,,,,Zerodha Mutual Fund,10.33,10.65,10.33,10.58,10.59,10.44,,10.57,,,42363,447797,122,F1,1,,,,,
10-07-2026,10-07-2026,CM,BSE,STK,544196,INF251K01TL6,BBNPNBETF,B,,,,,BARODA BNP PARIBAS MUTUAL FUND,59.6,59.6,58.16,58.66,58.66,58,,58.66,,,273,15946,15,F1,1,,,,,
10-07-2026,10-07-2026,CM,BSE,STK,544197,INE03DD01011,RETAIL,B,,,,,JHS SVENDGAARD RETAIL VENTURES,18.7,18.7,17.37,18.36,18.36,17.85,,17.93,,,1970,35364,15,F1,1,,,,,
10-07-2026,10-07-2026,CM,BSE,STK,544198,INE841L01016,DEEDEV,T,,,,,DEE DEVELOPMENT ENGINEERS LIMI,698,704.1,663,697.25,700,670.6,,698.65,,,10991,7606359,298,F1,1,,,,,
10-07-2026,10-07-2026,CM,BSE,STK,544199,INE0RUJ01013,GEMENVIRO,M,,,,,GEM Enviro Management Limited,38.99,39,38,38.15,38.15,37.7,,38.15,,,4800,184912,5,F1,800,,,,,
10-07-2026,10-07-2026,CM,BSE,STK,544200,INE916Y01027,AFIL,T,,,,,Akme Fintrade (India) Limited,9.89,9.9,9.7,9.79,9.79,9.73,,9.75,,,15456,151038,43,F1,1,,,,,
10-07-2026,10-07-2026,CM,BSE,STK,544201,INE0S6R01027,DFPL,MT,,,,,DINDIGUL FARM PRODUCT LIMITED,16,16,16,16,16,16,,16,,,12000,192000,6,F1,2000,,,,,
10-07-2026,10-07-2026,CM,BSE,STK,544202,INE01A001028,STANLEY,B,,,,,STANLEY LIFESTYLES LIMITED,156.8,156.85,154.4,156.15,155.75,154.3,,156.21,,,8905,1381244,255,F1,1,,,,,
10-07-2026,10-07-2026,CM,BSE,STK,544203,INE552Z01027,ABDL,A,,,,,Allied Blenders and Distillers,667.05,679.2,645.65,648.55,648.55,666.75,,648.75,,,53278,34681357,2316,F1,1,,,,,
10-07-2026,10-07-2026,CM,BSE,STK,544204,INE0S2V01010,VRAJ,B,,,,,VRAJ IRON AND STEEL LIMITED,113.15,117.5,113.15,116.9,117.1,113.15,,116.99,,,1209,139780,56,F1,1,,,,,
10-07-2026,10-07-2026,CM,BSE,STK,544205,INE0PO601011,NPL,XT,,,,,National Peroxide Limited,590,590,581.7,584.1,584.2,588,,584.1,,,468,274795,34,F1,1,,,,,
10-07-2026,10-07-2026,CM,BSE,STK,544206,INF200KB1217,SBISILVER,E,,,,,SBI Mutual Fund,220.48,220.48,213.26,214.16,214.85,218.19,,214.12,,,80887,17431291,1825,F1,1,,,,,
10-07-2026,10-07-2026,CM,BSE,STK,544207,INE375Y01018,RELIABLE,B,,,,,Reliable Data Services Limited,143.5,146,142,144.95,146,144.8,,145.08,,,802,115321,37,F1,1,,,,,
10-07-2026,10-07-2026,CM,BSE,STK,544208,INF680P01422,LIQUIDSHRI,F,,,,,Shriram Mutual Fund,1112.56,1112.56,1112.56,1112.56,1112.56,1111.58,,1112.56,,,12,13350,1,F1,1,,,,,
10-07-2026,10-07-2026,CM,BSE,STK,544209,INE0B9K01025,BANSALWIRE,B,,,,,Bansal Wire Industries Limited,321.1,337.15,321.1,331.1,331.5,327.7,,331.2,,,8138,2694604,300,F1,1,,,,,
10-07-2026,10-07-2026,CM,BSE,STK,544210,INE168P01015,EMCURE,A,,,,,Emcure Pharmaceuticals Limited,1801.75,1824.8,1801.75,1810.45,1807.1,1807.8,,1814.3,,,2860,5176530,297,F1,1,,,,,
10-07-2026,10-07-2026,CM,BSE,STK,544212,INF769K01LQ3,EVINDIA,B,,,,,Mirae Asset Mutual Fund,31.17,31.49,31.17,31.36,31.43,31.12,,31.37,,,6723,210974,127,F1,1,,,,,
10-07-2026,10-07-2026,CM,BSE,STK,544213,INE0T3401029,ACLD,M,,,,,AELEA COMMODITIES LIMITED,152.1,155,151.7,154.15,155,151.95,,154.15,,,15000,2297370,24,F1,600,,,,,
10-07-2026,10-07-2026,CM,BSE,STK,544214,INE0UK501010,THREEMPAPE,M,,,,,THREE M PAPER BOARDS LIMITED,24.02,26.1,24.02,26.1,26.1,26.4,,26.1,,,6000,152440,3,F1,2000,,,,,
10-07-2026,10-07-2026,CM,BSE,STK,544215,INF200KB1282,SBINEQWETF,B,,,,,SBI Mutual Fund,33.3,33.32,32.89,33.09,33.29,33.18,,33.22,,,1795,59497,40,F1,1,,,,,
10-07-2026,10-07-2026,CM,BSE,STK,544216,INF109KC18W3,OILIETF,B,,,,,ICICI Prudential Mutual Fund,11.39,11.39,11.23,11.33,11.36,11.2,,11.33,,,145043,1643114,1005,F1,1,,,,,
10-07-2026,10-07-2026,CM,BSE,STK,544217,INE08NE01025,SANSTAR,B,,,,,SANSTAR LIMITED,113.15,114.9,112.6,113.2,113.2,113.45,,113.22,,,14747,1672223,193,F1,1,,,,,
10-07-2026,10-07-2026,CM,BSE,STK,544218,INF209KB19Z4,ABSLPSE,B,,,,,Aditya Birla Sun Life Mutual F,10.27,10.33,10.23,10.29,10.32,10.2,,10.29,,,9897,101570,60,F1,1,,,,,
10-07-2026,10-07-2026,CM,BSE,STK,544220,INE0QMR01015,CTLLAB,M,,,,,Clinitech Laboratory Limited,40,40,40,40,40,40,,40,,,2400,96000,2,F1,1200,,,,,
10-07-2026,10-07-2026,CM,BSE,STK,544222,INE09XN01023,AKUMS,B,,,,,Akums Drugs and Pharmaceutical,661.45,707,657.65,701.65,704.5,658,,701.95,,,37691,26035894,1722,F1,1,,,,,
10-07-2026,10-07-2026,CM,BSE,STK,544223,INE0AG901020,CEIGALL,B,,,,,Ceigall India Limited,374,374,363.85,365.5,365.5,369.7,,365.8,,,7951,2930467,387,F1,1,,,,,
10-07-2026,10-07-2026,CM,BSE,STK,544224,INE0OXY01013,AFCOM,M,,,,,Afcom Holdings Limited,1399,1508,1399,1493.35,1500,1378.95,,1493.35,,,191880,280561962,1084,F1,120,,,,,
10-07-2026,10-07-2026,CM,BSE,STK,544225,INE0LXG01040,OLAELEC,A,,,,,Ola Electric Mobility Limited,40.83,41.45,40.17,40.42,40.42,40.43,,40.41,,,5287402,215798415,8971,F1,1,,,,,
10-07-2026,10-07-2026,CM,BSE,STK,544226,INE02RE01045,FIRSTCRY,A,,,,,Brainbees Solutions Limited,205,213.9,204.95,211.95,211.95,203.5,,212.2,,,333672,70338842,2801,F1,1,,,,,
10-07-2026,10-07-2026,CM,BSE,STK,544227,INE00U401027,UNIECOM,B,,,,,UNICOMMERCE ESOLUTIONS LIMITED,89.1,89.15,87.96,88.61,88.4,87.51,,88.59,,,10103,894356,185,F1,1,,,,,
10-07-2026,10-07-2026,CM,BSE,STK,544228,INF209KC1142,GSEC10ABSL,F,,,,,Aditya Birla Sun Life Mutual F,113.57,113.57,113.57,113.57,113.57,115,,113.5,,,8,908,1,F1,1,,,,,
10-07-2026,10-07-2026,CM,BSE,STK,544229,INF109KC19W1,METALIETF,B,,,,,ICICI Prudential Mutual Fund,12.5,12.9,12.46,12.74,12.74,12.57,,12.75,,,615987,7883102,992,F1,1,,,,,
10-07-2026,10-07-2026,CM,BSE,STK,544230,INE0PQ101010,SSDL,B,,,,,SARASWATI SAREE DEPOT LIMITED,52.01,56.75,52.01,55.94,55.96,55.63,,55.79,,,3035,169828,135,F1,1,,,,,
10-07-2026,10-07-2026,CM,BSE,STK,544232,INE00M901018,INTERARCH,B,,,,,Interarch Building Solutions L,1804.95,1850.65,1804.95,1840.3,1830,1804.9,,1837.6,,,2904,5317510,302,F1,1,,,,,
10-07-2026,10-07-2026,CM,BSE,STK,544233,INE0US801024,MFML,B,,,,,Mahalaxmi Fabric Mills Limited,19.3,19.83,19.3,19.65,19.3,19.94,,19.83,,,243,4750,10,F1,1,,,,,
10-07-2026,10-07-2026,CM,BSE,STK,544234,INE0URU01010,GLOBALE,T,,,,,Globale Tessile Limited,11.57,11.57,11.55,11.55,11.55,12.15,,11.15,,,503,5817,5,F1,1,,,,,
10-07-2026,10-07-2026,CM,BSE,STK,544235,INE0PPK01015,ORIENTTECH,B,,,,,Orient Technologies Limited,251,255.55,251,252,252.65,248.1,,251.96,,,5480,1385995,202,F1,1,,,,,
10-07-2026,10-07-2026,CM,BSE,STK,544236,INE0SK201011,RAL,MT,,,,,Resourceful Automobile Limited,55,59.08,54.34,59.08,59.08,57.19,,59.08,,,3600,202104,3,F1,1200,,,,,
10-07-2026,10-07-2026,CM,BSE,STK,544238,INE0BS701011,PREMIERENE,A,,,,,Premier Energies Limited,1100,1134,1086,1118.45,1118.45,1088.25,,1117.2,,,133591,147852770,3924,F1,1,,,,,
10-07-2026,10-07-2026,CM,BSE,STK,544239,INE06HJ01020,ECOSMOBLTY,T,,,,,ECOS (India) Mobility & Hospit,127,130.9,125.05,127.55,127.1,126.7,,129.23,,,5062,648688,88,F1,1,,,,,
10-07-2026,10-07-2026,CM,BSE,STK,544240,INE02ID01020,RAYMONDLSL,A,,,,,Raymond Lifestyle Limited,755,757,739,744.2,743.55,741.55,,743.95,,,3704,2786011,229,F1,1,,,,,
10-07-2026,10-07-2026,CM,BSE,STK,544241,INF769K01LX9,MULTICAP,B,,,,,Mirae Asset Mutual Fund,16.4,16.75,16.4,16.71,16.68,16.51,,16.72,,,25595,427409,600,F1,1,,,,,
10-07-2026,10-07-2026,CM,BSE,STK,544242,INE0SG001011,TRAVELS,MT,,,,,Travels & rentals Limited,8.1,8.1,7.99,8,8,8.06,,8,,,27000,217050,8,F1,3000,,,,,
10-07-2026,10-07-2026,CM,BSE,STK,544243,INE01FR01028,STYLEBAAZA,T,,,,,Baazar Style Retail Limited,306,315.1,291.2,301.6,300,306.5,,300.35,,,18736,5636246,214,F1,1,,,,,
10-07-2026,10-07-2026,CM,BSE,STK,544244,INE0RE001014,GALAPREC,B,,,,,Gala Precision Engineering Lim,1180.2,1201,1180.2,1187.05,1181.25,1183.25,,1187.6,,,38534,46129823,323,F1,1,,,,,
10-07-2026,10-07-2026,CM,BSE,STK,544247,INF740KA1UR9,TOP10ADD,B,,,,,DSP Mutual Fund,87.51,87.57,86.96,87.32,87.36,86.32,,87.32,,,3435,300184,68,F1,1,,,,,
10-07-2026,10-07-2026,CM,BSE,STK,544248,INE0UYT01018,MACHLTD,M,,,,,MACH TRAVEL SOLUTIONS LIMITED,131.5,134,131.5,134,134,132,,134,,,1200,159300,2,F1,600,,,,,
10-07-2026,10-07-2026,CM,BSE,STK,544249,INE0S2G01011,BALAJEE,B,,,,,SHREE TIRUPATI BALAJEE AGRO TR,28.62,29.5,28.62,28.65,28.65,28.62,,28.84,,,608,17569,36,F1,1,,,,,
10-07-2026,10-07-2026,CM,BSE,STK,544250,INE0UOS01011,SANOFICONR,A,,,,,Sanofi Consumer Healthcare Ind,4559,4583.95,4516.35,4568.4,4572.9,4508.4,,4566.7,,,212,963226,37,F1,1,,,,,
10-07-2026,10-07-2026,CM,BSE,STK,544251,INE0LY301010,SSL,M,,,,,Share Samadhan Limited,33,36.5,33,36.34,36.5,33,,36.34,,,14400,508288,9,F1,1600,,,,,
10-07-2026,10-07-2026,CM,BSE,STK,544252,INE377Y01014,BAJAJHFL,A,,,,,Bajaj Housing Finance Limited,87.88,88.88,87.88,88.05,88.05,87.62,,88.07,,,535910,47299881,4136,F1,1,,,,,
10-07-2026,10-07-2026,CM,BSE,STK,544253,INE0O6601022,KROSS,B,,,,,Kross Limited,183,187.9,183,185.55,186,182.35,,185.88,,,13506,2508753,283,F1,1,,,,,
10-07-2026,10-07-2026,CM,BSE,STK,544254,INE0RWQ01014,TOLINS,B,,,,,Tolins Tyres Limited,104.65,105.9,102.85,104.25,104.7,103.25,,104.77,,,3053,318301,117,F1,1,,,,,
10-07-2026,10-07-2026,CM,BSE,STK,544256,INE953R01016,PNGJL,B,,,,,P N GADGIL JEWELLERS LIMITED,596.7,599.9,584.5,587.35,588.55,583.65,,588.05,,,32962,19521928,1033,F1,1,,,,,
10-07-2026,10-07-2026,CM,BSE,STK,544258,INE0CJF01024,WCIL,B,,,,,Western Carriers (India) Limit,96.2,96.65,94.5,94.6,94.6,94.95,,94.76,,,3848,368011,127,F1,1,,,,,
10-07-2026,10-07-2026,CM,BSE,STK,544259,INE0PZB01013,PFL,M,,,,,POPULAR FOUNDATIONS LIMITED,31,32.05,30.95,31.64,32.05,32.08,,31.64,,,54000,1702920,13,F1,3000,,,,,
10-07-2026,10-07-2026,CM,BSE,STK,544260,INE850M01015,NORTHARC,A,,,,,Northern Arc Capital Ltd.,310.7,329.5,309.15,326.9,326.9,307.7,,325.4,,,88024,28284829,1206,F1,1,,,,,
10-07-2026,10-07-2026,CM,BSE,STK,544261,INE0QRL01017,ARKADE,B,,,,,ARKADE DEVELOPERS LIMITED,134.15,134.15,129.4,132.15,133.4,131.85,,132.55,,,26912,3552999,2961,F1,1,,,,,
10-07-2026,10-07-2026,CM,BSE,STK,544262,INE939X01013,MANBA,B,,,,,Manba Finance Limited,139.95,140.3,136.9,138.1,138.8,136.7,,138.1,,,9812,1351409,201,F1,1,,,,,
10-07-2026,10-07-2026,CM,BSE,STK,544263,INE0Q3J01015,KRN,T,,,,,KRN HEAT EXCHANGER AND REFRIGE,1234,1234,1195.1,1230.65,1230.65,1211.8,,1230.9,,,5214,6383008,287,F1,1,,,,,
10-07-2026,10-07-2026,CM,BSE,STK,544264,INE184O01015,DIFFNKG,B,,,,,Diffusion Engineers Limited,402.15,405.65,397.2,403.55,403.5,400.85,,403.4,,,4067,1633714,232,F1,1,,,,,
10-07-2026,10-07-2026,CM,BSE,STK,544265,INE0QUL01011,NEXXUS,M,,,,,Nexxus Petro Industries Limite,65.65,74.99,65.65,71.01,71.01,70.01,,71.01,,,8400,597168,7,F1,1200,,,,,
10-07-2026,10-07-2026,CM,BSE,STK,544266,INF769K01LZ4,BANKPSU,B,,,,,Mirae Asset Mutual Fund,83.77,85.18,83.77,85.17,85.17,82.72,,85.25,,,121,10165,3,F1,1,,,,,
10-07-2026,10-07-2026,CM,BSE,STK,544267,INE0U6201010,SUBAM,M,,,,,SUBAM PAPERS LIMITED,220,220,213,214.5,213,218.65,,214.5,,,8800,1912840,11,F1,800,,,,,
10-07-2026,10-07-2026,CM,BSE,STK,544268,INF769K01LY7,METAL,B,,,,,Mirae Asset Mutual Fund,12.68,12.95,12.66,12.8,12.79,12.62,,12.8,,,269168,3458460,806,F1,1,,,,,
10-07-2026,10-07-2026,CM,BSE,STK,544269,INE471R01019,NPFL,M,,,,,NEOPOLITAN PIZZA AND FOODS LIM,7.26,7.26,7.05,7.05,7.05,6.88,,7.05,,,30000,215100,5,F1,6000,,,,,
10-07-2026,10-07-2026,CM,BSE,STK,544271,INE0JVO01026,GARUDA,B,,,,,Garuda Construction and Engine,176.85,178.3,175.9,177.25,177.55,173.75,,177.18,,,18983,3355926,268,F1,1,,,,,
10-07-2026,10-07-2026,CM,BSE,STK,544272,INE0YRO01015,SHIVTEXCHEM,MT,,,,,SHIV TEXCHEM LIMITED,121,121,121,121,121,121.8,,121,,,4800,580800,11,F1,400,,,,,
10-07-2026,10-07-2026,CM,BSE,STK,544273,INE0APB01032,MGEL,T,,,,,MANGALAM GLOBAL ENTERPRISE LIM,17.53,17.53,16.4,16.79,16.79,16.7,,16.75,,,11933,200070,29,F1,1,,,,,
10-07-2026,10-07-2026,CM,BSE,STK,544274,INE0V6F01027,HYUNDAI,A,,,,,HYUNDAI MOTOR INDIA LIMITED,1932.65,1996.55,1932.65,1983,1983,1927.5,,1984.8,,,30751,60611102,2514,F1,1,,,,,
10-07-2026,10-07-2026,CM,BSE,STK,544275,INF109KC16X5,VAL30IETF,B,,,,,ICICI Prudential Mutual Fund,15.2,15.42,15.12,15.4,15.4,15.17,,15.37,,,6371,97187,31,F1,1,,,,,
10-07-2026,10-07-2026,CM,BSE,STK,544276,INE0OPA01027,DBEIL,T,,,,,Deepak Builders and Engineers,8.09,8.35,7.91,8.21,8.21,7.96,,8.29,,,24780,203550,87,F1,1,,,,,
10-07-2026,10-07-2026,CM,BSE,STK,544277,INE377N01017,WAAREEENER,A,,,,,Waaree Energies Limited,2865.2,2929.95,2865.2,2922.1,2922.1,2862.5,,2922.9,,,43285,126081861,2913,F1,1,,,,,
10-07-2026,10-07-2026,CM,BSE,STK,544278,INE0PK601023,OCCLLTD,T,,,,,OCCL Limited,117.4,127.9,117.4,125.7,126.05,122.45,,124.22,,,4653,584009,39,F1,1,,,,,
10-07-2026,10-07-2026,CM,BSE,STK,544279,INE497S01012,GODAVARIB,B,,,,,Godavari Biorefineries Limited,268.25,273,266.15,271,272,265.8,,270.7,,,12553,3379785,392,F1,1,,,,,
10-07-2026,10-07-2026,CM,BSE,STK,544280,INE101I01011,AFCONS,A,,,,,Afcons Infrastructure Limited,300.55,303.05,299.95,300.6,300.5,300.25,,300.9,,,17338,5214031,497,F1,1,,,,,
10-07-2026,10-07-2026,CM,BSE,STK,544281,INE00YB01025,ABINFRA,B,,,,,A B INFRABUILD LIMITED,10.49,10.52,10.22,10.26,10.26,10.28,,10.28,,,172097,1771099,385,F1,1,,,,,
10-07-2026,10-07-2026,CM,BSE,STK,544282,INE0W2G01015,SAGILITY,A,,,,,Sagility Limited,41.15,42.84,41.08,42.5,42.5,40.76,,42.53,,,3085328,130103110,6373,F1,1,,,,,
10-07-2026,10-07-2026,CM,BSE,STK,544283,INE622W01025,ACMESOLAR,A,,,,,ACME Solar Holdings Limited,369.05,379.4,368,376.85,376.85,367.7,,377,,,97408,36288655,1029,F1,1,,,,,
10-07-2026,10-07-2026,CM,BSE,STK,544284,INF769K01MY5,LIQUIDPLUS,F,,,,,Mirae Asset Mutual Fund,1093.96,1093.98,1093.96,1093.96,1093.96,1093.51,,1093.96,,,2301,2517216,5,F1,1,,,,,
10-07-2026,10-07-2026,CM,BSE,STK,544285,INE00H001014,SWIGGY,A,,,,,SWIGGY LIMITED,284.55,284.55,271.15,273.1,273.1,280.9,,273.23,,,1900114,522728605,10387,F1,1,,,,,
10-07-2026,10-07-2026,CM,BSE,STK,544286,INE995S01015,NIVABUPA,A,,,,,NIVA BUPA HEALTH INSURANCE COM,85.97,88.15,85.97,86.51,86.66,85.75,,86.51,,,87023,7563449,1458,F1,1,,,,,
10-07-2026,10-07-2026,CM,BSE,STK,544288,INE0UIZ01018,BLACKBUCK,A,,,,,BlackBuck Limited,570,582,570,578.45,573.2,561.7,,578.85,,,51515,29703396,2105,F1,1,,,,,
10-07-2026,10-07-2026,CM,BSE,STK,544289,INE0ONG01011,NTPCGREEN,A,,,,,NTPC GREEN ENERGY LIMITED,93.09,95.18,93.09,94.09,94.24,92.97,,94.1,,,206601,19463342,1954,F1,1,,,,,
10-07-2026,10-07-2026,CM,BSE,STK,544290,INE0LLY01014,EIEL,A,,,,,ENVIRO INFRA ENGINEERS LIMITED,228.05,245.7,228.05,244.55,244.55,228.15,,244.49,,,314984,75498272,3186,F1,1,,,,,
10-07-2026,10-07-2026,CM,BSE,STK,544291,INE0VN801010,RAJESH,M,,,,,RAJESH POWER SERVICES LIMITED,861,868.6,858,865.65,867,848.65,,865.65,,,29500,25497275,239,F1,100,,,,,
10-07-2026,10-07-2026,CM,BSE,STK,544292,INE013P01021,ONESOURCE,A,,,,,Onesource Specialty Pharma Lim,1649.35,1649.35,1506.2,1615.1,1632,1625.6,,1626.8,,,49162,77984423,1827,F1,1,,,,,
10-07-2026,10-07-2026,CM,BSE,STK,544293,INE877V01027,SURAKSHA,B,,,,,SURAKSHA DIAGNOSTIC LIMITED,262.55,265.25,261.1,264.25,264.2,263.35,,264.3,,,1411,371907,162,F1,1,,,,,
10-07-2026,10-07-2026,CM,BSE,STK,544294,INE0OJW01016,ROSSTECH,B,,,,,Rossell Techsys Limited,1035,1035,999.25,1010.45,1006.85,1008.7,,1011.5,,,3024,3055153,278,F1,1,,,,,
10-07-2026,10-07-2026,CM,BSE,STK,544296,INE0DQN01013,NISUS,M,,,,,NISUS FINANCE SERVICES CO LIMI,197.2,200.55,193.95,195.6,195.6,195.05,,195.6,,,31200,6139660,59,F1,400,,,,,
10-07-2026,10-07-2026,CM,BSE,STK,544301,INE054301028,ODIGMA,T,,,,,Odigma Consultancy Solutions L,23.31,23.95,23.22,23.61,23.61,23.55,,23.72,,,2940,69289,75,F1,1,,,,,
10-07-2026,10-07-2026,CM,BSE,STK,544302,INE403Y01018,INNOVANA,B,,,,,Innovana Thinklabs Limited,312,313.35,310,313.35,313.35,308.25,,320.1,,,32,9995,10,F1,1,,,,,
10-07-2026,10-07-2026,CM,BSE,STK,544304,INE0WCH01015,JUNGLECAMP,M,,,,,JUNGLE CAMPS INDIA LIMITED,50,50.5,49.2,49.2,49.2,49.06,,49.2,,,8000,396960,3,F1,1600,,,,,
10-07-2026,10-07-2026,CM,BSE,STK,544305,INE0HLU01028,MOBIKWIK,B,,,,,One Mobikwik Systems Limited,203.25,224.8,202.8,221.35,221.35,200.75,,221.44,,,383298,83397980,3609,F1,1,,,,,
10-07-2026,10-07-2026,CM,BSE,STK,544306,INE570L01029,SAILIFE,A,,,,,Sai Life Sciences Limited,1237.85,1286.2,1229.65,1264.15,1264.15,1236.55,,1265,,,47620,60190774,3257,F1,1,,,,,
10-07-2026,10-07-2026,CM,BSE,STK,544307,INE01EA01019,VMM,A,,,,,Vishal Mega Mart Limited,118.2,119.4,117,118.95,118.95,116.7,,118.84,,,1037157,123090196,3085,F1,1,,,,,
10-07-2026,10-07-2026,CM,BSE,STK,544308,INE168C01013,HILLTONE,X,,,,,Hilltone Software and Gases Lt,44.16,45.99,40.5,42.98,42.98,44.16,,42.98,,,55093,2410899,46,F1,1,,,,,
10-07-2026,10-07-2026,CM,BSE,STK,544309,INE115Q01022,IKS,A,,,,,INVENTURUS KNOWLEDGE SOLUTIONS,1887.8,1933.75,1851.8,1924.9,1913.2,1861.6,,1928,,,24889,47175749,905,F1,1,,,,,
10-07-2026,10-07-2026,CM,BSE,STK,544310,INE00GK01023,YASHHV,M,,,,,Yash Highvoltage Limited,969.75,994,950,987.3,989,954.7,,987.3,,,153750,150121437,495,F1,250,,,,,
10-07-2026,10-07-2026,CM,BSE,STK,544311,INE0Q9301021,IGIL,A,,,,,International Gemological Inst,343.9,347.35,342.2,346.9,346.3,341.55,,346.9,,,10630,3664294,592,F1,1,,,,,
10-07-2026,10-07-2026,CM,BSE,STK,544312,INE0QBD01018,HAMPS,MT,,,,,HAMPS BIO LIMITED,24.94,25.52,24.94,25.52,25.52,26.25,,25.52,,,12000,303840,3,F1,4000,,,,,
10-07-2026,10-07-2026,CM,BSE,STK,544313,INE0LB101011,NACDAC,M,,,,,NACDAC Infrastructure Limited,27.5,27.5,26,26,26,25.4,,26,,,12000,318000,3,F1,4000,,,,,
10-07-2026,10-07-2026,CM,BSE,STK,544314,INE0JPD01013,SANATHAN,B,,,,,Sanathan Textiles Limited,488,488,440,451.4,440,445,,445.2,,,698,315627,171,F1,1,,,,,
10-07-2026,10-07-2026,CM,BSE,STK,544315,INE037Z01029,CEWATER,B,,,,,Concord Enviro Systems Limited,324.6,368.15,317.9,353.25,352,319.2,,352.6,,,87420,30729975,2684,F1,1,,,,,
10-07-2026,10-07-2026,CM,BSE,STK,544316,INE284H01025,DAMCAPITAL,B,,,,,DAM Capital Advisors Limited,151.65,154.95,151.65,153.6,153.7,151.6,,153.42,,,28947,4456034,456,F1,1,,,,,
10-07-2026,10-07-2026,CM,BSE,STK,544317,INE454P01035,TRANSRAILL,A,,,,,Transrail Lighting Limited,511.95,511.95,505.35,507.5,507.5,505.7,,508,,,15186,7721193,546,F1,1,,,,,
10-07-2026,10-07-2026,CM,BSE,STK,544318,INE0TO701015,MAMATA,B,,,,,MAMATA MACHINERY LIMITED,385,386.8,379.45,381.1,381.9,381.35,,380.15,,,2628,1008346,148,F1,1,,,,,
10-07-2026,10-07-2026,CM,BSE,STK,544319,INE0RB801010,SENORES,B,,,,,SENORES PHARMACEUTICALS LIMITE,1428.15,1459.85,1410,1415.95,1415.95,1420.85,,1417.7,,,7360,10507928,593,F1,1,,,,,
10-07-2026,10-07-2026,CM,BSE,STK,544320,INE0V7W01012,CARRARO,B,,,,,CARRARO INDIA LIMITED,562.65,574.65,559.7,568.15,566.3,561.55,,569.2,,,9136,5193562,450,F1,1,,,,,
10-07-2026,10-07-2026,CM,BSE,STK,544321,INE781S01027,VENTIVE,B,,,,,Ventive Hospitality Limited,633,634,619.35,624.2,623,621.75,,624.3,,,1578,984720,105,F1,1,,,,,
10-07-2026,10-07-2026,CM,BSE,STK,544322,INE0U3I01011,UNIMECH,B,,,,,Unimech Aerospace and Manufact,1236.7,1247,1179.65,1187.65,1192.1,1209.8,,1185.1,,,9991,12064541,631,F1,1,,,,,
10-07-2026,10-07-2026,CM,BSE,STK,544323,INF769K01NS5,CONSUMER,B,,,,,Mirae Asset Mutual Fund,11.8,11.84,11.76,11.81,11.81,11.7,,11.84,,,18347,216488,27,F1,1,,,,,
10-07-2026,10-07-2026,CM,BSE,STK,544325,INE379A01028,ITCHOTELS,A,,,,,ITC Hotels Limited,184.25,187.9,181.15,187.15,187.15,182.2,,187.19,,,212166,39120896,2313,F1,1,,,,,
10-07-2026,10-07-2026,CM,BSE,STK,544326,INF754K01TX4,ECAPINSURE,B,,,,,Edelweiss Mutual Fund,24.39,24.85,24.37,24.84,24.85,24.27,,24.8,,,4551,111792,125,F1,1,,,,,
10-07-2026,10-07-2026,CM,BSE,STK,544328,INE622H01018,INDOFARM,B,,,,,INDO FARM EQUIPMENT LIMITED,162.95,162.95,156.85,157.5,157,159,,157.33,,,14011,2235086,243,F1,1,,,,,
10-07-2026,10-07-2026,CM,BSE,STK,544329,INE0RH001011,VANDU,M,,,,,LEO DRYFRUITS & SPICES TRADING,49,52.95,49,52,52,52.29,,52,,,54000,2807500,13,F1,2000,,,,,
10-07-2026,10-07-2026,CM,BSE,STK,544330,INE0QQJ01021,PARMESHWAR,MT,,,,,PARMESHWAR METAL LIMITED,196,196,185.2,189.95,189.95,194.5,,189.95,,,14000,2639850,14,F1,1000,,,,,
10-07-2026,10-07-2026,CM,BSE,STK,544332,INE0HSD01011,FABCLEAN,MT,,,,,FABTECH TECHNOLOGIES CLEANROOM,390,393.75,380,381.9,385,380,,381.9,,,8400,3256800,19,F1,400,,,,,
10-07-2026,10-07-2026,CM,BSE,STK,544333,INE0M4D01010,SETL,B,,,,,STANDARD ENGINEERING TECHNOLOG,281.4,289.8,274.55,289.8,289.8,276,,290.65,,,77645,21921411,942,F1,1,,,,,
10-07-2026,10-07-2026,CM,BSE,STK,544334,INE0FK501019,INDOBELL,M,,,,,Indobell Insulations Limited,56.43,56.43,56.43,56.43,56.43,57,,56.43,,,750,42322,1,F1,750,,,,,
10-07-2026,10-07-2026,CM,BSE,STK,544335,INE00ST01011,BRGIL,M,,,,,B.R.GOYAL INFRASTRUCTURE LIMIT,136,140,134.1,135.05,135,139.2,,135.05,,,14000,1907000,14,F1,1000,,,,,
10-07-2026,10-07-2026,CM,BSE,STK,544336,INE0LRY01011,QUADFUTURE,B,,,,,Quadrant Future Tek Limited,435,451.95,409.7,415.45,415.45,429.6,,413.85,,,30356,12871201,996,F1,1,,,,,
10-07-2026,10-07-2026,CM,BSE,STK,544337,INE0NQ401024,AVAX,MT,,,,,Avax Apparels and Ornaments Li,49,49,47.77,47.77,47.77,50.28,,47.77,,,2000,96770,2,F1,1000,,,,,
10-07-2026,10-07-2026,CM,BSE,STK,544338,INE0Z8Z23013,CAPINVIT,IF,,,,,Capital Infra Trust,74.8,74.8,73.91,74.23,74.1,73.88,,74.12,,,19795,1470733,315,F1,1,,,,,
10-07-2026,10-07-2026,CM,BSE,STK,544339,INE0WO601020,LAXMIDENTL,B,,,,,Laxmi Dental Limited,221.65,221.65,217,219.95,220.35,216.6,,219.77,,,5846,1281441,184,F1,1,,,,,
10-07-2026,10-07-2026,CM,BSE,STK,544340,INE0CFH01028,RIKHAV,M,,,,,Rikhav Securities Limited,45.75,46.29,45.75,46.29,46.29,45.36,,46.29,,,6400,294064,4,F1,1600,,,,,
10-07-2026,10-07-2026,CM,BSE,STK,544341,INE12QA01010,LGLL,M,,,,,LANDMARK GLOBAL LEARNING LIMIT,15,16.45,15,16.29,16.45,15.67,,16.29,,,14400,229120,9,F1,1600,,,,,
10-07-2026,10-07-2026,CM,BSE,STK,544342,INE0RYC01010,STALLION,B,,,,,Stallion India Fluorochemicals,184.7,212.4,184.7,204.85,204.85,182.05,,204.88,,,826389,168678406,6093,F1,1,,,,,
10-07-2026,10-07-2026,CM,BSE,STK,544343,INE0WXM01011,CNINFOTECH,M,,,,,CAPITALNUMBERS INFOTECH  LIMIT,93.16,93.55,92.35,92.67,92.6,94.5,,92.67,,,14000,1301432,28,F1,400,,,,,
10-07-2026,10-07-2026,CM,BSE,STK,544344,INE526E01018,SHRIPISTON,A,,,,,SPR Auto Technologies Limited,4251.8,4276.7,4153.5,4189.05,4194.15,4251.8,,4189.6,,,2943,12353682,567,F1,1,,,,,
10-07-2026,10-07-2026,CM,BSE,STK,544345,INE0R4L01018,DENTA,B,,,,,Denta Water and Infra Solution,334.85,357.45,330,354.05,354.05,329.4,,353.1,,,64899,22351619,884,F1,1,,,,,
10-07-2026,10-07-2026,CM,BSE,STK,544346,INE0AK901016,RRECL,X,,,,,RDB Real Estate Constructions,170.7,186.9,170.65,183.5,183.95,179.6,,183.5,,,5902,1041446,97,F1,1,,,,,
10-07-2026,10-07-2026,CM,BSE,STK,544347,INE0WDX01010,CLN,MT,,,,,CLN ENERGY LIMITED,502.45,502.45,475,480,475,495.45,,480,,,1800,887040,8,F1,200,,,,,
10-07-2026,10-07-2026,CM,BSE,STK,544348,INE0RWU01016,GBLOGISTIC,M,,,,,GB Logistics Commerce Limited,25.49,27.93,25.35,27.29,27,25.28,,27.29,,,38400,1018752,32,F1,1200,,,,,
10-07-2026,10-07-2026,CM,BSE,STK,544349,INE0DZD01015,HMEML,M,,,,,H.M. ELECTRO MECH LIMITED,45.5,47,45.01,46.5,47,47.05,,46.5,,,8000,367216,5,F1,1600,,,,,
10-07-2026,10-07-2026,CM,BSE,STK,544350,INE943P01029,AGARWALEYE,A,,,,,Dr. Agarwal's Health Care Limi,491.95,491.95,475,483.4,483.4,485,,481.7,,,5469,2652579,333,F1,1,,,,,
10-07-2026,10-07-2026,CM,BSE,STK,544351,INE0YON01014,MALPANI,M,,,,,MALPANI PIPES AND FITTINGS LIM,71.85,71.85,65.49,66.15,66.15,71.8,,66.15,,,14400,967920,9,F1,1600,,,,,
10-07-2026,10-07-2026,CM,BSE,STK,544353,INE0U2L01017,AMWILL,M,,,,,Amwill Health Care Limited,42.7,42.7,40.5,40.85,41,42.67,,40.85,,,15600,645024,13,F1,1200,,,,,
10-07-2026,10-07-2026,CM,BSE,STK,544354,INE0W0H01017,SOLARIUM,M,,,,,SOLARIUM GREEN ENERGY LIMITED,178.2,182,176,179.2,179.95,178.45,,179.2,,,13500,2413785,45,F1,300,,,,,
10-07-2026,10-07-2026,CM,BSE,STK,544355,INE03CC01015,JUBLCPL,B,,,,,Jubilant Agri and Consumer Pro,2147.6,2147.6,2080.2,2096.1,2096.1,2070,,2089.8,,,324,677175,68,F1,1,,,,,
10-07-2026,10-07-2026,CM,BSE,STK,544356,INE274Y01021,AJAXENGG,B,,,,,AJAX Engineering Limited,559,559,531.5,544.7,546.5,532.75,,545.15,,,4081,2208685,258,F1,1,,,,,
10-07-2026,10-07-2026,CM,BSE,STK,544361,INE0R8101016,COVANCE,XT,,,,,COVANCE SOFTSOL LIMITED,241.9,244.95,239.1,244.95,244.95,233.3,,244.95,,,16660,4065734,314,F1,1,,,,,
10-07-2026,10-07-2026,CM,BSE,STK,544362,INE093A01041,HEXT,A,,,,,Hexaware Technologies Limited,547.55,561.6,545,550.5,549.05,538.05,,550.25,,,57992,31924356,3258,F1,1,,,,,
10-07-2026,10-07-2026,CM,BSE,STK,544363,INF582M01KS4,UNIONGOLD,E,,,,,UNION MUTUAL FUND,139.05,142.86,139.05,139.8,139.8,140.05,,140.1,,,178,24832,9,F1,1,,,,,
10-07-2026,10-07-2026,CM,BSE,STK,544364,INE0O9T01021,BAJAJINDEF,B,,,,,Indef Manufacturing Limited,245.4,248.2,242.9,243.95,243.45,242.2,,247.55,,,895,219508,52,F1,1,,,,,
10-07-2026,10-07-2026,CM,BSE,STK,544365,INE0TD301017,SHANMUGA,M,,,,,SHANMUGA HOSPITAL LIMITED,40.45,48.5,40.39,46.2,48.5,40.45,,46.2,,,70000,3089900,33,F1,2000,,,,,
10-07-2026,10-07-2026,CM,BSE,STK,544367,INE0SII01026,QPOWER,T,,,,,QUALITY POWER ELECTRICAL EQUIP,1189,1214.25,1163.1,1214.25,1214.25,1156.45,,1212.7,,,20698,24854581,683,F1,1,,,,,
10-07-2026,10-07-2026,CM,BSE,STK,544369,INE13VU01016,BEEZAASAN,MT,,,,,Beezaasan Explotech Limited,348.9,352.9,336,340.6,340.6,337.45,,340.6,,,20000,6921360,25,F1,800,,,,,
10-07-2026,10-07-2026,CM,BSE,STK,544371,INE0NR501012,VIKRAMAR,X,,,,,VIKRAM AROMA LIMITED,70.61,71,68.61,69.59,70.12,70.08,,69.59,,,658,46063,42,F1,1,,,,,
10-07-2026,10-07-2026,CM,BSE,STK,544374,INE0JEI23010,ROADSTAR,IF,,,,,ROADSTAR INFRA INVESTMENT TRUS,58,58,58,58,58,58,,58,,,275000,15950000,11,F1,25000,,,,,
10-07-2026,10-07-2026,CM,BSE,STK,544375,INF579M01BB5,GOLD360,E,,,,,360 ONE Mutual Fund,139.31,141.86,139.06,139.37,139.81,139.5,,139.6,,,293,40856,54,F1,1,,,,,
10-07-2026,10-07-2026,CM,BSE,STK,544376,INF769K01ON4,SELECTIPO,B,,,,,Mirae Asset Mutual Fund,46.78,47.1,46.78,46.93,46.95,46.39,,47.04,,,1279,60012,4,F1,1,,,,,
10-07-2026,10-07-2026,CM,BSE,STK,544377,INF769K01OA1,EQUAL200,B,,,,,Mirae Asset Mutual Fund,13.75,13.82,13.75,13.82,13.82,13.65,,13.82,,,6990,96182,2,F1,1,,,,,
10-07-2026,10-07-2026,CM,BSE,STK,544378,INE0ABU01016,PSPL,M,,,,,PDP Shipping & Projects Limite,53,53,53,53,53,50,,53,,,1000,53000,1,F1,1000,,,,,
10-07-2026,10-07-2026,CM,BSE,STK,544379,INE0I0M01023,PRABHA,B,,,,,Prabha Energy Limited,147.95,152.1,147.95,151.2,151.15,149.4,,152.33,,,422,64054,21,F1,1,,,,,
10-07-2026,10-07-2026,CM,BSE,STK,544380,INF109K1A021,CASHIETF,F,,,,,ICICI Prudential Mutual Fund,1070.43,1070.45,1070.43,1070.43,1070.43,1069.85,,1070.44,,,10026,10732131,39,F1,1,,,,,
10-07-2026,10-07-2026,CM,BSE,STK,544381,INE16IQ01014,SUPERIRON,MT,,,,,Super Iron Foundry Limited,42,42,42,42,42,40,,42,,,2400,100800,2,F1,1200,,,,,
10-07-2026,10-07-2026,CM,BSE,STK,544382,INF846KA1119,VALUEAXIS,B,,,,,Axis Mutual Fund,32.8,33.05,32.72,32.92,32.72,32.49,,32.82,,,7790,255540,24,F1,1,,,,,
10-07-2026,10-07-2026,CM,BSE,STK,544383,INE0SMW01011,PPARIVAH,MT,,,,,PARADEEP PARIVAHAN LIMITED,216,223,215,221.55,223,222.45,,221.55,,,18000,3934140,14,F1,1200,,,,,
10-07-2026,10-07-2026,CM,BSE,STK,544384,INF0R8F01091,SILVERCASE,E,,,,,Zerodha Mutual Fund,22,22.74,22,22.17,22.17,22.57,,22.16,,,1145997,25629625,1878,F1,1,,,,,
10-07-2026,10-07-2026,CM,BSE,STK,544385,INF200KB1712,SBIBPB,B,,,,,SBI Mutual Fund,47.38,49.4,47.38,49.02,48.89,47.81,,48.91,,,28065,1377564,79,F1,1,,,,,
10-07-2026,10-07-2026,CM,BSE,STK,544386,INE01EO01010,SPECTRUM,B,,,,,Spectrum Electrical Industries,1919,1945.6,1900,1920.65,1915.15,1909.25,,1921.5,,,496,954414,82,F1,1,,,,,
10-07-2026,10-07-2026,CM,BSE,STK,544387,INE0TGG01014,DESCO,MT,,,,,Desco Infratech Limited,205,208.6,202.8,208,208,205.5,,208,,,14500,2982950,20,F1,500,,,,,
10-07-2026,10-07-2026,CM,BSE,STK,544389,INF579M01BC3,SILVER360,E,,,,,360 ONE Mutual Fund,219.46,219.46,214.93,215.66,214.93,218.84,,215.48,,,763,164603,28,F1,1,,,,,
10-07-2026,10-07-2026,CM,BSE,STK,544390,INE1NPP01017,ENRIN,B,,,,,Siemens Energy India Limited,3452.2,3564,3401,3516.95,3507,3439.15,,3526.3,,,27031,94284472,2661,F1,1,,,,,
10-07-2026,10-07-2026,CM,BSE,STK,544391,INE0KWJ01014,RETAGGIO,MT,,,,,Retaggio Industries Limited,54,54,54,54,54,54.63,,54,,,3000,162000,1,F1,3000,,,,,
10-07-2026,10-07-2026,CM,BSE,STK,544393,INE12IB01015,INFONATIVE,M,,,,,INFONATIVE SOLUTIONS LIMITED,31,32.2,29.51,31.2,32.2,30.8,,31.2,,,16000,499168,10,F1,1600,,,,,
10-07-2026,10-07-2026,CM,BSE,STK,544394,INF109K1A153,EVIETF,B,,,,,ICICI Prudential Mutual Fund,31.4,31.53,31.2,31.44,31.52,31.28,,31.41,,,3152,98895,49,F1,1,,,,,
10-07-2026,10-07-2026,CM,BSE,STK,544395,INE1VXE01018,STLNETWORK,T,,,,,STL Networks Limited,25.11,26.09,25.11,25.61,25.61,25.42,,25.65,,,57304,1476591,262,F1,1,,,,,
10-07-2026,10-07-2026,CM,BSE,STK,544396,INE0FFK01017,NPST,B,,,,,Network People Services Techno,1626.35,1668.5,1614,1626.4,1614,1607.35,,1620,,,1099,1808065,193,F1,1,,,,,
10-07-2026,10-07-2026,CM,BSE,STK,544397,INE0LEZ01016,ATHERENERG,B,,,,,Ather Energy Limited,1225,1229.9,1195.85,1224.25,1224.25,1218.8,,1225.6,,,235770,286350987,8370,F1,1,,,,,
10-07-2026,10-07-2026,CM,BSE,STK,544399,INE0RJ901010,SRIGEE,M,,,,,SRIGEE DLM LIMITED,85.56,85.56,83,83,83,85.56,,83,,,3600,304944,3,F1,1200,,,,,
10-07-2026,10-07-2026,CM,BSE,STK,544400,INE0MV001018,MANOJJEWEL,M,,,,,Manoj Jewellers Limited,34.5,34.5,32.85,32.86,32.85,34,,32.86,,,12000,400040,5,F1,2000,,,,,
10-07-2026,10-07-2026,CM,BSE,STK,544402,INE039O01029,JASH,B,,,,,JASH ENGINEERING LIMITED,517.85,541.35,515.45,532.6,531.9,511.8,,532.75,,,18582,9891272,907,F1,1,,,,,
10-07-2026,10-07-2026,CM,BSE,STK,544403,INE14LE01019,ABLBL,B,,,,,Aditya Birla Lifestyle Brands,95.39,96.95,95,95.59,95.78,95.15,,95.55,,,54950,5261863,444,F1,1,,,,,
10-07-2026,10-07-2026,CM,BSE,STK,544404,INE16SF01016,BORANA,B,,,,,BORANA WEAVES LIMITED,307.45,307.45,299.85,301.25,304.5,305,,303.05,,,1696,513688,39,F1,1,,,,,
10-07-2026,10-07-2026,CM,BSE,STK,544405,INE894V01022,BELRISE,B,,,,,BELRISE INDUSTRIES LIMITED,231.3,234,229.75,231.05,231.05,228.8,,231.54,,,124605,28924100,1605,F1,1,,,,,
10-07-2026,10-07-2026,CM,BSE,STK,544406,INE1ABX01018,UNIFIED,M,,,,,UNIFIED DATA TECH SOLUTIONS LI,373,373,366,367.4,366,368.6,,367.4,,,18000,6633700,34,F1,400,,,,,
10-07-2026,10-07-2026,CM,BSE,STK,544407,INE0INX01018,AEGISVOPAK,B,,,,,AEGIS VOPAK TERMINALS LIMITED,278.65,291,276.5,283.25,283.7,275.4,,283.18,,,92114,26051305,1203,F1,1,,,,,
10-07-2026,10-07-2026,CM,BSE,STK,544408,INE0AQ201015,THELEELA,B,,,,,Leela Palaces Hotels & Resorts,509.95,509.95,496.05,501.25,498,499.95,,501,,,17957,9006252,542,F1,1,,,,,
10-07-2026,10-07-2026,CM,BSE,STK,544409,INE0TG901011,ASTONEALAB,MT,,,,,ASTONEA LABS LIMITED,282.55,282.55,282.55,282.55,282.55,277.05,,282.55,,,7000,1977850,2,F1,1000,,,,,
10-07-2026,10-07-2026,CM,BSE,STK,544410,INE0BX301013,PROSTARM,B,,,,,PROSTARM INFO SYSTEMS LIMITED,130.65,132.95,130.6,131.55,132.25,130.85,,132.07,,,22480,2964608,663,F1,1,,,,,
10-07-2026,10-07-2026,CM,BSE,STK,544411,INE090501011,SCODATUBES,B,,,,,Scoda Tubes Limited,148,151.3,146.9,148.65,146.9,148.8,,149.08,,,16081,2396392,259,F1,1,,,,,
10-07-2026,10-07-2026,CM,BSE,STK,544412,INE0TE101010,3BFILMS,MT,,,,,3B FILMS LIMITED,15.66,16.14,15.66,16,16,15.65,,16,,,27000,431400,6,F1,3000,,,,,
10-07-2026,10-07-2026,CM,BSE,STK,544413,INE0U4701011,DIGITIDE,B,,,,,Digitide Solutions Limited,106.9,110.88,102.43,108.36,109.09,104.89,,108.2,,,79113,8460357,841,F1,1,,,,,
10-07-2026,10-07-2026,CM,BSE,STK,544414,INE0U4101014,BLUSPRING,B,,,,,Bluspring Enterprises Limited,109.55,114.15,107.75,112.65,112.65,106.5,,113.02,,,102507,11362554,969,F1,1,,,,,
10-07-2026,10-07-2026,CM,BSE,STK,544415,INF204KC1EZ3,SNXT30BEES,B,,,,,Nippon India Mutual Fund,42.12,42.41,42.12,42.26,42.26,41.98,,42.23,,,3897,164533,6,F1,1,,,,,
10-07-2026,10-07-2026,CM,BSE,STK,544416,INE0GGO01015,KRISHIVAL,B,,,,,KRISHIVAL FOODS LIMITED,402.5,402.5,395,395.3,400,398.55,,395.6,,,1248,497402,83,F1,1,,,,,
10-07-2026,10-07-2026,CM,BSE,STK,544417,INE0XCV01014,ATENPAPERS,MT,,,,,Aten Papers & Foam Limited,24.25,24.25,23.01,23.01,23.01,23.94,,23.01,,,4800,114912,4,F1,1200,,,,,
10-07-2026,10-07-2026,CM,BSE,STK,544418,INE0BYP01024,OSWALPUMPS,B,,,,,Oswal Pumps Limited,413,415.45,407.7,410.45,411,410.3,,410.3,,,33392,13696601,777,F1,1,,,,,
10-07-2026,10-07-2026,CM,BSE,STK,544419,INE0H9P01028,ARIS,B,,,,,ArisInfra Solutions Limited,109.6,111.75,108.9,109.25,109.6,109.9,,109.32,,,9552,1049651,171,F1,1,,,,,
10-07-2026,10-07-2026,CM,BSE,STK,544420,INE1SY401010,RAYMONDREL,B,,,,,Raymond Realty Limited,706.75,711,691.95,699.1,693.25,699.35,,699.95,,,57543,40272609,1412,F1,1,,,,,
10-07-2026,10-07-2026,CM,BSE,STK,544421,INE236E01022,ELLEN,B,,,,,ELLENBARRIE INDUSTRIAL GASES L,270.1,294.5,269.65,294.5,294.5,267.75,,294.25,,,147541,42537493,2853,F1,1,,,,,
10-07-2026,10-07-2026,CM,BSE,STK,544422,INE0ZDY01011,ABRFL,M,,,,,Abram Food Limited,50.11,52.61,50.11,52.61,52.61,50.11,,52.61,,,6000,310164,5,F1,1200,,,,,
10-07-2026,10-07-2026,CM,BSE,STK,544423,INE227J01012,KALPATARU,B,,,,,Kalpataru Limited,289.65,293.25,285.9,288.5,286,287.25,,288.05,,,2584,748696,153,F1,1,,,,,
10-07-2026,10-07-2026,CM,BSE,STK,544424,INE0V3U01015,GLOBECIVIL,T,,,,,GLOBE CIVIL PROJECTS LIMITED,41.95,43,40.35,40.75,41.97,41.88,,40.73,,,5173,213613,67,F1,1,,,,,
10-07-2026,10-07-2026,CM,BSE,STK,544425,INE0XRR01010,AJCJEWEL,M,,,,,AJC Jewel Manufacturers Limite,91,91,87,87.52,87,91.1,,87.52,,,12000,1065060,10,F1,1200,,,,,
10-07-2026,10-07-2026,CM,BSE,STK,544426,INE0Y0E01012,ICON,MT,,,,,Icon Facilitators Limited,74.5,75,72.01,72.01,72.01,74.5,,72.01,,,8400,619572,6,F1,1200,,,,,
10-07-2026,10-07-2026,CM,BSE,STK,544427,INF109K1A344,TOP15IETF,B,,,,,ICICI Prudential Mutual Fund,9.83,9.85,9.78,9.85,9.85,9.75,,9.85,,,5230,51335,23,F1,1,,,,,
10-07-2026,10-07-2026,CM,BSE,STK,544428,INE0SC101013,SEVL,M,,,,,SUPERTECH EV LIMITED,40,40,39.03,39.5,39.5,38.84,,39.5,,,6000,237516,5,F1,1200,,,,,
10-07-2026,10-07-2026,CM,BSE,STK,544429,INE756I01012,HDBFS,B,,,,,HDB FINANCIAL SERVICES LIMITED,735,757.7,735,755.3,755.3,734.7,,755.45,,,638344,480596910,1980,F1,1,,,,,
10-07-2026,10-07-2026,CM,BSE,STK,544430,INE12NJ01018,SAMBHV,B,,,,,SAMBHV STEEL TUBES LIMITED,119.9,120,117,118.65,118.65,119.2,,118.65,,,89824,10699977,556,F1,1,,,,,
10-07-2026,10-07-2026,CM,BSE,STK,544431,INE0S9X01011,ACEALPHA,M,,,,,Ace Alpha Tech Limited,117.1,122.25,117,120.5,122.25,117.05,,120.5,,,66000,7883500,23,F1,1000,,,,,
10-07-2026,10-07-2026,CM,BSE,STK,544432,INE05J901018,IGCL,B,,,,,Indogulf Cropsciences Limited,70.58,72.5,70.17,71.92,72.5,69.45,,71.93,,,15184,1089351,253,F1,1,,,,,
10-07-2026,10-07-2026,CM,BSE,STK,544433,INE130701019,VALINDIA,M,,,,,Valencia India Limited,18.5,19,18.5,19,19,19.35,,19,,,2400,45000,2,F1,1200,,,,,
10-07-2026,10-07-2026,CM,BSE,STK,544434,INE0UZO01024,NEETUYOSHI,MT,,,,,Neetu Yoshi Limited,142,144,134,136.15,137.9,140.95,,136.15,,,72800,10155880,75,F1,800,,,,,
10-07-2026,10-07-2026,CM,BSE,STK,544435,INE0W1601012,ADCOUNTY,M,,,,,ADCOUNTY MEDIA INDIA LIMITED,98.25,98.53,97.15,97.15,97.15,97.58,,97.15,,,15200,1491216,19,F1,800,,,,,
10-07-2026,10-07-2026,CM,BSE,STK,544436,INE0RDJ01019,VANDAN,M,,,,,VANDAN FOODS LIMITED,25.5,26.53,25.5,26.5,26.5,25.5,,26.5,,,13200,345036,9,F1,1200,,,,,
10-07-2026,10-07-2026,CM,BSE,STK,544438,INF769K01PB6,INTERNET,B,,,,,Mirae Asset Mutual Fund,13.59,13.59,13.46,13.55,13.55,13.44,,13.58,,,1590,21522,17,F1,1,,,,,
10-07-2026,10-07-2026,CM,BSE,STK,544439,INE0S4R01014,CRIZAC,B,,,,,CRIZAC LIMITED,201.9,202.25,199,200.1,201,198.3,,200.02,,,10571,2117634,258,F1,1,,,,,
10-07-2026,10-07-2026,CM,BSE,STK,544440,INE0TL001013,CRYOGENIC,MT,,,,,CRYOGENIC OGS LIMITED,289,289,280,283.1,282.9,286.55,,283.1,,,11250,3201712,15,F1,750,,,,,
10-07-2026,10-07-2026,CM,BSE,STK,544441,INE162901016,METAINFO,MT,,,,,META INFOTECH LIMITED,87,87,82.4,87,87,86.73,,87,,,32000,2715632,36,F1,800,,,,,
10-07-2026,10-07-2026,CM,BSE,STK,544442,INE0VWL01017,CHEMKART,MT,,,,,Chemkart India Limited,175,183.1,170,183.1,183.1,174.4,,183.1,,,25800,4635090,39,F1,600,,,,,
10-07-2026,10-07-2026,CM,BSE,STK,544443,INE103V01028,TRAVELFOOD,B,,,,,TRAVEL FOOD SERVICES LIMITED,1346,1346,1298.3,1307.25,1304.3,1313.4,,1310.3,,,1686,2206607,258,F1,1,,,,,
10-07-2026,10-07-2026,CM,BSE,STK,544444,INE0UMC01019,GLEN,M,,,,,Glen Industries Limited,65.95,69.9,65.95,68.49,68.49,66.65,,68.49,,,33600,2249064,27,F1,1200,,,,,
10-07-2026,10-07-2026,CM,BSE,STK,544445,INE0SJX01015,APL,M,,,,,ASSTON PHARMACEUTICALS LIMITED,75,76.9,75,76.5,76.5,75.5,,76.5,,,6000,457300,6,F1,1000,,,,,
10-07-2026,10-07-2026,CM,BSE,STK,544446,INE28GN01010,ADVENTHTL,B,,,,,Advent Hotels International Li,144.15,151,144,149.35,147.7,144.15,,148.07,,,26984,4003758,302,F1,1,,,,,
10-07-2026,10-07-2026,CM,BSE,STK,544447,INE0NAZ01010,SMARTWORKS,B,,,,,SMARTWORKS COWORKING SPACES LI,463,473.65,462.8,467.9,471,456.75,,465.75,,,1511,705151,103,F1,1,,,,,
10-07-2026,10-07-2026,CM,BSE,STK,544448,INE124Y01028,PASHUPATI,B,,,,,Pashupati Cotspin Limited,90.4,90.95,87.03,87.7,88.05,88.18,,87.5,,,2534,224887,716,F1,1,,,,,
10-07-2026,10-07-2026,CM,BSE,STK,544449,INE0CZ201020,ANTHEM,B,,,,,Anthem Biosciences Limited,752.65,759.55,749.4,754.8,755.45,751.3,,754.7,,,8286,6255194,807,F1,1,,,,,
10-07-2026,10-07-2026,CM,BSE,STK,544450,INE0TGX01019,CHEMBONDCH,T,,,,,CHEMBOND CHEMICALS  LIMITED,234.35,246.55,230.15,246.55,246.55,234.85,,244.48,,,43368,10681528,130,F1,1,,,,,
10-07-2026,10-07-2026,CM,BSE,STK,544451,INE0LCG01010,MONIKA,M,,,,,MONIKA ALCOBEV LIMITED,224,225,218,220,220,224,,220,,,7200,1590460,18,F1,400,,,,,
10-07-2026,10-07-2026,CM,BSE,STK,544452,INE0PTF01017,SWASTIKAAL,MT,,,,,Swastika Castal Limited,80,82.5,78.28,79.28,79.28,82.4,,79.28,,,12000,963120,6,F1,2000,,,,,
10-07-2026,10-07-2026,CM,BSE,STK,544453,INE0V0L01028,MSECL,MT,,,,,Monarch Surveyors and Engineer,229.5,229.5,226,226,226,224.9,,226,,,7200,1630530,7,F1,600,,,,,
10-07-2026,10-07-2026,CM,BSE,STK,544454,INE06ST01018,INDIQUBE,B,,,,,INDIQUBE SPACES LIMITED,174.55,179.75,172.1,178.1,177.4,171.05,,178.11,,,16811,2973275,383,F1,1,,,,,
10-07-2026,10-07-2026,CM,BSE,STK,544455,INE18JU01028,EBGNG,B,,,,,GNG Electronics Limited,661.7,661.7,629.85,634.2,633.55,632.4,,633.85,,,13685,8732671,447,F1,1,,,,,
10-07-2026,10-07-2026,CM,BSE,STK,544456,INE219Y01026,RMDRIP,B,,,,,R M DRIP AND SPRINKLERS SYSTEM,18.46,19.6,18.46,19.26,19.39,18.89,,19.36,,,111800,2134753,846,F1,1,,,,,
10-07-2026,10-07-2026,CM,BSE,STK,544457,INE03NU01014,BRIGHOTEL,B,,,,,Brigade Hotel Ventures Limited,63.92,64.57,63.46,63.73,63.71,63.92,,63.93,,,18906,1210469,142,F1,1,,,,,
10-07-2026,10-07-2026,CM,BSE,STK,544458,INE0FMZ01045,SHREEREF,M,,,,,SHREE REFRIGERATIONS LIMITED,348.5,352,334.35,338.85,341.35,346.5,,338.85,,,161500,55382250,282,F1,500,,,,,
10-07-2026,10-07-2026,CM,BSE,STK,544459,INE06ZD01017,SHANTIGOLD,B,,,,,SHANTI GOLD INTERNATIONAL LIMI,216.25,218.35,211.25,212.05,211.35,214.4,,212.09,,,39278,8395803,657,F1,1,,,,,
10-07-2026,10-07-2026,CM,BSE,STK,544460,INE161701011,PATELCHEM,MT,,,,,PATEL CHEM SPECIALITIES LIMITE,95,95,95,95,95,96,,95,,,1600,152000,1,F1,1600,,,,,
10-07-2026,10-07-2026,CM,BSE,STK,544461,INE505V01016,EUROBOND,B,,,,,Euro Panel Products Limited,163.1,174.9,163.1,169.85,169.75,162.7,,171.38,,,179,30411,8,F1,1,,,,,
10-07-2026,10-07-2026,CM,BSE,STK,544463,INE15WN01014,REPONO,MT,,,,,REPONO LIMITED,83.26,84,83,84,84,84.23,,84,,,7200,599748,6,F1,1200,,,,,
10-07-2026,10-07-2026,CM,BSE,STK,544465,INE06WU01026,LAXMIINDIA,T,,,,,LAXMI INDIA FINANCE LIMITED,112.35,113.4,110,111.01,110.2,111.96,,110.91,,,7305,813634,65,F1,1,,,,,
10-07-2026,10-07-2026,CM,BSE,STK,544466,INE819V01029,CPPLUS,B,,,,,Aditya Infotech Limited,3684.6,3758.75,3610.5,3667.15,3669,3643.65,,3662.5,,,6298,23254156,1094,F1,1,,,,,
10-07-2026,10-07-2026,CM,BSE,STK,544467,INE301O01023,NSDL,B,,,,,National Securities Depository,838.9,864.75,835.25,850.65,850.65,834.6,,850.65,,,1479263,1259716292,27894,F1,1,,,,,
10-07-2026,10-07-2026,CM,BSE,STK,544469,INE0V9Q01010,LOTUSDEV,B,,,,,Sri Lotus Developers and Realt,144.15,146.45,142.8,145.35,144.9,142.3,,145.42,,,33926,4893165,415,F1,1,,,,,
10-07-2026,10-07-2026,CM,BSE,STK,544470,INE08N601015,MBEL,B,,,,,M & B ENGINEERING LIMITED,316.5,322.15,316,319.75,319.75,310.45,,319.6,,,4842,1539135,209,F1,1,,,,,
10-07-2026,10-07-2026,CM,BSE,STK,544472,INE1KH601014,MEHUL,M,,,,,MEHUL COLOURS LIMITED,60,60,60,60,60,59.49,,60,,,1600,96000,1,F1,1600,,,,,
10-07-2026,10-07-2026,CM,BSE,STK,544473,INF666M01LM6,GROWWPOWER,B,,,,,Groww Mutual Fund,11.57,11.86,11.57,11.84,11.84,11.67,,11.83,,,83628,986336,272,F1,1,,,,,
10-07-2026,10-07-2026,CM,BSE,STK,544475,INE1IBY01019,ESSEX,MT,,,,,ESSEX MARINE LIMITED,42.95,42.95,39.9,41.89,41.89,42,,41.89,,,16000,656980,8,F1,2000,,,,,
10-07-2026,10-07-2026,CM,BSE,STK,544476,INE0J5801029,JSLL,B,,,,,Jeena Sikho Lifecare Limited,595.75,599.9,587,592.55,592,591,,593,,,42967,25509646,877,F1,1,,,,,
10-07-2026,10-07-2026,CM,BSE,STK,544477,INE00RL01028,HILINFRA,T,,,,,Highway Infrastructure Limited,45.79,46.42,45,45.73,45.7,45.57,,45.65,,,5704,258131,73,F1,1,,,,,
10-07-2026,10-07-2026,CM,BSE,STK,544478,INF200KB1969,SBILIQETF,F,,,,,SBI Mutual Fund,1047.07,1047.07,1047.07,1047.07,1047.07,1046.66,,1047.09,,,4,4188,1,F1,1,,,,,
10-07-2026,10-07-2026,CM,BSE,STK,544479,INE0GV601021,ALLTIME,B,,,,,ALL TIME PLASTICS LIMITED,237.15,240.25,234.1,235.95,235.8,235,,236.41,,,5632,1335693,167,F1,1,,,,,
10-07-2026,10-07-2026,CM,BSE,STK,544480,INE718I01012,JSWCEMENT,B,,,,,JSW CEMENT LIMITED,135.4,138.95,135.4,138.15,138.15,135.3,,138.21,,,211536,29123084,2766,F1,1,,,,,
10-07-2026,10-07-2026,CM,BSE,STK,544481,INE1JAR25012,KRT,IF,,,,,KNOWLEDGE REALTY TRUST,115.09,115.95,115.09,115.61,115.79,115.11,,115.56,,,11441,1323666,299,F1,1,,,,,
10-07-2026,10-07-2026,CM,BSE,STK,544482,INE0YG001013,STARIMAGIN,MT,,,,,STAR IMAGING AND PATH LAB LIMI,94.35,94.35,90.16,93.84,93.84,94.62,,93.84,,,8000,739650,7,F1,1000,,,,,
10-07-2026,10-07-2026,CM,BSE,STK,544483,INE111601014,ICODEX,M,,,,,ICODEX PUBLISHING SOLUTIONS LI,38,38.1,37.65,38,38,39.95,,38,,,6000,227700,5,F1,1200,,,,,
10-07-2026,10-07-2026,CM,BSE,STK,544484,INE304W01038,BLUESTONE,B,,,,,BlueStone Jewellery and Lifest,574.05,582.8,568,580.9,581.3,571.5,,580.7,,,25864,14911748,956,F1,1,,,,,
10-07-2026,10-07-2026,CM,BSE,STK,544485,INE0MHO01029,REGAAL,T,,,,,REGAAL RESOURCES LIMITED,83,83.49,80.5,82.22,82.8,81.85,,81.26,,,7468,611155,90,F1,1,,,,,
10-07-2026,10-07-2026,CM,BSE,STK,544487,INE0R8B01010,PATELRMART,B,,,,,PATEL RETAIL LIMITED,223,227.25,221.3,225.55,225.55,220.35,,225.44,,,5581,1253899,241,F1,1,,,,,
10-07-2026,10-07-2026,CM,BSE,STK,544488,INE078V01014,VIKRAMSOLR,B,,,,,Vikram Solar Limited,199,204,195.2,203.3,203.3,193.4,,203.35,,,558937,111834395,5478,F1,1,,,,,
10-07-2026,10-07-2026,CM,BSE,STK,544489,INE191201016,LGT,M,,,,,LGT Business Connextions Limit,42.1,42.1,42.1,42.1,42.1,40.32,,42.1,,,1200,50520,1,F1,1200,,,,,
10-07-2026,10-07-2026,CM,BSE,STK,544490,INE1B6101010,SHREEJISPG,B,,,,,Shreeji Shipping Global Limite,515.05,553.25,515.05,551.15,551,524.05,,551.75,,,19523,10629672,403,F1,1,,,,,
10-07-2026,10-07-2026,CM,BSE,STK,544491,INE06XZ01023,GEMAROMA,B,,,,,Gem Aromatics Limited,211.55,213.95,203.5,206.55,205.9,211.35,,206.54,,,35653,7373913,563,F1,1,,,,,
10-07-2026,10-07-2026,CM,BSE,STK,544492,INE0PKD01011,MEIL,T,,,,,MANGAL ELECTRICAL INDUSTRIES L,294,303.3,294,299.4,299.4,298.35,,300.7,,,2276,680913,56,F1,1,,,,,
10-07-2026,10-07-2026,CM,BSE,STK,544493,INF204KC1GH6,MANUFGBEES,B,,,,,Nippon India Mutual Fund,158.9,161.02,158.88,160.61,161.02,158.9,,160.28,,,1978,314787,11,F1,1,,,,,
10-07-2026,10-07-2026,CM,BSE,STK,544496,INE01R501028,VIKRAN,B,,,,,Vikran Engineering Limited,73.61,75.17,73.61,74.31,74.25,73.49,,74.34,,,157944,11779456,699,F1,1,,,,,
10-07-2026,10-07-2026,CM,BSE,STK,544497,INE0Y8W01025,AHCL,B,,,,,ANLON HEALTHCARE LIMITED,15.75,15.76,15.5,15.6,15.59,15.44,,15.59,,,80740,1256654,161,F1,1,,,,,
10-07-2026,10-07-2026,CM,BSE,STK,544498,INE0RTI01017,OVAL,M,,,,,OVAL PROJECTS ENGINEERING LIMI,55,55,55,55,55,54.15,,55,,,1600,88000,1,F1,1600,,,,,
10-07-2026,10-07-2026,CM,BSE,STK,544501,INE0XX801016,SUGSLLOYD,MT,,,,,SUGS LLOYD LIMITED,150.7,151.35,147,149.35,149,144.15,,149.35,,,131000,19715400,111,F1,1000,,,,,
10-07-2026,10-07-2026,CM,BSE,STK,544502,INE084K01015,AMANTA,T,,,,,Amanta Healthcare Limited,180,180,180,180,180,183.65,,180,,,1511,271980,27,F1,1,,,,,
10-07-2026,10-07-2026,CM,BSE,STK,544503,INE0ZN101029,RACHIT,MT,,,,,Rachit Prints Limited,213.8,213.8,213.8,213.8,213.8,204,,213.8,,,1000,213800,1,F1,1000,,,,,
10-07-2026,10-07-2026,CM,BSE,STK,544504,INE0ZOM01013,GOELCONS,MT,,,,,GOEL CONSTRUCTION COMPANY LIMI,503,505.5,490,491.2,490,501.9,,491.2,,,7600,3777960,17,F1,400,,,,,
10-07-2026,10-07-2026,CM,BSE,STK,544506,INE0UJF01018,SHARVAYA,MT,,,,,SHARVAYA METALS LIMITED,100.95,100.95,100.95,100.95,100.95,97.35,,100.95,,,600,60570,1,F1,600,,,,,
10-07-2026,10-07-2026,CM,BSE,STK,544507,INF0R8F01141,SML100CASE,B,,,,,Zerodha Mutual Fund,10.91,11.05,10.8,11,10.98,10.81,,11.02,,,52429,577493,195,F1,1,,,,,
10-07-2026,10-07-2026,CM,BSE,STK,544509,INE0XZB01017,KRUPALU,M,,,,,Krupalu Metals Limited,31.4,31.4,31.35,31.35,31.35,33,,31.35,,,4800,150640,3,F1,1600,,,,,
10-07-2026,10-07-2026,CM,BSE,STK,544510,INE346R01013,NCML,M,,,,,NILACHAL CARBO METALICKS LIMIT,85,85,83,83.1,83.1,85.8,,83.1,,,6400,537760,4,F1,1600,,,,,
10-07-2026,10-07-2026,CM,BSE,STK,544511,INE0V8A01016,KARBON,M,,,,,Karbonsteel Engineering Limite,115.5,116.25,110,114,114,121,,114,,,18400,2091440,18,F1,800,,,,,
10-07-2026,10-07-2026,CM,BSE,STK,544512,INE1B3L01017,SHRINGARMS,B,,,,,SHRINGAR HOUSE OF MANGALSUTRA,230.5,233,227.45,229.85,227.65,230.95,,229,,,20424,4704397,188,F1,1,,,,,
10-07-2026,10-07-2026,CM,BSE,STK,544513,INE0VOV01021,DEVX,B,,,,,Dev Accelerator Limited,34.3,36.4,34.3,35.18,35.2,35,,35.07,,,6863,243565,61,F1,1,,,,,
10-07-2026,10-07-2026,CM,BSE,STK,544514,INE1DRH01011,CITYSQUARE,MT,,,,,JAY AMBE SUPERMARKETS LIMITED,146.45,146.45,146.45,146.45,146.45,139.5,,146.45,,,2400,351480,3,F1,800,,,,,
10-07-2026,10-07-2026,CM,BSE,STK,544515,INE0CAZ01013,URBANCO,B,,,,,Urban Company Limited,139.45,140.2,131.35,132.1,132.1,137.05,,132.68,,,235424,31512217,2286,F1,1,,,,,
10-07-2026,10-07-2026,CM,BSE,STK,544516,INE0XBS01012,AIRFLOA,M,,,,,AIRFLOA RAIL TECHNOLOGY LIMITE,293.45,306.9,293.45,304.05,305,295.1,,304.05,,,61000,18187575,115,F1,500,,,,,
10-07-2026,10-07-2026,CM,BSE,STK,544517,INE24OJ01011,BUILDPRO,B,,,,,Shankara Buildpro Limited,1206,1264,1193.5,1249.15,1254.4,1199.7,,1250.4,,,23801,29196622,1399,F1,1,,,,,
10-07-2026,10-07-2026,CM,BSE,STK,544518,INE0TJ801010,LTELEVATOR,MT,,,,,L. T. ELEVATOR LIMITED,238,252.75,238,250.05,252.75,246.1,,250.05,,,22400,5552160,27,F1,800,,,,,
10-07-2026,10-07-2026,CM,BSE,STK,544519,INE198501012,EUROPRATIK,B,,,,,EURO PRATIK SALES LIMITED,312.8,320,311.55,313.9,312.7,310.45,,313.6,,,2438,767058,96,F1,1,,,,,
10-07-2026,10-07-2026,CM,BSE,STK,544520,INE10XS01012,SAMPAT,MT,,,,,SAMPAT ALUMINIUM LIMITED,36.88,36.88,35,35.4,35.75,35.28,,35.4,,,24000,852144,18,F1,1200,,,,,
10-07-2026,10-07-2026,CM,BSE,STK,544521,INE0SJA01013,VMSTMT,T,,,,,VMS TMT LIMITED,47,47.5,46.35,46.36,46.35,46.5,,46.33,,,459,21479,7,F1,1,,,,,
10-07-2026,10-07-2026,CM,BSE,STK,544522,INE08PH01015,ABCOTS,B,,,,,A B Cotspin India Limited,206.45,212.9,206.45,209.7,212,208.1,,209.93,,,168,35245,99,F1,1,,,,,
10-07-2026,10-07-2026,CM,BSE,STK,544523,INE056801025,IVALUE,B,,,,,IVALUE INFOSOLUTIONS LIMITED,289.05,307.7,289.05,305.85,306.5,288.9,,305.95,,,37220,11110776,863,F1,1,,,,,
10-07-2026,10-07-2026,CM,BSE,STK,544524,INE14VP01014,JDCABLES,M,,,,,JD CABLES LIMITED,249,254.35,247,249.65,248.5,243.15,,249.65,,,137600,34294040,93,F1,800,,,,,
10-07-2026,10-07-2026,CM,BSE,STK,544525,INE1AG301022,GKENERGY,B,,,,,GK ENERGY LIMITED,146.6,146.7,141.7,143.5,143.8,145.4,,143.53,,,52665,7570476,813,F1,1,,,,,
10-07-2026,10-07-2026,CM,BSE,STK,544526,INE13B501022,SAATVIKGL,B,,,,,Saatvik Green Energy Limited,460.95,465.05,444.95,448.85,449.25,454.15,,449.2,,,11835,5324662,499,F1,1,,,,,
10-07-2026,10-07-2026,CM,BSE,STK,544527,INE0Z4F01028,ATLANTAELE,B,,,,,Atlanta Electricals Limited,1697.95,1719.2,1685,1695.7,1691.25,1661.9,,1695.4,,,2554,4340195,434,F1,1,,,,,
10-07-2026,10-07-2026,CM,BSE,STK,544528,INE652V01016,GANESHCP,B,,,,,Ganesh Consumer Products Limit,192,192,188.55,189.1,191.5,190.6,,189.74,,,6053,1148100,172,F1,1,,,,,
10-07-2026,10-07-2026,CM,BSE,STK,544529,INE15XJ01010,APPL,MT,,,,,Aptus Pharma Limited,215.5,224,215.5,224,224,219.75,,224,,,9600,2106400,21,F1,400,,,,,
10-07-2026,10-07-2026,CM,BSE,STK,544530,INE549H01021,ARSSBL,B,,,,,ANAND RATHI SHARE AND STOCK BR,580,585,565.7,570.05,568.9,572.6,,570.45,,,16279,9324453,498,F1,1,,,,,
10-07-2026,10-07-2026,CM,BSE,STK,544531,INE1LDV01015,TRUECOLORS,M,,,,,TRUE COLORS LIMITED,163.15,170.9,160,165.25,164,163.2,,165.25,,,25200,4165620,39,F1,600,,,,,
10-07-2026,10-07-2026,CM,BSE,STK,544532,INE0TY101024,SOLARWORLD,B,,,,,Solarworld Energy Solutions Li,208,212,206.95,209.8,209.9,207.1,,209.92,,,15436,3238766,216,F1,1,,,,,
10-07-2026,10-07-2026,CM,BSE,STK,544533,INE04VU01023,STYL,B,,,,,Seshaasai Technologies Limited,369,369,351.6,359,359,360.6,,359.45,,,10168,3643815,341,F1,1,,,,,
10-07-2026,10-07-2026,CM,BSE,STK,544534,INE00YJ01010,JARO,B,,,,,Jaro Institute of Technology M,525.1,530.55,518.75,520.7,519.15,524.5,,520.75,,,9013,4736534,194,F1,1,,,,,
10-07-2026,10-07-2026,CM,BSE,STK,544535,INE0QMV01017,BHARATROHAN,M,,,,,BHARATROHAN AIRBORNE INNOVATIO,132.35,132.35,117,119.05,119.9,122,,119.05,,,39200,4714120,34,F1,800,,,,,
10-07-2026,10-07-2026,CM,BSE,STK,544537,INE0YD401026,JAINREC,B,,,,,Jain Resource Recycling Limite,344.5,344.65,338.5,340.75,340.75,342.5,,340.65,,,101903,34835944,1537,F1,1,,,,,
10-07-2026,10-07-2026,CM,BSE,STK,544538,INE0TI501017,PRARUH,M,,,,,PRARUH TECHNOLOGIES LIMITED,53.89,53.89,50.5,51.99,51.99,50,,51.99,,,12000,615780,6,F1,2000,,,,,
10-07-2026,10-07-2026,CM,BSE,STK,544539,INE1IIQ01028,SOLVEX,MT,,,,,Solvex Edibles Limited,24.3,24.3,24.28,24.28,24.28,24.77,,24.28,,,3200,77728,2,F1,1600,,,,,
10-07-2026,10-07-2026,CM,BSE,STK,544540,INE0MLS01022,EPACKPEB,B,,,,,Epack Prefab Technologies Limi,267.3,271.35,260.7,265.75,265.75,262.35,,265.55,,,59419,15843383,959,F1,1,,,,,
10-07-2026,10-07-2026,CM,BSE,STK,544541,INE1KLZ01011,SYSTEMATIC,MT,,,,,SYSTEMATIC INDUSTRIES LIMITED,167.6,172,166.5,171.2,171.2,168.5,,171.2,,,17400,2967240,19,F1,600,,,,,
10-07-2026,10-07-2026,CM,BSE,STK,544542,INE0W5Q01017,JUSTO,M,,,,,Justo Realfintech Limited,85.05,85.05,83.6,83.6,83.6,87.05,,83.6,,,4000,338650,4,F1,1000,,,,,
10-07-2026,10-07-2026,CM,BSE,STK,544543,INE965W01036,BMWVENTLTD,B,,,,,BMW VENTURES LIMITED,58.58,59.51,58.14,58.51,58.51,58.41,,58.81,,,3688,216251,137,F1,1,,,,,
10-07-2026,10-07-2026,CM,BSE,STK,544544,INE0SRP01014,TELGE,MT,,,,,TELGE PROJECTS LIMITED,138,144,138,144,144,138,,144,,,8400,1180860,7,F1,1200,,,,,
10-07-2026,10-07-2026,CM,BSE,STK,544545,INE0MWH01014,TRUALT,B,,,,,TRUALT BIOENERGY LIMITED,445.65,448.75,440.05,441.45,440.05,446.65,,440.9,,,9111,4025949,253,F1,1,,,,,
10-07-2026,10-07-2026,CM,BSE,STK,544546,INE1B4801017,CHTR,MT,,,,,Chatterbox Technologies Limite,48,48,48,48,48,48,,48,,,9600,460800,4,F1,1200,,,,,
10-07-2026,10-07-2026,CM,BSE,STK,544547,INE1FF001016,JKIPL,T,,,,,Jinkushal Industries Limited,98,99.35,94.65,98.9,98.9,98.9,,97.81,,,1011,98149,18,F1,1,,,,,
10-07-2026,10-07-2026,CM,BSE,STK,544550,INE0S3G01027,PACEDIGITK,B,,,,,Pace Digitek Limited,215.4,219.5,214.5,216.15,215.8,212.3,,216.2,,,157201,34105252,5281,F1,1,,,,,
10-07-2026,10-07-2026,CM,BSE,STK,544552,INE0S5T01017,RDGAIL,M,,,,,RUKMANI DEVI GARG AGRO IMPEX L,106.5,110,106.5,110,110,106.5,,110,,,25200,2762400,10,F1,1200,,,,,
10-07-2026,10-07-2026,CM,BSE,STK,544553,INE1PJP01015,MPKSTEELS,M,,,,,M P K STEELS (I) LIMITED,118,118,117.95,117.95,117.95,115.1,,117.95,,,1600,188760,2,F1,800,,,,,
10-07-2026,10-07-2026,CM,BSE,STK,544554,INE163701019,KVSCASTING,M,,,,,KVS Castings Limited,65,67,65,66.85,67,65,,66.85,,,10000,661100,5,F1,2000,,,,,
10-07-2026,10-07-2026,CM,BSE,STK,544555,INE14QA01016,AMEENJI,M,,,,,AMEENJI RUBBER LIMITED,133.6,133.6,133.6,133.6,133.6,139.05,,133.6,,,1200,160320,1,F1,1200,,,,,
10-07-2026,10-07-2026,CM,BSE,STK,544557,INE0TQE01026,GLOTTIS,T,,,,,Glottis Limited,67.01,67.5,65.75,66.48,66.5,67.01,,66.49,,,8621,574009,55,F1,1,,,,,
10-07-2026,10-07-2026,CM,BSE,STK,544558,INE0HF201011,FABTECH,B,,,,,Fabtech Technologies Limited,159.7,164.65,159.1,159.55,159.5,160.4,,159.92,,,32421,5216507,720,F1,1,,,,,
10-07-2026,10-07-2026,CM,BSE,STK,544559,INE0R8Q01018,OML,MT,,,,,OM METALLOGIC LIMITED,31.4,31.78,30.6,31.78,31.78,30.27,,31.78,,,46400,1456160,28,F1,1600,,,,,
10-07-2026,10-07-2026,CM,BSE,STK,544560,INE0QU501030,SODHACAP,M,,,,,SODHANI CAPITAL LIMITED,54,57.72,54,54.51,54.51,48.1,,54.51,,,20000,1138500,10,F1,2000,,,,,
10-07-2026,10-07-2026,CM,BSE,STK,544561,INE12P101018,CHIRAHARIT,MT,,,,,Chiraharit Limited,8.21,8.29,7.9,7.9,7.9,7.9,,7.9,,,90000,723540,8,F1,6000,,,,,
10-07-2026,10-07-2026,CM,BSE,STK,544562,INE1B0W01010,ADVANCE,B,,,,,Advance Agrolife Limited,109,112.5,106.5,110.7,110.7,107.25,,110.51,,,41617,4558012,429,F1,1,,,,,
10-07-2026,10-07-2026,CM,BSE,STK,544563,INE1B3501014,ZELIO,MT,,,,,Zelio E Mobility Limited,604.5,605.1,593.25,605.1,605.1,593.25,,605.1,,,26000,15639100,32,F1,500,,,,,
10-07-2026,10-07-2026,CM,BSE,STK,544564,INE1BZC01019,OMFREIGHT,T,,,,,Om Freight Forwarders Limited,95.26,95.45,91.11,95.36,95.45,95.49,,95.88,,,802,75940,26,F1,1,,,,,
10-07-2026,10-07-2026,CM,BSE,STK,544565,INE0QP701017,VALPLAST,M,,,,,Valplast Technologies Limited,37.04,40,37.04,40,40,39.17,,40,,,14000,548540,7,F1,2000,,,,,
10-07-2026,10-07-2026,CM,BSE,STK,544567,INE16XA01017,INFINITY,M,,,,,Infinity Infoway Limited,382,382,376,380.35,376,381.95,,380.35,,,3600,1371200,8,F1,400,,,,,
10-07-2026,10-07-2026,CM,BSE,STK,544568,INE0SUM01015,ZAPPFRESH,M,,,,,DSM Fresh Foods Limited,83.61,84.24,82.54,83.12,83.4,83.61,,83.12,,,18000,1497144,15,F1,1200,,,,,
10-07-2026,10-07-2026,CM,BSE,STK,544569,INE1TAE01010,TMCV,B,,,,,Tata Motors Limited,421.05,426.9,418.9,422.55,422.55,419.8,,422.5,,,297826,125779980,6450,F1,1,,,,,
10-07-2026,10-07-2026,CM,BSE,STK,544570,INE085001019,WEWORK,B,,,,,WeWork India Management Limite,754.8,754.8,721.65,732.4,733.5,719.6,,732.05,,,179633,131528325,800,F1,1,,,,,
10-07-2026,10-07-2026,CM,BSE,STK,544572,INE2J8701016,SKFINDUS,B,,,,,SKF INDIA (INDUSTRIAL) LIMITED,2915.9,2915.9,2778.05,2836.95,2807.45,2842.2,,2830.6,,,2136,6012999,402,F1,1,,,,,
10-07-2026,10-07-2026,CM,BSE,STK,544574,INE976I01016,TATACAP,A,,,,,Tata Capital Limited,355.55,363.95,355.55,360.45,360.45,356.85,,360.6,,,150467,54238583,4753,F1,1,,,,,
10-07-2026,10-07-2026,CM,BSE,STK,544575,INE833Q01012,MITTALSTL,MT,,,,,Mittal Sections Limited,29.9,29.9,28.98,28.98,28.98,30.5,,28.98,,,17000,495740,16,F1,1000,,,,,
10-07-2026,10-07-2026,CM,BSE,STK,544576,INE324D01010,LGEINDIA,B,,,,,LG Electronics India Limited,1563.8,1578,1552,1565.3,1565.3,1566.6,,1564.6,,,15325,24023547,1441,F1,1,,,,,
10-07-2026,10-07-2026,CM,BSE,STK,544578,INE506V01022,RUBICON,B,,,,,RUBICON RESEARCH LIMITED,1408.2,1436.35,1385.4,1431.35,1430,1406.2,,1431.4,,,7829,11072346,443,F1,1,,,,,
10-07-2026,10-07-2026,CM,BSE,STK,544579,INE1UA823019,ANANTAM,IF,,,,,Anantam Highways Trust,104.42,104.55,104,104.34,104.34,104,,104.32,,,226,23507,17,F1,1,,,,,
10-07-2026,10-07-2026,CM,BSE,STK,544580,INE218I01013,CRAMC,B,,,,,Canara Robeco Asset Management,257,257,251.8,253.3,253.3,253.95,,253.47,,,8584,2178532,305,F1,1,,,,,
10-07-2026,10-07-2026,CM,BSE,STK,544581,INF740KA1WU9,FLEXIADD,B,,,,,DSP Mutual Fund,9.9,9.93,9.84,9.9,9.93,9.8,,9.91,,,4506,44581,25,F1,1,,,,,
10-07-2026,10-07-2026,CM,BSE,STK,544582,INE1EUB01016,SHLOKKA,MT,,,,,SHLOKKA DYES LIMITED,24.15,24.15,24.15,24.15,24.15,23,,24.15,,,6000,144900,5,F1,1200,,,,,
10-07-2026,10-07-2026,CM,BSE,STK,544583,INE01TY01017,CANHLIFE,B,,,,,Canara HSBC Life Insurance Com,141.85,144.6,141.45,144.45,144.5,141.35,,144.07,,,1514109,215840303,787,F1,1,,,,,
10-07-2026,10-07-2026,CM,BSE,STK,544584,INE13YH01017,SKM,MT,,,,,SK Minerals & Additives Limite,405,411.6,398.5,411.6,411.6,392,,411.6,,,29000,11772150,29,F1,1000,,,,,
10-07-2026,10-07-2026,CM,BSE,STK,544586,INF0R8F01166,NIFTYCASE,B,,,,,Zerodha Mutual Fund,9.79,9.79,9.59,9.69,9.69,9.56,,9.69,,,15722,152357,74,F1,1,,,,,
10-07-2026,10-07-2026,CM,BSE,STK,544587,INE0XAD01024,MIDWESTLTD,B,,,,,Midwest Limited,1318.85,1365.9,1318.85,1338.35,1342.35,1345.75,,1332.7,,,777,1045972,121,F1,1,,,,,
10-07-2026,10-07-2026,CM,BSE,STK,544594,INE1GUJ01014,TRADEUNO,M,,,,,GAME CHANGERS TEXFAB LIMITED,96,102,96,102,102,93.67,,102,,,25200,2515776,21,F1,1200,,,,,
10-07-2026,10-07-2026,CM,BSE,STK,544595,INE16NZ01023,ORKLAINDIA,B,,,,,Orkla India Limited,588.85,601.95,588.5,593.35,594.8,592.25,,593.25,,,2410,1432186,307,F1,1,,,,,
10-07-2026,10-07-2026,CM,BSE,STK,544596,INE0SVZ01015,SAFECURE,M,,,,,Safecure Services Limited,23.25,24.99,23.25,24.99,24.99,24.95,,24.99,,,4800,115776,4,F1,1200,,,,,
10-07-2026,10-07-2026,CM,BSE,STK,544597,INE202B01038,PIRAMALFIN,B,,,,,Piramal Finance Limited,2137.95,2173,2120.3,2166.1,2166.1,2117.45,,2166.9,,,12493,26787410,810,F1,1,,,,,
10-07-2026,10-07-2026,CM,BSE,STK,544598,INE648Z01023,ACCURACY,T,,,,,Accuracy Shipping Limited,5.31,5.31,5.11,5.23,5.23,5.31,,5.26,,,4644,24207,44,F1,1,,,,,
10-07-2026,10-07-2026,CM,BSE,STK,544599,INE00Q601028,STUDDS,B,,,,,Studds Accessories Limited,461.85,465.25,459.5,460.6,462.9,460.05,,461.3,,,1319,610800,71,F1,1,,,,,
10-07-2026,10-07-2026,CM,BSE,STK,544600,INE956O01016,LENSKART,B,,,,,Lenskart Solutions Limited,555.3,560,541.35,543.3,543.3,545.15,,543.65,,,224579,123344029,3654,F1,1,,,,,
10-07-2026,10-07-2026,CM,BSE,STK,544601,INF2KCX01012,CHOICEGOLD,E,,,,,Choice Mutual Fund,144.5,150,141.05,149.43,150,141.67,,142.43,,,133,19724,7,F1,1,,,,,
10-07-2026,10-07-2026,CM,BSE,STK,544602,INE1YPB01014,AGL,T,,,,,Allcargo Global Limited,15.8,16.15,15.46,15.46,15.46,16.27,,15.48,,,1554472,24394244,2833,F1,1,,,,,
10-07-2026,10-07-2026,CM,BSE,STK,544603,INE0HOQ01053,GROWW,B,,,,,Billionbrains Garage Ventures,199.3,206,197.2,204.6,204.6,198.4,,204.47,,,1270937,256382793,6986,F1,1,,,,,
10-07-2026,10-07-2026,CM,BSE,STK,544604,INF769K01PR2,ENERGY,B,,,,,Mirae Asset Mutual Fund,39.26,39.85,39.21,39.39,39.4,38.99,,39.38,,,330901,13066274,333,F1,1,,,,,
10-07-2026,10-07-2026,CM,BSE,STK,544605,INF769K01PQ4,SMALL250,B,,,,,Mirae Asset Mutual Fund,18,18.25,18,18.16,18.16,17.93,,18.18,,,107508,1950914,254,F1,1,,,,,
10-07-2026,10-07-2026,CM,BSE,STK,544606,INE15B701018,PINELABS,B,,,,,Pine Labs Limited,144.15,147.1,143.95,145.35,145.35,143.3,,145.27,,,477674,69742871,2433,F1,1,,,,,
10-07-2026,10-07-2026,CM,BSE,STK,544607,INE0D8001018,SHTL,MT,,,,,SHINING TOOLS LIMITED,87.58,87.58,87.58,87.58,87.58,88.02,,87.58,,,1200,105096,1,F1,1200,,,,,
10-07-2026,10-07-2026,CM,BSE,STK,544608,INE1C6T01020,EMMVEE,B,,,,,Emmvee Photovoltaic Power Limi,338,338,331.8,333.05,332,333.55,,333.25,,,46267,15476080,3344,F1,1,,,,,
10-07-2026,10-07-2026,CM,BSE,STK,544609,INE0LP301011,PWL,B,,,,,Physicswallah Limited,153.55,154.35,145.8,147.95,147.95,151.3,,147.45,,,2205186,329183330,28042,F1,1,,,,,
10-07-2026,10-07-2026,CM,BSE,STK,544610,INE1I1301016,WORKMATES,M,,,,,WORKMATES CORE2CLOUD SOLUTION,291,298.75,287.3,297.55,298.65,291,,297.55,,,15600,4561980,24,F1,600,,,,,
10-07-2026,10-07-2026,CM,BSE,STK,544611,INE0U9D01019,MAHALIFE,M,,,,,MAHAMAYA LIFESCIENCES LIMITED,170.05,170.05,161.1,166,166,170,,166,,,6000,1004580,5,F1,1200,,,,,
10-07-2026,10-07-2026,CM,BSE,STK,544612,INE19RI01016,TENNIND,B,,,,,Tenneco Clean Air India Limite,584.3,594.8,583.6,589.2,586.5,584.75,,589.55,,,29692,17469882,1249,F1,1,,,,,
10-07-2026,10-07-2026,CM,BSE,STK,544613,INE12UR01024,UTLSOLAR,B,,,,,Fujiyama Power Systems Limited,378.3,382.9,366.3,382.9,382.9,364.7,,382.75,,,239725,91198521,2305,F1,1,,,,,
10-07-2026,10-07-2026,CM,BSE,STK,544614,INE0ILV01024,CAPILLARY,B,,,,,Capillary Technologies India L,511,511,499.55,502.6,501.65,512,,502.9,,,2301,1163022,188,F1,1,,,,,
10-07-2026,10-07-2026,CM,BSE,STK,544615,INE1SPP01016,KSR,B,,,,,KSR Footwear Limited,30.88,30.88,29.14,29.48,29.5,30.67,,29.02,,,6464,194189,85,F1,1,,,,,
10-07-2026,10-07-2026,CM,BSE,STK,544617,INE606N01019,EXCELSOFT,B,,,,,Excelsoft Technologies Limited,79.2,80.61,78.81,79.27,78.89,78.53,,79.31,,,18167,1445871,221,F1,1,,,,,
10-07-2026,10-07-2026,CM,BSE,STK,544618,INF754K01VY8,ESENSEX,B,,,,,Edelweiss Mutual Fund,78.5,78.5,77.61,78.14,78.14,76.96,,78.24,,,263,20501,5,F1,1,,,,,
10-07-2026,10-07-2026,CM,BSE,STK,544619,INE0QPI01025,SUDEEPPHRM,B,,,,,Sudeep Pharma Limited,808,833,808,823.4,823.4,802.9,,824.2,,,11196,9237469,819,F1,1,,,,,
10-07-2026,10-07-2026,CM,BSE,STK,544620,INF740KA1WV7,MSCIADD,B,,,,,DSP Mutual Fund,29.48,29.48,29.48,29.48,29.48,29.37,,29.48,,,179,5276,1,F1,1,,,,,
10-07-2026,10-07-2026,CM,BSE,STK,544622,INE2KCE01013,KWIL,B,,,,,Kwality Walls (India) Limited,33.01,33.8,32.67,32.9,32.9,32.77,,32.91,,,708818,23581720,3623,F1,1,,,,,
10-07-2026,10-07-2026,CM,BSE,STK,544625,INE1BA901016,LOGICIEL,MT,,,,,Logiciel Solutions Limited,32.21,34.15,31.25,34.15,34.15,32.6,,34.15,,,1800,58566,3,F1,600,,,,,
10-07-2026,10-07-2026,CM,BSE,STK,544626,INE1E4401010,EXATO,M,,,,,EXATO TECHNOLOGIES LIMITED,455,517.9,453.95,515.45,517.9,431.6,,515.45,,,268500,131730550,459,F1,500,,,,,
10-07-2026,10-07-2026,CM,BSE,STK,544627,INE0VDK01019,PURPLEWAVE,M,,,,,PURPLE WAVE INFOCOM LIMITED,110,110,110,110,110,110,,110,,,9000,990000,1,F1,1000,,,,,
10-07-2026,10-07-2026,CM,BSE,STK,544628,INE0RUY01012,ASTRONMULT,MT,,,,,Astron Multigrain Limited,16.01,17.34,16.01,17.32,17.32,16.53,,17.32,,,10000,170660,5,F1,2000,,,,,
10-07-2026,10-07-2026,CM,BSE,STK,544629,INE0W4D01018,RAVEL,M,,,,,Ravelcare Limited,113.05,116.65,112.6,116.65,116.65,117.9,,116.65,,,4000,458300,4,F1,1000,,,,,
10-07-2026,10-07-2026,CM,BSE,STK,544631,INE985W01018,CNL,B,,,,,CREATIVE NEWTECH LIMITED,874.9,888.15,815.75,848.4,840.4,843.8,,847.55,,,32342,27932931,1098,F1,1,,,,,
10-07-2026,10-07-2026,CM,BSE,STK,544632,INE0VDM01015,MEESHO,B,,,,,Meesho Limited,191.05,195,191.05,194.05,194.05,191.1,,194.11,,,609791,118146222,4192,F1,1,,,,,
10-07-2026,10-07-2026,CM,BSE,STK,544633,INE14UN01029,VIDYAWIRES,B,,,,,VIDYA WIRES LIMITED,97.46,98.7,96.73,97.08,97.08,96.81,,97.06,,,40304,3927909,398,F1,1,,,,,
10-07-2026,10-07-2026,CM,BSE,STK,544634,INE947N01017,AEQUS,B,,,,,Aequs Limited,260.4,263.65,245.9,248.9,248.9,258.15,,248.79,,,970151,243339459,11441,F1,1,,,,,
10-07-2026,10-07-2026,CM,BSE,STK,544635,INE1CJB01013,LUXURY,MT,,,,,Luxury Time Limited,66,66,64.3,64.5,64.5,66,,64.5,,,4800,311680,3,F1,1600,,,,,
10-07-2026,10-07-2026,CM,BSE,STK,544637,INE0QZR01017,METHODHUB,M,,,,,Methodhub Software Limited,89.89,89.89,88.99,89,89,87.35,,89,,,15000,1336050,11,F1,600,,,,,
10-07-2026,10-07-2026,CM,BSE,STK,544638,INF194KB1KJ7,GOLDBND,E,,,,,Bandhan Mutual Fund,145.49,145.49,142.15,142.9,142.72,142.64,,142.73,,,201,29076,37,F1,1,,,,,
10-07-2026,10-07-2026,CM,BSE,STK,544639,INF194KB1KI9,SILVERBND,E,,,,,Bandhan Mutual Fund,223.6,223.6,218.78,219.86,219.87,223.6,,219.2,,,1142,251016,44,F1,1,,,,,
10-07-2026,10-07-2026,CM,BSE,STK,544641,INE1IE301018,KVTOYS,M,,,,,K. V. TOYS INDIA LIMITED,322.8,328.6,320,323,323,322.75,,323,,,13200,4281090,19,F1,600,,,,,
10-07-2026,10-07-2026,CM,BSE,STK,544642,INE0E7301029,WAKEFIT,B,,,,,Wakefit Innovations Limited,128.95,131.95,125,129.25,129.4,125.1,,129.78,,,1108503,143544727,1079,F1,1,,,,,
10-07-2026,10-07-2026,CM,BSE,STK,544643,INE10XK01019,PRODOCS,M,,,,,PRODOCS SOLUTIONS LIMITED,165,167,165,167,167,166.25,,167,,,2000,332000,2,F1,1000,,,,,
10-07-2026,10-07-2026,CM,BSE,STK,544644,INE02ZQ01018,CORONA,B,,,,,Corona Remedies Limited,2040.15,2062.05,2028.65,2036.6,2037.35,2018.95,,2041.9,,,1855,3790561,157,F1,1,,,,,
10-07-2026,10-07-2026,CM,BSE,STK,544645,INE119201023,PARKHOSPS,B,,,,,PARK MEDI WORLD LIMITED,290.15,291.4,284.3,285.9,284.8,290.15,,286.1,,,36182,10409907,866,F1,1,,,,,
10-07-2026,10-07-2026,CM,BSE,STK,544646,INE0O9L01010,SHIPWAVES,MT,,,,,Shipwaves Online Limited,3.45,3.54,3.38,3.52,3.53,3.44,,3.52,,,110000,378900,9,F1,10000,,,,,
10-07-2026,10-07-2026,CM,BSE,STK,544647,INE428V01029,NEPHROPLUS,B,,,,,Nephrocare Health Services Lim,664.2,665.15,645.8,647.3,650.75,631.6,,648.95,,,18271,11959488,909,F1,1,,,,,
10-07-2026,10-07-2026,CM,BSE,STK,544655,INF740KA1WW5,MIDCAPADD,B,,,,,DSP Mutual Fund,23.06,23.26,23.04,23.04,23.04,22.92,,23.24,,,991,22961,7,F1,1,,,,,
10-07-2026,10-07-2026,CM,BSE,STK,544656,INE1E1V01017,HRS,M,,,,,HRS ALUGLAZE LIMITED,245.1,246,245,246,246,250,,246,,,24400,5987260,19,F1,400,,,,,
10-07-2026,10-07-2026,CM,BSE,STK,544657,INE14LM01012,PAJSON,M,,,,,Pajson Agro India Limited,174.35,175,174.35,175,175,176,,175,,,1200,209610,2,F1,600,,,,,
10-07-2026,10-07-2026,CM,BSE,STK,544658,INE346A01027,ICICIAMC,A,,,,,ICICI Prudential Asset Managem,3184.3,3205,3145,3160.1,3160.1,3182.45,,3159.6,,,18786,59557716,2131,F1,1,,,,,
10-07-2026,10-07-2026,CM,BSE,STK,544660,INF769K01PZ5,TOP20,B,,,,,Mirae Asset Mutual Fund,8.78,8.78,8.73,8.77,8.77,8.7,,8.76,,,4529,39621,12,F1,1,,,,,
10-07-2026,10-07-2026,CM,BSE,STK,544661,INF769K01PY8,DIVIDEND,B,,,,,Mirae Asset Mutual Fund,35.09,35.09,34.86,34.97,34.97,34.52,,34.89,,,3245,113129,7,F1,1,,,,,
10-07-2026,10-07-2026,CM,BSE,STK,544662,INE0VI201010,SIMANDHAR,XT,,,,,SIMANDHAR IMPEX LIMITED,124.9,124.9,118.05,118.05,118.05,124.25,,118.05,,,102,12454,8,F1,1,,,,,
10-07-2026,10-07-2026,CM,BSE,STK,544663,INE1NQ501012,NEPLOG,MT,,,,,NEPTUNE LOGITEK LIMITED,34.15,36.97,34.12,36.97,36.97,35.9,,36.97,,,7000,242410,5,F1,1000,,,,,
10-07-2026,10-07-2026,CM,BSE,STK,544664,INE987S01020,KSHINTL,B,,,,,KSH INTERNATIONAL LIMITED,861.75,861.75,837.65,849.05,847.65,847.6,,849.35,,,10013,8527244,490,F1,1,,,,,
10-07-2026,10-07-2026,CM,BSE,STK,544666,INE0V0W01025,GKSL,B,,,,,GUJARAT KIDNEY AND SUPER SPECI,131.25,138,130.95,132.5,133.15,130.85,,132.55,,,27221,3633060,883,F1,1,,,,,
10-07-2026,10-07-2026,CM,BSE,STK,544667,INE1F9M01018,DACHEPALLI,MT,,,,,Dachepalli Publishers Limited,85.02,85.02,77.44,77.44,77.44,80.99,,77.44,,,7200,566664,3,F1,1200,,,,,
10-07-2026,10-07-2026,CM,BSE,STK,544669,INE0XLO01010,ADMACH,MT,,,,,ADMACH SYSTEMS LIMITED,312.95,316.35,312.95,316.35,316.35,301.3,,316.35,,,12000,3792120,20,F1,600,,,,,
10-07-2026,10-07-2026,CM,BSE,STK,544670,INE1IJQ01026,BAIKAKAJI,M,,,,,BAI-KAKAJI POLYMERS LIMITED,189,193.85,187.5,189.4,193.85,190,,189.4,,,26400,5006760,32,F1,600,,,,,
10-07-2026,10-07-2026,CM,BSE,STK,544671,INE0X4A01013,ATIL,M,,,,,APOLLO TECHNO INDUSTRIES LIMIT,84,84.35,81.7,82.35,81.7,81.34,,82.35,,,24000,1995850,9,F1,1000,,,,,
10-07-2026,10-07-2026,CM,BSE,STK,544673,INE1HK501016,MDRC,M,,,,,MODERN DIAGNOSTIC & RESEARCH C,52,52,52,52,52,52,,52,,,8000,416000,1,F1,1600,,,,,
10-07-2026,10-07-2026,CM,BSE,STK,544675,INE1H1501013,GTIL,M,,,,,Gabion Technologies India Limi,67.8,67.98,65,65,65,63.93,,65,,,14400,962672,9,F1,1600,,,,,
10-07-2026,10-07-2026,CM,BSE,STK,544676,INE0CNJ01010,YAJUR,MT,,,,,YAJUR FIBRES LIMITED,37.5,39.49,37.01,38.15,38.15,37.9,,38.15,,,33600,1286712,31,F1,800,,,,,
10-07-2026,10-07-2026,CM,BSE,STK,544678,INE05XR01022,BHARATCOAL,B,,,,,BHARAT COKING COAL LIMITED,37.43,38.03,37.33,37.57,37.57,37.23,,37.56,,,490230,18456796,1523,F1,1,,,,,
10-07-2026,10-07-2026,CM,BSE,STK,544679,INE121R01077,AMAGI,B,,,,,Amagi Media Labs Limited,587.5,599,573.05,581.1,581.1,575.9,,580.25,,,15667,9136539,749,F1,1,,,,,
10-07-2026,10-07-2026,CM,BSE,STK,544681,INE0WKY01013,INDOSMC,MT,,,,,INDO SMC Limited,424.3,432.5,417.05,421.75,425,418.2,,421.75,,,28000,11878800,28,F1,1000,,,,,
10-07-2026,10-07-2026,CM,BSE,STK,544682,INE0U8P01015,GRERENEW,MT,,,,,GRE Renew Enertech Limited,163.95,163.95,163.95,163.95,163.95,163.95,,163.95,,,1200,196740,1,F1,1200,,,,,
10-07-2026,10-07-2026,CM,BSE,STK,544683,INE1D8001016,ARITAS,MT,,,,,Aritas Vinyl Limited,12.7,12.99,12.7,12.99,12.99,12.57,,12.99,,,12000,153810,4,F1,3000,,,,,
10-07-2026,10-07-2026,CM,BSE,STK,544684,INE1OOT01028,DIGILOGIC,M,,,,,DIGILOGIC SYSTEMS LIMITED,123.3,124.9,120,120.4,120,121.6,,120.4,,,39600,4851180,25,F1,1200,,,,,
10-07-2026,10-07-2026,CM,BSE,STK,544685,INE12UN01015,SHADOWFAX,B,,,,,SHADOWFAX TECHNOLOGIES LIMITED,221.05,229.1,221.05,227.95,227.95,220.15,,228.12,,,146424,33132416,2813,F1,1,,,,,
10-07-2026,10-07-2026,CM,BSE,STK,544686,INE0UCL01011,SHAYONAENG,M,,,,,SHAYONA ENGINEERING LIMITED,145,145,143.55,143.55,143.55,140.2,,143.55,,,2000,288550,2,F1,1000,,,,,
10-07-2026,10-07-2026,CM,BSE,STK,544687,INE0JVH01012,HANNAH,MT,,,,,Hannah Joseph Hospital Limited,110,111.75,110,111.4,111.7,106.5,,111.4,,,46000,5102300,23,F1,2000,,,,,
10-07-2026,10-07-2026,CM,BSE,STK,544695,INE2B5L01011,MSAFE,MT,,,,,Msafe Equipments Limited,195,195.95,191.1,191.5,191.5,195.95,,191.5,,,19000,3682100,16,F1,1000,,,,,
10-07-2026,10-07-2026,CM,BSE,STK,544699,INE501X01029,AYE,B,,,,,Aye Finance Limited,167.95,172.1,165.1,169.05,169.05,167.8,,168.83,,,1259867,211684902,777,F1,1,,,,,
10-07-2026,10-07-2026,CM,BSE,STK,544700,INE212S01015,FRACTAL,B,,,,,Fractal Analytics Limited,851.45,852.95,838,847.55,847.55,841.25,,847.55,,,9830,8308468,859,F1,1,,,,,
10-07-2026,10-07-2026,CM,BSE,STK,544701,INF769K01QA6,HEALTHCARE,B,,,,,Mirae Asset Mutual Fund,21,21.21,20.98,21.14,21.19,21.14,,21.15,,,18011,379458,42,F1,1,,,,,
10-07-2026,10-07-2026,CM,BSE,STK,544702,INE0OU201013,DCMSIL,T,,,,,DCM SHRIRAM INTERNATIONAL LIMI,78.5,78.5,77.01,77.25,77.25,77.01,,77.25,,,13524,1051195,72,F1,1,,,,,
10-07-2026,10-07-2026,CM,BSE,STK,544703,INE0OFM01015,DSFCL,T,,,,,DCM SHRIRAM FINE CHEMICALS LIM,23.6,24.15,23.03,23.8,23.8,23.41,,23.86,,,1644,38495,14,F1,1,,,,,
10-07-2026,10-07-2026,CM,BSE,STK,544704,INF769K01QB4,INFRA,B,,,,,Mirae Asset Mutual Fund,12.29,12.38,12.29,12.37,12.37,12.24,,12.35,,,11199,138297,17,F1,1,,,,,
10-07-2026,10-07-2026,CM,BSE,STK,544705,INF769K01QC2,DEFENCE,B,,,,,Mirae Asset Mutual Fund,78.16,79.09,77.73,78.99,79.09,77.34,,79,,,4885,384415,77,F1,1,,,,,
10-07-2026,10-07-2026,CM,BSE,STK,544706,INF209KC1662,ABSLMSCIN,B,,,,,Aditya Birla Sun Life Mutual F,29.48,29.66,29.48,29.66,29.66,29.16,,29.67,,,4,118,2,F1,1,,,,,
10-07-2026,10-07-2026,CM,BSE,STK,544707,INE1W3Q01011,FIL,M,,,,,Fractal Industries Limited,215.95,218,212.5,216.6,216.6,216,,216.6,,,35400,7566180,18,F1,600,,,,,
10-07-2026,10-07-2026,CM,BSE,STK,544708,INE1O6P01016,YASHHTEJ,MT,,,,,Yashhtej Industries (India) Li,48.96,49.2,46.61,47.68,48.72,48.96,,47.68,,,7200,346908,6,F1,1200,,,,,
10-07-2026,10-07-2026,CM,BSE,STK,544709,INE0P8B01020,GAUDIUMIVF,T,,,,,Gaudium IVF and Women Health L,118.9,124.65,117,124.6,124.6,118.75,,124.31,,,38011,4678341,324,F1,1,,,,,
10-07-2026,10-07-2026,CM,BSE,STK,544710,INE132201018,ACCORDTS,M,,,,,ACCORD TRANSFORMER & SWITCHGEA,56.49,56.5,55,55,55,54.58,,55,,,48000,2679150,16,F1,3000,,,,,
10-07-2026,10-07-2026,CM,BSE,STK,544711,INE1C3F01018,KIAASA,M,,,,,KIAASA RETAIL LIMITED,33,34.48,32.5,32.77,32.77,34.49,,32.77,,,30000,990640,26,F1,1000,,,,,
10-07-2026,10-07-2026,CM,BSE,STK,544716,INE19GK01015,SRTL,B,,,,,SHREE RAM TWISTEX LIMITED,40,40.15,39.36,39.63,40.13,39.75,,39.54,,,2860,114098,72,F1,1,,,,,
10-07-2026,10-07-2026,CM,BSE,STK,544717,INE647U01026,CLEANMAX,B,,,,,Clean Max Enviro Energy Soluti,1342.15,1346.75,1295.35,1331.75,1344.35,1326.75,,1339.3,,,6447,8539565,473,F1,1,,,,,
10-07-2026,10-07-2026,CM,BSE,STK,544718,INE1RDG01013,PNGSREVA,B,,,,,PNGS Reva Diamond Jewellery Li,416.25,428,415.55,421.85,421.75,413.5,,421.5,,,3201,1355232,199,F1,1,,,,,
10-07-2026,10-07-2026,CM,BSE,STK,544719,INF209KC1670,ABSL10BANK,B,,,,,Aditya Birla Sun Life Mutual F,174,174,173.51,173.51,173.51,170.76,,174.55,,,2,347,2,F1,1,,,,,
10-07-2026,10-07-2026,CM,BSE,STK,544720,INE0UH301010,OMNI,B,,,,,Omnitech Engineering Limited,555.95,555.95,515,525.95,525.95,526.5,,523.4,,,20589,11066149,667,F1,1,,,,,
10-07-2026,10-07-2026,CM,BSE,STK,544721,INF666M01OD9,GROWWHOSPI,B,,,,,Groww Mutual Fund,54.59,54.59,53.78,54.14,54.3,53.91,,54.3,,,18844,1016562,90,F1,1,,,,,
10-07-2026,10-07-2026,CM,BSE,STK,544722,INF200KB1AJ0,SBIMIDMOM,B,,,,,SBI Mutual Fund,62.76,62.76,62.76,62.76,62.76,61.91,,63.17,,,7,439,1,F1,1,,,,,
10-07-2026,10-07-2026,CM,BSE,STK,544723,INE00XB01019,SEDEMAC,B,,,,,SEDEMAC MECHATRONICS LIMITED,2821.5,2821.5,2731.85,2745.3,2745,2804.5,,2745.4,,,6563,18065313,662,F1,1,,,,,
10-07-2026,10-07-2026,CM,BSE,STK,544724,INE1FEW01013,ELFIN,MT,,,,,Elfin Agro India Limited,72.25,72.25,72.25,72.25,72.25,71.5,,72.25,,,6000,433500,1,F1,3000,,,,,
10-07-2026,10-07-2026,CM,BSE,STK,544725,INF740KA1YH2,BANK10ADD,B,,,,,DSP Mutual Fund,17.49,17.49,17.41,17.46,17.46,17.24,,17.43,,,21,366,3,F1,1,,,,,
10-07-2026,10-07-2026,CM,BSE,STK,544726,INE0J0B01017,KOTYARK,T,,,,,Kotyark Industries Limited,35.9,36.57,34.9,35.89,35.8,35.38,,35.56,,,12268,436775,69,F1,1,,,,,
10-07-2026,10-07-2026,CM,BSE,STK,544731,INE313L01016,RSL,B,,,,,RAJPUTANA STAINLESS LIMITED,133.8,133.8,128.7,129,129.4,130.95,,129.15,,,3459,447581,132,F1,1,,,,,
10-07-2026,10-07-2026,CM,BSE,STK,544732,INE0ADB01012,INNOVISION,B,,,,,Innovision Limited,289.7,291.15,287.4,288.7,289.85,288.4,,289.25,,,1214,351039,142,F1,1,,,,,
10-07-2026,10-07-2026,CM,BSE,STK,544733,INE713R01022,GSPCROP,B,,,,,GSP CROP SCIENCE LIMITED,399.8,418,394.3,409.65,409.65,395.3,,410.7,,,11128,4477574,451,F1,1,,,,,
10-07-2026,10-07-2026,CM,BSE,STK,544734,INE2PB023011,RIIT,IF,,,,,Raajmarg Infra Investment Trus,116.51,117,115.87,115.94,116.35,115.52,,116.58,,,16613,1933658,69,F1,1,,,,,
10-07-2026,10-07-2026,CM,BSE,STK,544735,INE1TFS01019,NOVUS,M,,,,,Novus Loyalty Limited,133.35,137.5,132.1,136,136.95,133.45,,136,,,28000,3746750,25,F1,1000,,,,,
10-07-2026,10-07-2026,CM,BSE,STK,544736,INF336L01RX2,HSBCGOLD,E,,,,,HSBC Mutual Fund,125.1,125.1,124.11,124.11,124.11,125.37,,124.78,,,7,870,5,F1,1,,,,,
10-07-2026,10-07-2026,CM,BSE,STK,544737,INF769K01QV2,VALUE,B,,,,,Mirae Asset Mutual Fund,16.2,16.2,16.18,16.18,16.18,15.99,,16.17,,,27,436,3,F1,1,,,,,
10-07-2026,10-07-2026,CM,BSE,STK,544738,INE0R0M01014,SPML,MT,,,,,SPECIALITY MEDICINES LIMITED,183,183.5,183,183.5,183.5,184,,183.5,,,2000,366500,2,F1,1000,,,,,
10-07-2026,10-07-2026,CM,BSE,STK,544739,INE05HV01027,CMPDI,B,,,,,Central Mine Planning & Design,265.05,273,263,267.05,267.05,264.1,,267,,,424584,113501118,2867,F1,1,,,,,
10-07-2026,10-07-2026,CM,BSE,STK,544740,INE1U6D01014,TIPCO,MT,,,,,Tipco Engineering India Limite,186,186,180.05,180.85,180.05,184.3,,180.85,,,40000,7334320,23,F1,1600,,,,,
10-07-2026,10-07-2026,CM,BSE,STK,544741,INE1KI801019,HIGHNESS,M,,,,,Highness Microelectronics Limi,188.5,192,185,187.9,190,188.5,,187.9,,,38400,7256880,29,F1,1200,,,,,
10-07-2026,10-07-2026,CM,BSE,STK,544742,INE0H9F01037,SAIPARENT,B,,,,,Sai Parenteral's Limited,595.75,606.5,580,587.25,587.25,595.75,,588.1,,,7225,4278022,303,F1,1,,,,,
10-07-2026,10-07-2026,CM,BSE,STK,544743,INE05TO01019,AMIRCHAND,B,,,,,Amir Chand Jagdish Kumar (Expo,174.4,181.15,174.4,177.35,177.35,172.55,,177.12,,,50194,9011891,800,F1,1,,,,,
10-07-2026,10-07-2026,CM,BSE,STK,544744,INE921L01032,POWERICA,B,,,,,Powerica Ltd.,580.35,580.35,558.8,566.75,565.8,569.25,,567.2,,,29262,16580554,872,F1,1,,,,,
10-07-2026,10-07-2026,CM,BSE,STK,544745,INF200KB1AK8,SBINMID150,B,,,,,SBI Mutual Fund,23.18,23.2,23.07,23.14,23.15,22.97,,23.21,,,1947,45071,10,F1,1,,,,,
10-07-2026,10-07-2026,CM,BSE,STK,544746,INE0UMH01018,SCDL,M,,,,,SAFETY CONTROLS & DEVICES LIMI,74.25,76,74.25,74.75,74.5,74.02,,74.75,,,70400,5284128,16,F1,1600,,,,,
10-07-2026,10-07-2026,CM,BSE,STK,544747,INE1OSW01015,EMIAC,M,,,,,EMIAC TECHNOLOGIES LIMITED,94,95,93,93.54,95,93.01,,93.54,,,40800,3818508,21,F1,1200,,,,,
10-07-2026,10-07-2026,CM,BSE,STK,544748,INE840Y01029,ONEPOINT,B,,,,,ONE POINT ONE SOLUTIONS LIMITE,55.53,55.53,53.1,53.96,53.83,54.18,,53.82,,,7231,391471,71,F1,1,,,,,
10-07-2026,10-07-2026,CM,BSE,STK,544750,INE25E901019,OMPOWER,B,,,,,OM POWER TRANSMISSION LIMITED,180.75,180.75,175.55,176.15,176,173.4,,176.16,,,8202,1457449,227,F1,1,,,,,
10-07-2026,10-07-2026,CM,BSE,STK,544751,INE1K0V01011,MTL,M,,,,,MEHUL TELECOM LIMITED,85,86,85,86,86,85.99,,86,,,2400,205200,2,F1,1200,,,,,
10-07-2026,10-07-2026,CM,BSE,STK,544752,INE19RO25039,PSCELESTIA,IF,,,,,PropShare Celestia,1020000,1020000,1013501.01,1013501.01,1013501.01,1020000,,1013501.01,,,2,2033501,2,F1,1,,,,,
10-07-2026,10-07-2026,CM,BSE,STK,544753,INE2Q7823014,CITIUSINVT,IF,,,,,Citius TransNet Investment Tru,107.19,108.89,106.96,108.05,108.05,107.8,,107.9,,,8206,890042,53,F1,1,,,,,
10-07-2026,10-07-2026,CM,BSE,STK,544754,INE12F801023,KISSHT,B,,,,,OnEMI Technology Solutions Lim,313.25,325,307.9,320.9,320.9,312.5,,320.8,,,96990,30639377,1670,F1,1,,,,,
10-07-2026,10-07-2026,CM,BSE,STK,544755,INE2B6701015,RECODE,M,,,,,RECODE STUDIOS LIMITED,190.05,193.05,188,190,190,190,,190,,,23200,4405640,28,F1,800,,,,,
10-07-2026,10-07-2026,CM,BSE,STK,544756,INE368U01029,UNITEDPOLY,T,,,,,United Polyfab Gujarat Limited,31.49,31.49,29.7,30.9,30.9,31.25,,30.89,,,3746,112959,40,F1,1,,,,,
10-07-2026,10-07-2026,CM,BSE,STK,544757,INE032Z01020,BSHSL,T,,,,,BOMBAY SUPER HYBRID SEEDS LIMI,89.18,93,87,87.03,87,91,,87.12,,,6256,547173,58,F1,1,,,,,
10-07-2026,10-07-2026,CM,BSE,STK,544758,INE2OVN25015,BAGMANE,IF,,,,,Bagmane Prime Office REIT,103.75,103.75,103.01,103.38,103.5,103.52,,103.46,,,22750,2349934,300,F1,1,,,,,
10-07-2026,10-07-2026,CM,BSE,STK,544759,INE1CLW01015,GLPL,M,,,,,GOLDLINE PHARMACEUTICAL LIMITE,40.19,41.2,39.7,41.11,41.1,41,,41.11,,,81000,3313380,16,F1,3000,,,,,
10-07-2026,10-07-2026,CM,BSE,STK,544760,INF740KA1ZA4,FMCGADD,B,,,,,DSP Mutual Fund,49.6,50.09,49.3,50.09,50.09,49.6,,49.61,,,612,30374,8,F1,1,,,,,
10-07-2026,10-07-2026,CM,BSE,STK,544762,INF200KB1AX1,SBIVALETF,B,,,,,SBI Mutual Fund,14.77,14.98,14.77,14.98,14.98,14.77,,14.96,,,2111,31307,19,F1,1,,,,,
10-07-2026,10-07-2026,CM,BSE,STK,544763,INF200KB1AY9,SBISMLETF,B,,,,,SBI Mutual Fund,17.94,18.15,17.94,18.08,18.15,17.94,,18.09,,,31206,563220,37,F1,1,,,,,
10-07-2026,10-07-2026,CM,BSE,STK,544764,INE0JYY01029,MWL,B,,,,,Mangalam Worldwide Limited,37.5,41.85,35.6,36.7,37.8,368.75,,36.65,,,121804,4723352,959,F1,1,,,,,
10-07-2026,10-07-2026,CM,BSE,STK,544765,INE1L3801017,VPAL,M,,,,,Vegorama Punjabi Angithi Limit,151,151.1,146,146,146,150.15,,146,,,16000,2372960,9,F1,1600,,,,,
10-07-2026,10-07-2026,CM,BSE,STK,544766,INF579M01BP5,MSCI360,B,,,,,360 ONE Mutual Fund,10.15,10.15,10.15,10.15,10.15,10.2,,10.15,,,50,507,1,F1,1,,,,,
10-07-2026,10-07-2026,CM,BSE,STK,544767,INE18HI01019,AFLTD,M,,,,,Autofurnish Limited,63,63,55,56.49,56.49,57.32,,56.49,,,54000,3130290,17,F1,3000,,,,,
10-07-2026,10-07-2026,CM,BSE,STK,544768,INE0YD301010,MANIVENI,M,,,,,M.R.MANIVENI FOODS LIMITED,34,34.09,32,34.01,34.01,34.09,,34.01,,,110000,3732020,10,F1,2000,,,,,
10-07-2026,10-07-2026,CM,BSE,STK,544769,INE1UYW01010,HARIKANTA,M,,,,,HARIKANTA OVERSEAS LIMITED,85,88.76,84,85,85,86.4,,85,,,28800,2477076,24,F1,1200,,,,,
10-07-2026,10-07-2026,CM,BSE,STK,544770,INE1T6L01010,YAASHVI,M,,,,,YAASHVI JEWELLERS LIMITED,80.2,81.7,74.1,76.4,76.4,80.6,,76.4,,,51200,4011520,31,F1,1600,,,,,
10-07-2026,10-07-2026,CM,BSE,STK,544771,INE1GM501015,RFIL,M,,,,,Rajnandini Fashion India Limit,38,38,37.25,37.25,37.25,38,,37.25,,,18000,676100,9,F1,2000,,,,,
10-07-2026,10-07-2026,CM,BSE,STK,544772,INE1KVL01010,AUREATE,M,,,,,AUREATE TRADDE LIMITED,33,34.72,33,34.72,34.72,33.07,,34.72,,,50000,1722920,19,F1,2000,,,,,
10-07-2026,10-07-2026,CM,BSE,STK,544773,INE1RQS01010,MRTX,M,,,,,Merritronix Limited,410,416.8,406,406.45,406,403.1,,406.45,,,102000,41781650,102,F1,1000,,,,,
10-07-2026,10-07-2026,CM,BSE,STK,544774,INE11XK01017,SMR,M,,,,,SMR Jewels Limited,94,94,85.95,92,92,92.85,,92,,,10000,898000,9,F1,1000,,,,,
10-07-2026,10-07-2026,CM,BSE,STK,544777,INE00WV01027,CMRGREEN,B,,,,,CMR Green Technologies Limited,226.9,227.75,219.05,223.8,223.5,224.6,,223.5,,,100806,22504879,1696,F1,1,,,,,
10-07-2026,10-07-2026,CM,BSE,STK,544778,INE0H3U01013,VAHH,M,,,,,Vahh Chemicals Limited,59,61,57.32,58.33,59,60.9,,58.33,,,26000,1525040,13,F1,2000,,,,,
10-07-2026,10-07-2026,CM,BSE,STK,544779,INE0YZ901011,UHMVL,M,,,,,UHM Vacation Limited,43.4,44.38,41.94,42.68,42.32,42.91,,42.68,,,25600,1106416,30,F1,800,,,,,
10-07-2026,10-07-2026,CM,BSE,STK,544780,INE1CDF01017,VAML,B,,,,,Vedanta Aluminium Metal Limite,450,459.75,442.2,443.35,443.35,444.45,,443.55,,,1235531,558557675,16307,F1,1,,,,,
10-07-2026,10-07-2026,CM,BSE,STK,544781,INE694L01019,VEDPOWER,B,,,,,Vedanta Power Limited,41.55,42.74,41.12,41.86,41.86,41.16,,41.83,,,2710337,113608620,8170,F1,1,,,,,
10-07-2026,10-07-2026,CM,BSE,STK,544782,INE704J01044,VOGL,B,,,,,Vedanta Oil and Gas Limited,38.65,40.2,38.47,38.74,38.74,37.96,,38.74,,,8015096,314410498,18845,F1,1,,,,,
10-07-2026,10-07-2026,CM,BSE,STK,544783,INE255Z01027,E2E,B,,,,,E2E Networks Limited,404,417.2,394.65,397.05,398.4,397.55,,397.9,,,63120,25584847,1371,F1,1,,,,,
10-07-2026,10-07-2026,CM,BSE,STK,544784,INE1CLE01013,VISL,B,,,,,Vedanta Iron and Steel Limited,32.96,34.68,32.88,34.68,34.68,33.03,,34.68,,,8761294,301668561,8760,F1,1,,,,,
10-07-2026,10-07-2026,CM,BSE,STK,544785,INE0JUI01012,HEXAGON,B,,,,,Hexagon Nutrition Limited,70.01,77.47,69.77,71.93,71.93,68.4,,71.75,,,433040,32130532,2608,F1,1,,,,,
10-07-2026,10-07-2026,CM,BSE,STK,544786,INE155D01018,SELECTRIC,B,,,,,Schneider Electric President S,2028,2130.3,1968.7,2130.3,2130.3,2028.9,,2130.3,,,88872,186972886,2603,F1,1,,,,,
10-07-2026,10-07-2026,CM,BSE,STK,544793,INE2L0V01019,SUSAN,M,,,,,Susan Electricals India Limite,227.9,231,222,223.45,222.3,225.3,,223.45,,,93000,20963450,87,F1,1000,,,,,
10-07-2026,10-07-2026,CM,BSE,STK,544794,INE1SEO01013,HORIZON,M,,,,,HORIZON RECLAIM (INDIA) LIMITE,144.5,144.5,139,139.5,139,141,,139.5,,,27600,3877680,23,F1,1200,,,,,
10-07-2026,10-07-2026,CM,BSE,STK,544795,INF109K1A476,SMALLIETF,B,,,,,ICICI Prudential Mutual Fund,18.26,18.26,18.08,18.08,18.08,17.87,,18.13,,,4030,72933,41,F1,1,,,,,
10-07-2026,10-07-2026,CM,BSE,STK,544796,INE0TKX01011,LIOTECH,M,,,,,LIOTECH INDUSTRIES LIMITED,124.8,124.8,124.8,124.8,124.8,138.65,,124.8,,,6400,798720,16,F1,400,,,,,
10-07-2026,10-07-2026,CM,BSE,STK,544797,INE0X6O01027,LESL,M,,,,,LEAPFROG ENGINEERING SERVICES,23.55,23.84,22.52,23.12,23,23.5,,23.12,,,288000,6740040,33,F1,6000,,,,,
10-07-2026,10-07-2026,CM,BSE,STK,544798,INE1OSI01014,DIKSHA,M,,,,,DIKSHA POLYMERS LIMITED,111,111,110,110,110,112,,110,,,4800,530400,4,F1,1200,,,,,
10-07-2026,10-07-2026,CM,BSE,STK,544799,INE0OC301013,TURTLEMINT,B,,,,,Turtlemint Fintech Solutions L,130.35,139.65,130.35,136.75,136.55,130.35,,136.78,,,279670,38036490,2654,F1,1,,,,,
10-07-2026,10-07-2026,CM,BSE,STK,544800,INE1O7201010,ANUBHAV,MT,,,,,ANUBHAV PLAST LIMITED,54.51,54.51,51.79,51.81,51.81,54.51,,51.81,,,25600,1338096,16,F1,1600,,,,,
10-07-2026,10-07-2026,CM,BSE,STK,544802,INE0LZF01013,CORDELIA,B,,,,,Waterways Leisure Tourism Limi,870,883.9,836.75,861.75,861.75,859.4,,862.05,,,132427,114244858,5179,F1,1,,,,,
10-07-2026,10-07-2026,CM,BSE,STK,544803,INE1SJO01012,RAMBHAJO,T,,,,,Advit Jewels Limited,180,180,173,177.45,179,177.35,,178.88,,,16825,2977047,268,F1,1,,,,,
10-07-2026,10-07-2026,CM,BSE,STK,544804,INE0KYI01012,RIYAASAT,MT,,,,,Riyaasat Lifestyle Limited,59.4,59.4,59.4,59.4,59.4,62.5,,59.4,,,7200,427680,5,F1,1200,,,,,
10-07-2026,10-07-2026,CM,BSE,STK,544805,INE0V3T01017,JIVIAL,MT,,,,,Jivial Industries Limited,116.65,116.65,116.65,116.65,116.65,122.75,,116.65,,,44400,5179260,32,F1,600,,,,,
10-07-2026,10-07-2026,CM,BSE,STK,544806,INE0ZK601013,CSM,T,,,,,CSM TECHNOLOGIES LIMITED,97.15,101.25,97.15,99.7,99.7,100.8,,100.3,,,18634,1853810,468,F1,1,,,,,
10-07-2026,10-07-2026,CM,BSE,STK,544807,INE0RBX01014,CRAZY,MT,,,,,CRAZY SNACKS LIMITED,47.25,48.56,47.25,48.35,48.56,46.25,,48.35,,,33000,1588110,11,F1,3000,,,,,
10-07-2026,10-07-2026,CM,BSE,STK,544808,INE2FMX01012,AASTHA,T,,,,,AASTHA SPINTEX LIMITED,122.85,122.9,122.85,122.9,122.9,117.05,,122.88,,,92133,11320387,597,F1,1,,,,,
10-07-2026,10-07-2026,CM,BSE,STK,544809,INE1SME01017,ADON,MT,,,,,ADON AGRO COMMODITIES LIMITED,80.2,81.35,79.15,79.3,79.3,81.71,,79.3,,,72000,5761520,24,F1,2000,,,,,
10-07-2026,10-07-2026,CM,BSE,STK,544810,INE147701010,SILL,MT,,,,,Sampark India Logistics Limite,101.01,101.01,97,97.76,97.01,96.2,,97.76,,,73600,7335952,39,F1,1600,,,,,
10-07-2026,10-07-2026,CM,BSE,STK,544811,INE1L0M01019,KRATIKAL,MT,,,,,KRATIKAL TECH LIMITED,171,179.95,168.7,179.95,179.95,171.4,,179.95,,,168000,29412800,138,F1,1000,,,,,
10-07-2026,10-07-2026,CM,BSE,STK,544812,INE226801012,ATHARVA,MT,,,,,Atharva Poly-Plast Limited,83.86,83.86,81,83.86,83.86,79.87,,83.86,,,248000,20735580,105,F1,2000,,,,,
10-07-2026,10-07-2026,CM,BSE,STK,544813,INE1EVO01017,SEEMAX,MT,,,,,Seemax Resources Limited,92,92,92,92,92,96.8,,92,,,4000,368000,3,F1,1000,,,,,
10-07-2026,10-07-2026,CM,BSE,STK,544814,INE17QZ01016,KNACK,B,,,,,KNACK PACKAGING LIMITED,198.25,220.85,197.35,209.95,209.95,194.55,,209.6,,,781017,164665669,8936,F1,1,,,,,
10-07-2026,10-07-2026,CM,BSE,STK,555555,INF346A01034,SENSEXIETF,A,,,,,ICICI Prudential BSE Sensex ET,889.95,892.4,887.11,890,890,884.54,,889.52,,,506,449825,33,F1,1,,,,,
10-07-2026,10-07-2026,CM,BSE,STK,570002,IN9623B01058,FELDVR,Z,,,,,Future Enterprises Limited,2.64,2.64,2.51,2.51,2.51,2.64,,2.55,,,151,388,6,F1,1,,,,,
10-07-2026,10-07-2026,CM,BSE,STK,570004,IN9175A01010,JISLDVREQS,B,,,,,JAIN IRRIGATION SYSTEMS LTD.,22.84,23.7,22.84,23.18,23.47,23.19,,23.46,,,393,9096,11,F1,1,,,,,
10-07-2026,10-07-2026,CM,BSE,STK,570005,INE224E01036,GATECHDVR,B,,,,,GACM Technologies Limited - DV,0.48,0.48,0.44,0.46,0.46,0.43,,0.44,,,142206,65390,32,F1,1,,,,,
10-07-2026,10-07-2026,CM,BSE,STK,590003,INE036D01028,KARURVYSYA,B,,,,,KARUR VYSYA BANK LTD.,299.9,308,298.05,305.8,305.15,295.6,,305.65,,,117314,35781879,1262,F1,1,,,,,
10-07-2026,10-07-2026,CM,BSE,STK,590005,INE484C01030,VEEDOL,B,,,,,VEEDOL CORPORATION LIMITED,1450.75,1459.8,1449,1456.4,1456.4,1444,,1454.9,,,404,587778,64,F1,1,,,,,
10-07-2026,10-07-2026,CM,BSE,STK,590006,INE098F01031,AMRUTANJAN,B,,,,,AMRUTANJAN HEALTH CARE LTD.,539.25,558.15,539.25,540.85,540,535.25,,538.2,,,2739,1497311,237,F1,1,,,,,
10-07-2026,10-07-2026,CM,BSE,STK,590013,INE445C01015,XPROINDIA,B,,,,,XPRO INDIA LTD.,1437.2,1465.65,1430,1456.75,1455,1437.2,,1457.7,,,2187,3161808,209,F1,1,,,,,
10-07-2026,10-07-2026,CM,BSE,STK,590018,INE598C01011,HISARMETAL,B,,,,,HISAR METAL INDUSTRIES LTD.,155,155,153,153.7,153,153.25,,152.8,,,3,461,3,F1,1,,,,,
10-07-2026,10-07-2026,CM,BSE,STK,590021,INE838B01021,BHARATRAS,B,,,,,BHARAT RASAYAN LTD.,1343.9,1351,1331,1339.65,1342,1317.65,,1341.6,,,1234,1653178,171,F1,1,,,,,
10-07-2026,10-07-2026,CM,BSE,STK,590022,INE962C01035,EASTSILK,T,,,,,EASTERN SILK INDUSTRIES LTD.,48.5,49,48.5,49,49,48,,51,,,36,1751,4,F1,1,,,,,
10-07-2026,10-07-2026,CM,BSE,STK,590024,INE188A01015,FACT,B,,,,,FERTILIZERS & CHEMICALS TRAVAN,850,870,850,855.85,854.5,850.1,,855.55,,,9833,8448750,497,F1,1,,,,,
10-07-2026,10-07-2026,CM,BSE,STK,590025,INE424C01010,GINNIFILA,T,,,,,GINNI FILAMENTS LTD.,55.99,55.99,51.6,53.16,52.75,53.33,,52.94,,,8534,452087,84,F1,1,,,,,
10-07-2026,10-07-2026,CM,BSE,STK,590030,INE147A01011,SPIC,B,,,,,SOUTHERN PETROCHEMICALS LTD.,67.25,68.46,67.25,68.24,68.1,67.03,,68.35,,,20208,1371968,294,F1,1,,,,,
10-07-2026,10-07-2026,CM,BSE,STK,590031,INE244A01016,DENORA,B,,,,,DE NORA INDIA LTD.,852.25,904,852.25,882.15,877.55,886.35,,886.25,,,530,469937,107,F1,1,,,,,
10-07-2026,10-07-2026,CM,BSE,STK,590041,INE641C01019,KAVDEFENCE,B,,,,,Kavveri Defence &amp; Wireless,63.3,63.3,61.3,62.73,62.51,62.43,,62.84,,,15734,980728,190,F1,1,,,,,
10-07-2026,10-07-2026,CM,BSE,STK,590051,INE667G01023,SAKSOFT,B,,,,,SAKSOFT LTD.,173.95,174,170,170.9,171.5,168.5,,171.05,,,60272,10354279,494,F1,1,,,,,
10-07-2026,10-07-2026,CM,BSE,STK,590056,INE498E01010,SALONA,B,,,,,SALONA COTSPIN LTD.,264.9,264.9,250,258.65,259,258.7,,253.55,,,65,16571,19,F1,1,,,,,
10-07-2026,10-07-2026,CM,BSE,STK,590057,INE217G01035,EQUIPPP,T,,,,,EQUIPPP SOCIAL IMPACT TECHNOLO,23.9,24.19,22.7,23.84,23.9,23.04,,23.52,,,9184,218704,19,F1,1,,,,,
10-07-2026,10-07-2026,CM,BSE,STK,590062,INE715B01021,ANDHRSUGAR,B,,,,,ANDHRA SUGARS LTD.,85.85,86.25,84.46,85.1,84.86,84.64,,85.17,,,20520,1751795,225,F1,1,,,,,
10-07-2026,10-07-2026,CM,BSE,STK,590065,INE547E01014,IMPAL,B,,,,,INDIA MOTOR PARTS & ACCESSORIE,1150,1165.5,1139.25,1155.05,1158.3,1158.25,,1147.5,,,248,286401,86,F1,1,,,,,
10-07-2026,10-07-2026,CM,BSE,STK,590066,INE805C01028,KCP,B,,,,,K.C.P.LTD.,174.85,174.85,169.85,170.75,171.05,172.65,,170.61,,,3991,684780,127,F1,1,,,,,
10-07-2026,10-07-2026,CM,BSE,STK,590071,INE660A01013,SUNDARMFIN,B,,,,,SUNDARAM FINANCE LTD.,4621.25,4644.35,4549.25,4573.2,4570,4615.1,,4574.9,,,1706,7831830,292,F1,1,,,,,
10-07-2026,10-07-2026,CM,BSE,STK,590072,INE073D01013,SUNDRMBRAK,T,,,,,SUNDARAM BRAKE LININGS LTD.,771.1,794.8,750.05,794.8,794.8,775.95,,777.25,,,33,25302,7,F1,1,,,,,
10-07-2026,10-07-2026,CM,BSE,STK,590073,INE715A01015,WHEELS,B,,,,,WHEELS INDIA LTD.,1453.25,1524.35,1450,1513.15,1501,1443.2,,1513.1,,,9008,13455333,650,F1,1,,,,,
10-07-2026,10-07-2026,CM,BSE,STK,590075,INE112F01022,LAMBODHARA,B,,,,,LAMBODHARA TEXTILES LTD.,108.5,113.4,108.5,109.05,109.05,106.75,,110.92,,,488,53727,80,F1,1,,,,,
10-07-2026,10-07-2026,CM,BSE,STK,590078,INE683C01011,MAITHANALL,B,,,,,MAITHAN ALLOYS LTD.,1010.6,1036,1010.6,1033.85,1031.65,1004.1,,1034.2,,,3067,3152709,262,F1,1,,,,,
10-07-2026,10-07-2026,CM,BSE,STK,590086,INE725E01024,ORISSAMINE,B,,,,,ORISSA MINERALS DEVELOPMENT CO,3815,3862.7,3760,3791.5,3805,3770.1,,3789.4,,,2431,9243033,320,F1,1,,,,,
10-07-2026,10-07-2026,CM,BSE,STK,590095,INF204KB17I5,GOLDBEES,E,,,,,NIPPON INDIA ETF GOLD BEES,118.41,120.3,115,118.18,118.18,118.41,,118.14,,,568976,67367279,5489,F1,1,,,,,
10-07-2026,10-07-2026,CM,BSE,STK,590096,INF732E01037,LIQUIDBEES,F,,,,,NIPPON INDIA ETF LIQUID BEES,1005,1005,999.99,1000,1000,1000,,1000,,,309930,309938243,944,F1,1,,,,,
10-07-2026,10-07-2026,CM,BSE,STK,590097,INF174KA1HJ8,GOLD1,E,,,,,KOTAK MAHINDRA MUTUAL FUND - K,119.56,119.91,118.96,119.31,119.31,119.56,,119.26,,,31137,3718292,801,F1,1,,,,,
10-07-2026,10-07-2026,CM,BSE,STK,590098,INF200KA16D8,SETFGOLD,E,,,,,SBI MUTUAL FUND - SBI GOLD EXC,122.1,124.18,121.25,121.9,122.03,122.14,,121.86,,,70328,8584123,1666,F1,1,,,,,
10-07-2026,10-07-2026,CM,BSE,STK,590099,INF082J01408,QGOLDHALF,E,,,,,QUANTUM GOLD FUND - EXCHANGE T,119,119.02,118.1,118.31,118.32,118.72,,118.29,,,9537,1130197,252,F1,1,,,,,
10-07-2026,10-07-2026,CM,BSE,STK,590101,INF789F1AUX7,GOLDBETA,E,,,,,UTI MUTUAL FUND - UTI GOLD EXC,120.98,120.98,120,120.19,120.29,120.44,,120.3,,,14535,1750144,525,F1,1,,,,,
10-07-2026,10-07-2026,CM,BSE,STK,590103,INF204KB14I2,NIFTYBEES,B,,,,,NIPPON INDIA ETF NIFTY BEES,265.77,275.36,264,275.25,275.25,272.59,,275.08,,,196781,54111585,4243,F1,1,,,,,
10-07-2026,10-07-2026,CM,BSE,STK,590104,INF732E01045,JUNIORBEES,B,,,,,NIPPON INDIA ETF JUNIOR BEES,775.31,782.81,775.31,782.27,782.7,771.44,,781.86,,,14227,11092208,646,F1,1,,,,,
10-07-2026,10-07-2026,CM,BSE,STK,590106,INF204KB15I9,BANKBEES,B,,,,,NIPPON INDIA ETF BANK BEES,593.77,601.97,593.77,600.18,600.18,592.63,,600.17,,,41752,25004296,1554,F1,1,,,,,
10-07-2026,10-07-2026,CM,BSE,STK,590107,INF174KA1A86,PSUBANK,B,,,,,KOTAK MAHINDRA MUTUAL FUND - K,83.25,85.5,83.1,84.64,85,822.56,,85.29,,,2476,208806,70,F1,1,,,,,
10-07-2026,10-07-2026,CM,BSE,STK,590108,INF204KB16I7,PSUBNKBEES,B,,,,,NIPPON INDIA ETF PSU BANK BEES,91.75,95.51,90.83,94.46,94.54,91.75,,94.36,,,150892,14132161,755,F1,1,,,,,
10-07-2026,10-07-2026,CM,BSE,STK,590109,INF732E01128,SHARIABEES,B,,,,,NIPPON INDIA ETF SHARIAH BEES,453.47,456.73,450,452.14,450,449.25,,452.12,,,578,261783,71,F1,1,,,,,
10-07-2026,10-07-2026,CM,BSE,STK,590110,INF082J01499,QNIFTY,B,,,,,Quantum Nifty 50 ETF,265.6,266.6,265.2,266.4,266.4,263.92,,266.28,,,479,127265,18,F1,1,,,,,
10-07-2026,10-07-2026,CM,BSE,STK,590113,INF204KB19I1,HNGSNGBEES,E,,,,,NIPPON INDIA ETF HANG SENG BEE,484.89,487.11,482,483.77,485.49,480.16,,483.92,,,5569,2705340,481,F1,1,,,,,
10-07-2026,10-07-2026,CM,BSE,STK,590115,INF247L01536,MOM50,B,,,,,MOTILAL OSWAL MUTUAL FUND,255.5,255.5,252.79,253.3,253.3,251.08,,252.77,,,87,22020,10,F1,1,,,,,
10-07-2026,10-07-2026,CM,BSE,STK,590134,INE414A01015,MADRASFERT,B,,,,,Madras Fertilizer Limited,68.06,68.94,67.86,67.98,68.25,67.22,,67.94,,,1136,77724,60,F1,1,,,,,
10-07-2026,10-07-2026,CM,BSE,STK,590136,INF174KA1ZB7,BANKNIFTY1,B,,,,,Kotak Mahindra Mutual Fund - P,59.86,60.34,59.84,60.12,60.12,59.33,,60.15,,,37820,2272936,179,F1,1,,,,,
10-07-2026,10-07-2026,CM,BSE,STK,590137,INF200KA1580,SETFNIFBK,B,,,,,SBI Mutual Fund-Permitted,583.56,596.82,573.99,594.83,594.98,588.71,,595.54,,,2032,1206742,58,F1,1,,,,,
10-07-2026,10-07-2026,CM,BSE,STK,590138,INF200KA1FS1,SETFNIF50,B,,,,,SBI Mutual Fund-Permitted,264.37,264.37,258.7,259.96,260.18,257.93,,260.02,,,15607,4055431,351,F1,1,,,,,
10-07-2026,10-07-2026,CM,BSE,STK,590139,INF174KA1LV5,LIQUID1,B,,,,,Kotak Mahindra Mutual Fund - P,1113.08,1113.08,1113.06,1113.08,1113.08,1112.61,,1113.06,,,10916,12150366,18,F1,1,,,,,
10-07-2026,10-07-2026,CM,BSE,STK,590140,INF277KA1976,TATAGOLD,E,,,,,Tata Mutual Fund - Permitted,13.71,14.1,13.71,13.89,13.89,13.91,,13.88,,,2401037,33405482,4915,F1,1,,,,,
10-07-2026,10-07-2026,CM,BSE,STK,590141,INF204KB15V2,ITBEES,B,,,,,Nippon India Mutual Fund - Per,29.73,31.46,29.73,31.03,31,30.5,,31.04,,,1305916,40673426,2319,F1,1,,,,,
10-07-2026,10-07-2026,CM,BSE,STK,590142,INF204KC1089,PHARMABEES,B,,,,,Nippon India Mutual Fund - Per,26.84,26.84,26.02,26.4,26.4,26.36,,26.43,,,329562,8686078,1400,F1,1,,,,,
10-07-2026,10-07-2026,CM,BSE,STK,590143,INF204KB1882,LTGILTBEES,F,,,,,Nippon India Mutual Fund - Per,29.96,30.02,29.93,30,30.02,29.96,,29.98,,,25975,778195,50,F1,1,,,,,
10-07-2026,10-07-2026,CM,BSE,STK,590144,INF204KB1V68,MID150BEES,B,,,,,Nippon India Mutual Fund - Per,236.67,239.94,236.67,239.83,239.94,235.9,,239.58,,,20231,4829467,258,F1,1,,,,,
10-07-2026,10-07-2026,CM,BSE,STK,590145,INF204KC1402,SILVERBEES,E,,,,,Nippon India Mutual Fund - Per,214,214.5,208.15,208.83,208.83,212.97,,208.83,,,1289476,270617650,9606,F1,1,,,,,
10-07-2026,10-07-2026,CM,BSE,STK,590146,INF247L01FY4,MOGOLD,E,,,,,Motilal Oswal Mutual Fund-Perm,141.46,142.51,141.12,141.59,141.65,141.64,,141.5,,,929379,132110291,71,F1,1,,,,,
10-07-2026,10-07-2026,CM,BSE,STK,590147,INF247L01FZ1,MOSILVER,E,,,,,Motilal Oswal Mutual Fund-Perm,217,217.11,216.24,216.51,216.51,219.5,,216.52,,,316,68507,13,F1,1,,,,,
10-07-2026,10-07-2026,CM,BSE,STK,590148,INF247L01CH6,MOSMALL250,B,,,,,Motilal Oswal Mutual Fund-Perm,18.4,18.4,18.1,18.24,18.25,17.96,,18.22,,,75747,1377805,116,F1,1,,,,,
10-07-2026,10-07-2026,CM,BSE,STK,590149,INF247L01EV3,MOCAPITAL,B,,,,,Motilal Oswal Mutual Fund-Perm,54.92,55.78,54.92,55.64,55.7,54.88,,55.7,,,76781,4256817,387,F1,1,,,,,
10-07-2026,10-07-2026,CM,BSE,STK,590150,INF247L01CI4,MOREALTY,B,,,,,Motilal Oswal Mutual Fund-Perm,88.84,93.6,88.84,93.45,93.3,90.27,,93.5,,,139559,12829217,346,F1,1,,,,,
10-07-2026,10-07-2026,CM,BSE,STK,590151,INF247L01DK8,MOMENTUM50,B,,,,,Motilal Oswal Mutual Fund-Perm,52.97,53.1,52.58,52.82,52.8,52.43,,52.88,,,99937,5276266,114,F1,1,,,,,
10-07-2026,10-07-2026,CM,BSE,STK,590152,INF247L01DJ0,MODEFENCE,B,,,,,Motilal Oswal Mutual Fund-Perm,101.63,105.04,101.63,104.25,104.36,102.26,,104.27,,,187957,19488179,590,F1,1,,,,,
10-07-2026,10-07-2026,CM,BSE,STK,590153,INF247L01BU1,MONIFTY500,B,,,,,Motilal Oswal Mutual Fund-Perm,23.75,23.98,23.74,23.95,23.83,23.74,,23.92,,,30672,731497,168,F1,1,,,,,
10-07-2026,10-07-2026,CM,BSE,STK,590154,INF174KA1IA5,ALPHA,B,,,,,Kotak Mahindra Mutual Fund - P,51,52,51,51.87,51.93,51.06,,51.91,,,30100,1560298,74,F1,1,,,,,
10-07-2026,10-07-2026,CM,BSE,STK,590155,INF666M01OF4,GROWWSLVR,E,,,,,GROWW MUTUAL FUND  PERMITTED,21.81,21.81,21.33,21.41,21.41,21.83,,21.39,,,91914,1987759,223,F1,1,,,,,
10-07-2026,10-07-2026,CM,BSE,STK,590156,INF666M01OE7,GROWWGOLD,E,,,,,GROWW MUTUAL FUND  PERMITTED,14.02,14.04,13.94,13.97,13.99,14,,13.96,,,78836,1102185,647,F1,1,,,,,
10-07-2026,10-07-2026,CM,BSE,STK,590157,INF666M01IO8,GROWWDEFNC,B,,,,,GROWW MUTUAL FUND  PERMITTED,93.79,95.15,93.5,95.03,95.13,93.32,,95.11,,,6592,624199,121,F1,1,,,,,
10-07-2026,10-07-2026,CM,BSE,STK,590158,INF666M01JJ6,GROWWRAIL,B,,,,,GROWW MUTUAL FUND  PERMITTED,28.52,29.08,28.52,28.99,29.04,28.51,,28.86,,,16747,483654,183,F1,1,,,,,
10-07-2026,10-07-2026,CM,BSE,STK,590159,INF666M01IP5,GROWWLIQID,F,,,,,GROWW MUTUAL FUND  PERMITTED,109.88,109.88,109.87,109.88,109.88,109.82,,109.87,,,5168,567813,4,F1,1,,,,,
10-07-2026,10-07-2026,CM,BSE,STK,590160,INF277K015R5,NETF,B,,,,,Tata Mutual Fund - Permitted,257.39,262.08,257.39,262.08,262.08,260,,262.45,,,232,60761,4,F1,1,,,,,
10-07-2026,10-07-2026,CM,BSE,STK,590161,INF277KA1984,TATSILV,E,,,,,Tata Mutual Fund - Permitted,21.2,22.15,21.16,21.23,21.23,21.65,,21.21,,,1778211,37966375,4987,F1,1,,,,,
10-07-2026,10-07-2026,CM,BSE,STK,717506,INE494B04019,TVSMNCRPS,F,,,,,TVS Motor Company Ltd.,10.38,10.43,10.35,10.36,10.35,10.38,,10.4,,,45412,470680,27,F1,1,,,,,
10-07-2026,10-07-2026,CM,BSE,STK,751123,INE235C20010,SUMEET-RE,R,,,,,Sumeet Industries Ltd,2.45,2.45,2.24,2.28,2.28,2.4,,2.26,,,716444,1683779,267,F1,1,,,,,
10-07-2026,10-07-2026,CM,BSE,STK,751124,INE245H20018,MTPL-RE,R,,,,,MARG TECHNO PROJECTS LIMITED,0.89,1.06,0.85,1.05,1.04,0.89,,1.05,,,37463,37274,20,F1,1,,,,,
10-07-2026,10-07-2026,CM,BSE,STK,751126,INE187R20011,CCDL-RE,R,,,,,Consecutive Commodities Limite,0.04,0.04,0.04,0.04,0.04,0.04,,0.04,,,2599779,103991,202,F1,1,,,,,
10-07-2026,10-07-2026,CM,BSE,STK,800177,IN0020130053,92GS2030,G,,,,,920GOI2030,115,117,115,117,117,115,,115.9,,,3601,414117,3,F1,1,,,,,
10-07-2026,10-07-2026,CM,BSE,STK,800212,IN0020010081,1018GS2026,G,,,,,1018GOI2026,105,105,103,105,105,105,,104.11,,,21,2203,4,F1,1,,,,,
10-07-2026,10-07-2026,CM,BSE,STK,800249,IN0020150044,813CG2045A,G,,,,,813CG2045,112.75,112.75,112.75,112.75,112.75,112.75,,112.75,,,1,112,1,F1,1,,,,,
10-07-2026,10-07-2026,CM,BSE,STK,800313,IN0020190537,SGBJ28VIII,G,,,,,Sovereign Gold Bonds 2019-20 S,14250.01,14310,14250.01,14310,14310,14670,,14250.01,,,16,228535,4,F1,1,,,,,
10-07-2026,10-07-2026,CM,BSE,STK,800315,IN0020190552,SGBMAR28X,G,,,,,Sovereign Gold Bonds 2019-20 S,14725,14725,14725,14725,14725,14290,,14527.5,,,12,176700,3,F1,1,,,,,
10-07-2026,10-07-2026,CM,BSE,STK,800318,IN0020200062,SGBAPR28I,G,,,,,Sovereign Gold Bonds 2020-21 S,14444.99,14444.99,14305,14305,14305,14328.41,,14308.59,,,11,157559,6,F1,1,,,,,
10-07-2026,10-07-2026,CM,BSE,STK,800320,IN0020200088,SGBMAY28,G,,,,,Sovereign Gold Bonds 2020-21 S,14499.94,14499.94,14329.7,14329.7,14329.7,14275,,14295.85,,,2,28829,2,F1,1,,,,,
10-07-2026,10-07-2026,CM,BSE,STK,800324,IN0020200146,SGBJUL28IV,G,,,,,Sovereign Gold Bond 2020-21 IV,14300,14370,14300,14370,14370,14308.63,,14339.91,,,34,486270,2,F1,1,,,,,
10-07-2026,10-07-2026,CM,BSE,STK,800325,IN0020200161,SGBAUG28V,G,,,,,Sovereign Gold Bonds 2020-21 V,14345,14345,14345,14345,14345,14345,,14319.57,,,19,272555,5,F1,1,,,,,
10-07-2026,10-07-2026,CM,BSE,STK,800328,IN0020200203,SGBOC28VII,G,,,,,Sovereign Gold Bonds 2020-21 S,14290,14290,14290,14290,14290,14232,,14326.72,,,2,28580,2,F1,1,,,,,
10-07-2026,10-07-2026,CM,BSE,STK,800329,IN0020200286,SGBN28VIII,G,,,,,Sovereign Gold Bonds 2020-21 S,14300,14300,14300,14300,14300,14300,,14340.89,,,5,71500,3,F1,1,,,,,
10-07-2026,10-07-2026,CM,BSE,STK,800333,IN0020200393,SGBFEB29XI,G,,,,,SGB 2020-21 SERIES XI,14310.5,14310.5,14281,14282.25,14281,14271,,14287.52,,,17,242826,3,F1,1,,,,,
10-07-2026,10-07-2026,CM,BSE,STK,800334,IN0020200401,676GS2061,G,,,,,676GOI2061,94.5,94.5,93.25,93.25,93.25,93.5,,93.24,,,3546,331540,4,F1,1,,,,,
10-07-2026,10-07-2026,CM,BSE,STK,800340,IN0020210053,SGBMAY29I,G,,,,,SGB 2021-22 Series I,14340,14340,14340,14340,14340,14298.35,,14307.33,,,20,286800,1,F1,1,,,,,
10-07-2026,10-07-2026,CM,BSE,STK,800367,IN0020210111,SGBJUL29IV,G,,,,,Sovereign Gold Bond Series IV,14390,14390,14301,14380.77,14301,14300,,14361.98,,,30,431423,3,F1,1,,,,,
10-07-2026,10-07-2026,CM,BSE,STK,800386,IN0020210145,SGBSEP29VI,G,,,,,Sovereign Gold Bonds 2021-22 S,14380,14380,14380,14380,14380,14385,,14365,,,1,14380,1,F1,1,,,,,
10-07-2026,10-07-2026,CM,BSE,STK,800434,IN0020210178,SGBNV29VII,G,,,,,Sovereign Gold Bonds 2021-22 S,14330,14330,14330,14330,14330,14200,,14300.75,,,11,157630,2,F1,1,,,,,
10-07-2026,10-07-2026,CM,BSE,STK,800438,IN0020210236,SGBJAN30IX,G,,,,,Soveriegn Gold Bonds 2021-22 S,14351,14351,14351,14351,14351,14220,,14353.45,,,2,28702,2,F1,1,,,,,
10-07-2026,10-07-2026,CM,BSE,STK,800439,IN0020210319,SGBMAR30X,G,,,,,Sovereign Gold Bonds 2021-22 S,14321,14354.38,14276,14354.38,14354.38,14378.17,,14321.93,,,14,200292,5,F1,1,,,,,
10-07-2026,10-07-2026,CM,BSE,STK,800441,IN0020220029,754GS2036,G,,,,,754GOI2036,106.55,106.95,106.55,106.85,106.85,106.4,,106.86,,,601,64266,3,F1,1,,,,,
10-07-2026,10-07-2026,CM,BSE,STK,800443,IN0020220045,SGBJUN30,G,,,,,Sovereign Gold Bonds 2022-23 S,14465,14465,14201,14201,14201,14367,,14361,,,9,128899,4,F1,1,,,,,
10-07-2026,10-07-2026,CM,BSE,STK,800488,IN0020220078,SGBAUG30,G,,,,,Sovereign Gold Bonds 2022-23 S,14419.89,14549.99,14419.89,14476,14453,14340.77,,14479,,,22,318752,14,F1,1,,,,,
10-07-2026,10-07-2026,CM,BSE,STK,800573,IN0020220110,SGBDE30III,G,,,,,Soverign Gold Bond 2022-23 Sr,14395,14437.81,14300.01,14346.3,14430,14368.45,,14349.1,,,22,316156,12,F1,1,,,,,
10-07-2026,10-07-2026,CM,BSE,STK,800575,IN0020220169,SGBMAR31IV,G,,,,,Sovereign Gold Bond 2022-23 Sr,14525.01,14525.01,14500,14500,14500,14500,,14519.77,,,8,116026,6,F1,1,,,,,
10-07-2026,10-07-2026,CM,BSE,STK,800580,IN0020230069,SGBJUN31I,G,,,,,Sovereign Gold Bonds 2023-24 S,14411,14687.54,14411,14474.33,14471,14614.47,,14486.7,,,88,1275350,32,F1,1,,,,,
10-07-2026,10-07-2026,CM,BSE,STK,800584,IN0020230051,73GS2053,G,,,,,73GOI2053,99.6,99.6,99.6,99.6,99.6,100.55,,99.95,,,4300,428280,1,F1,1,,,,,
10-07-2026,10-07-2026,CM,BSE,STK,800588,IN0020230044,725GS2063,G,,,,,725GOI2063,98.2,98.4,98.2,98.25,98.25,98.15,,98.18,,,24240,2384586,5,F1,1,,,,,
10-07-2026,10-07-2026,CM,BSE,STK,800596,IN0020230093,SGBSEP31II,G,,,,,Sovereign Gold Bonds 2023-24 S,14606.36,14658.95,14475,14519.57,14525,14606.36,,14549.14,,,91,1325666,30,F1,1,,,,,
10-07-2026,10-07-2026,CM,BSE,STK,800598,IN0020230077,718GS2037,G,,,,,718GS2037,105.95,105.95,105.95,105.95,105.95,105.3,,106.32,,,5000,529750,2,F1,1,,,,,
10-07-2026,10-07-2026,CM,BSE,STK,800603,IN0020230168,SGBDE31III,G,,,,,Sovereign Gold Bonds 2023-24 S,14730,14754.98,14607,14637.73,14620,14690.9,,14624.39,,,188,2759226,81,F1,1,,,,,
10-07-2026,10-07-2026,CM,BSE,STK,800605,IN0020230184,SGBFEB32IV,G,,,,,Sovereign Gold Bonds 2023-24 S,14838,14875.01,14700,14745.84,14756,14738.95,,14758.89,,,92,1362021,39,F1,1,,,,,
10-07-2026,10-07-2026,CM,BSE,STK,800607,IN0020240035,734GS2064,G,,,,,734GOI2064,99.55,100,99.55,99.7,99.7,100.1,,100,,,5908,589594,12,F1,1,,,,,
10-07-2026,10-07-2026,CM,BSE,STK,800807,IN0020240142,709GOI74,G,,,,,709GOI74,96,96.3,96,96.3,96.3,96.3,,96.29,,,16253,1560904,7,F1,1,,,,,
10-07-2026,10-07-2026,CM,BSE,STK,800809,IN0020250075,724GOI55,G,,,,,724GOI55,101.35,101.7,101.35,101.6,101.5,102.25,,101.68,,,7225,732560,10,F1,1,,,,,
10-07-2026,10-07-2026,CM,BSE,STK,800815,IN0020250117,743GOI2076,G,,,,,743GOI2076,104.5,104.5,104.5,104.5,104.5,103.2,,104.45,,,3000,313500,1,F1,1,,,,,
10-07-2026,10-07-2026,CM,BSE,STK,805156,IN002025Z377,364T101226,G,,,,,364T101226,96.73,96.73,96.73,96.73,96.73,95.03,,96.95,,,500,48365,1,F1,1,,,,,
10-07-2026,10-07-2026,CM,BSE,STK,805238,IN002026X149,91TB081026,G,,,,,91TB081026,97.86,97.86,97.86,97.86,97.86,0,,97.86,,,500,48930,1,F1,1,,,,,
10-07-2026,10-07-2026,CM,BSE,STK,810976,IN1520230138,755GJ31,G,,,,,755GUJSDL31,98.5,98.5,98.5,98.5,98.5,98.2,,98.5,,,101,9948,4,F1,1,,,,,
10-07-2026,10-07-2026,CM,BSE,STK,810981,IN1520230195,766GJ32,G,,,,,766GUJSDL32,98.5,98.5,98.5,98.5,98.5,100,,98.5,,,300,29550,1,F1,1,,,,,
10-07-2026,10-07-2026,CM,BSE,STK,811126,IN4520260022,807TGSDL56,G,,,,,807TGSDL56,99,100,99,100,100,99,,100,,,2300,229345,9,F1,1,,,,,
10-07-2026,10-07-2026,CM,BSE,STK,811142,IN3320260075,759UPSDL42,G,,,,,759UPSDL42,100.3,100.3,100.3,100.3,100.3,0,,100.3,,,53200,5335960,1,F1,1,,,,,
10-07-2026,10-07-2026,CM,BSE,STK,890221,IN9572J01019,SSFLPP,B,,,,,Spandana Sphoorty Financial Li,163,170,161,165.4,165.45,161.1,,165.4,,,228,37310,20,F1,1,,,,,
10-07-2026,10-07-2026,CM,BSE,STK,890228,IN90NN701011,ATLPP,B,,,,,Allcargo Terminals Limited,9,9.45,9,9.37,9.38,9.43,,9.35,,,771,7052,7,F1,1,,,,,
10-07-2026,10-07-2026,CM,BSE,STK,890230,IN9849B01026,ACESEPP,X,,,,,Ace Software Exports ltd.,47.85,55.39,45.13,45.32,45.13,48.97,,45.32,,,3219,147981,86,F1,1,,,,,
10-07-2026,10-07-2026,CM,BSE,STK,890231,IN9161F01019,ANIRITPP,XT,,,,,ANIRIT VENTURES LIMITED,23.09,23.09,23.09,23.09,23.09,24.3,,23.09,,,1346,31079,8,F1,1,,,,,
10-07-2026,10-07-2026,CM,BSE,STK,890232,IN90GGO01013,KRISHPP,B,,,,,KRISHIVAL FOODS LIMITED,133.9,134.6,127,133.05,128.05,112.2,,131.15,,,20276,2656625,41,F1,1,,,,,
10-07-2026,10-07-2026,CM,BSE,STK,890234,IN9316D01014,VERTEXPP,XT,,,,,Vertex Securities Ltd.,1.54,1.6,1.54,1.55,1.54,1.54,,1.55,,,2323,3636,14,F1,1,,,,,
10-07-2026,10-07-2026,CM,BSE,STK,890238,IN9736H01014,GSAILPP,X,,,,,G.S. Auto International Ltd.,7.5,7.6,7.17,7.17,7.17,7.4,,7.17,,,24221,180497,32,F1,1,,,,,
10-07-2026,10-07-2026,CM,BSE,STK,935548,INE020B07JU4,743REC35,F,,,,,REC-7.43%-5-11-35-S-3B-NCD,1220,1220,1220,1220,1220,1188,,1216.75,,,411,501420,2,F1,1,,,,,
10-07-2026,10-07-2026,CM,BSE,STK,935574,INE053F07835,753IRFC30,F,,,,,IRFC-7.53%-21-12-30-TAXFREENCD,1139,1139,1126.11,1126.11,1126.11,1124.05,,1125.5,,,50,56446,3,F1,1,,,,,
10-07-2026,10-07-2026,CM,BSE,STK,935682,INE053F07900,764IRFC31,F,,,,,IRFC-7.64%-22-3-31-NCDS,1135,1135,1135,1135,1135,1135.5,,1136.01,,,5,5675,1,F1,1,,,,,
10-07-2026,10-07-2026,CM,BSE,STK,935690,INE261F07032,764NABAR31,F,,,,,NABARD-7.64%-23-3-31-NCDS,1103.5,1103.5,1103.5,1103.5,1103.5,1100.32,,1104.9,,,29,32001,1,F1,1,,,,,
10-07-2026,10-07-2026,CM,BSE,STK,935856,INE148I07GJ7,865SCL26,F,,,,,SCL-8.65%-26-9-26-NCDS,1000,1000,1000,1000,1000,985.8,,1002.5,,,202,202000,4,F1,1,,,,,
10-07-2026,10-07-2026,CM,BSE,STK,935860,INE148I07GL3,9SCL26BA,F,,,,,SCL-9%-26-9-26-NCDS,1061,1061,1061,1061,1061,1062.66,,1059.1,,,2,2122,1,F1,1,,,,,
10-07-2026,10-07-2026,CM,BSE,STK,936224,INE651J07622,975JMFCS28,F,,,,,JMFCSL-9.75%-7-6-28-NCD,1030,1040,1030,1040,1040,1022.98,,1040,,,2402,2486382,9,F1,1,,,,,
10-07-2026,10-07-2026,CM,BSE,STK,936226,INE651J07630,934JMFCS28,F,,,,,JMFCSL-9.34%-7-6-28-NCD,1020,1020,1020,1020,1020,1020,,1020,,,20,20400,1,F1,1,,,,,
10-07-2026,10-07-2026,CM,BSE,STK,936236,INE721A07NX5,94SFL28,F,,,,,SFL-9.40%-12-7-28-NCD,1045,1045,1045,1045,1045,1045,,1045,,,125,130625,3,F1,1,,,,,
10-07-2026,10-07-2026,CM,BSE,STK,936252,INE804I078Y8,943ECL28,F,,,,,EFL-9.43%-6-8-28-NCD,983,1000.12,983,1000.12,1000.12,1002.15,,1000.06,,,193,191361,3,F1,1,,,,,
10-07-2026,10-07-2026,CM,BSE,STK,936294,INE306N08292,910TCAP28,F,,,,,TCAP-9.10%-27-9-28-NCD,1101,1125,1101,1125,1125,1107,,1125,,,14,15654,2,F1,1,,,,,
10-07-2026,10-07-2026,CM,BSE,STK,936332,INE721A07OF0,97SFL28,F,,,,,SFL-9.70%-2-11-28-NCD,1100,1100,1087,1087,1087,1090,,1087,,,66,72522,2,F1,1,,,,,
10-07-2026,10-07-2026,CM,BSE,STK,936398,INE804IA7014,1015ECL29,F,,,,,EFL-10.15%-4-1-29-NCD,1019,1024,1019,1020,1020,1017,,1018.99,,,6,6122,6,F1,1,,,,,
10-07-2026,10-07-2026,CM,BSE,STK,936412,INE774D07SW9,93MMFSL27,F,,,,,MMFSL-9.3%-18-1-27-NCD,1032,1033,1031.5,1032.52,1033,1031.17,,1032.52,,,30,30975,4,F1,1,,,,,
10-07-2026,10-07-2026,CM,BSE,STK,936416,INE774D08MP4,95MMFSL29,F,,,,,MMFSL-9.5%-18-1-29-NCD,1100.09,1142.1,1100.09,1102.5,1102.5,1100.09,,1102.5,,,89,98791,5,F1,1,,,,,
10-07-2026,10-07-2026,CM,BSE,STK,936532,INE027E07998,898LTF29,F,,,,,LTF-8.98%-13-3-29-NCD,1075,1075,1075,1075,1075,1071.99,,1075,,,1,1075,1,F1,1,,,,,
10-07-2026,10-07-2026,CM,BSE,STK,936810,INE306N07LM5,865TCAPS27,F,,,,,TCAP-8.65%-26-8-27-NCD,1081,1081,1080,1080,1080,1079.99,,1081,,,47,50780,4,F1,1,,,,,
10-07-2026,10-07-2026,CM,BSE,STK,936959,INE360T07082,MHFLZC26,F,,,,,MHFL-ZC-7-9-26-NCD,1942.8,1960,1920.2,1960,1960,1920.2,,1960,,,174,339884,11,F1,1,,,,,
10-07-2026,10-07-2026,CM,BSE,STK,936975,INE804IA7246,995ECL29,F,,,,,ECL-9.95%-28-11-29-NCD,1000,1000,1000,1000,1000,997.75,,1000,,,11,11000,1,F1,1,,,,,
10-07-2026,10-07-2026,CM,BSE,STK,936977,INE804IA7253,104ECL29,F,,,,,ECL-10.4%-28-11-29-NCD,1052,1052,1052,1052,1052,1052,,1052,,,150,157800,1,F1,1,,,,,
10-07-2026,10-07-2026,CM,BSE,STK,937129,INE101Q07615,MMLZC27,F,,,,,MML-ZC-17-3-27-NCD,1841.2,1841.2,1841.2,1841.2,1841.2,1764,,1841.2,,,170,313004,1,F1,1,,,,,
10-07-2026,10-07-2026,CM,BSE,STK,937345,INE532F07BP6,953EFSL31,F,,,,,EFSL-9.53%-8-1-31-NCD,990,990,990,990,990,990,,990,,,100,99000,1,F1,1,,,,,
10-07-2026,10-07-2026,CM,BSE,STK,937377,INE134E07AP6,683PFCL31,F,,,,,PFCL-6.83%-22-1-31-NCD,1005,1005,1005,1005,1005,999,,1005,,,150,150750,2,F1,1,,,,,
10-07-2026,10-07-2026,CM,BSE,STK,937381,INE134E07AR2,697PFCL36,F,,,,,PFCL-6.97%-22-1-36-NCD,990,990,990,990,990,995,,990,,,140,138600,3,F1,1,,,,,
10-07-2026,10-07-2026,CM,BSE,STK,937385,INE134E07AT8,715PFCL36,F,,,,,PFCL-7.15%-22-1-36-NCD,1010,1010,1010,1010,1010,1008,,1010,,,1500,1515000,3,F1,1,,,,,
10-07-2026,10-07-2026,CM,BSE,STK,937409,INE549K08178,9MFL27,F,,,,,MFL-9%-29-1-27-NCD,986.2,995,986.2,995,995,995,,995,,,102,100698,3,F1,1,,,,,
10-07-2026,10-07-2026,CM,BSE,STK,937443,INE549K08210,94MFL27A,F,,,,,MFL-9.4%-15-3-27-NCD,1015.5,1015.5,1015.5,1015.5,1015.5,1010.01,,1015.5,,,100,101550,1,F1,1,,,,,
10-07-2026,10-07-2026,CM,BSE,STK,937451,INE549K08228,MFLZC27E,F,,,,,MFL-ZC-15-3-27-NCD,1580,1580,1580,1580,1580,1581.5,,1580,,,10,15800,1,F1,1,,,,,
10-07-2026,10-07-2026,CM,BSE,STK,937453,INE530B08094,10IIFL28A,F,,,,,IFL-10%-24-6-28-NCD,1019.51,1019.51,1019.51,1019.51,1019.51,1030,,1023.38,,,144,146809,2,F1,1,,,,,
10-07-2026,10-07-2026,CM,BSE,STK,937455,INE530B08102,96IIFL28A,F,,,,,IFL-9.6%-24-6-28-NCD,1004.49,1004.49,1001.11,1001.11,1001.11,1003.45,,1002.96,,,12,12023,4,F1,1,,,,,
10-07-2026,10-07-2026,CM,BSE,STK,937537,INE219X07264,82IGT31,F,,,,,IGT-8.2%-6-5-31-INVIT-NCD,1029,1029,1020,1020,1020,1015,,1019,,,204,208100,4,F1,1,,,,,
10-07-2026,10-07-2026,CM,BSE,STK,937581,INE516Y07428,9PFL31A,F,,,,,PFL-9%-23-07-31-NCD,1018,1018,1002.55,1017,1017,1002.51,,1016,,,3090,3105601,36,F1,1,,,,,
10-07-2026,10-07-2026,CM,BSE,STK,937595,INE302E08084,1050SFL26,F,,,,,SFL-10.50%-29-8-26-NCD,1000,1000,1000,1000,1000,1000,,1000,,,99,99000,4,F1,1,,,,,
10-07-2026,10-07-2026,CM,BSE,STK,937619,INE477L08147,10IIFL28,F,,,,,IHFL-10%-3-11-28-NCD,1080.01,1080.01,1078.25,1078.25,1078.25,1076.44,,1081.05,,,718,774711,3,F1,1,,,,,
10-07-2026,10-07-2026,CM,BSE,STK,937621,INE477L08154,96IIFL28,F,,,,,IHFL-9.60%-3-11-28-NCD,1000.03,1004.9,1000.03,1000.3,1000.3,1000.03,,1000.4,,,65,65153,3,F1,1,,,,,
10-07-2026,10-07-2026,CM,BSE,STK,937637,INE532F07CI9,93EFSL31,F,,,,,EFSL-9.30%-10-9-31-NCD,979.8,980,965.1,966.79,970,970,,966.79,,,950,919107,9,F1,1,,,,,
10-07-2026,10-07-2026,CM,BSE,STK,937679,INE148I07KN1,889SCL26,F,,,,,SCL-9.25%-24-9-26-NCD,1061,1061,1061,1061,1061,1062.5,,1061,,,300,318300,2,F1,1,,,,,
10-07-2026,10-07-2026,CM,BSE,STK,937681,INE148I07KP6,975SCL28,F,,,,,SCL-8.89%-24-9-26-NCD,1000,1000,1000,1000,1000,1000,,1000.73,,,2,2000,1,F1,1,,,,,
10-07-2026,10-07-2026,CM,BSE,STK,937703,INE403Q07CD1,KFLZC28B,F,,,,,KSFL-ZC-29-9-28-NCD,1515,1515,1515,1515,1515,1583.91,,1515,,,100,151500,1,F1,1,,,,,
10-07-2026,10-07-2026,CM,BSE,STK,937709,INE523H07BP1,791JMFPL26,F,,,,,JMFPL-7.91%-7-10-26-NCD,988.3,988.3,988.3,988.3,988.3,988.3,,988.3,,,5,4941,1,F1,1,,,,,
10-07-2026,10-07-2026,CM,BSE,STK,937721,INE530B07161,842IIFL26,F,,,,,IIFL-8.42%-14-10-26-NCD,999,999,996,996,996,1005,,996,,,80,79830,3,F1,1,,,,,
10-07-2026,10-07-2026,CM,BSE,STK,937725,INE530B07187,IIFLZC26,F,,,,,IIFL-ZC-14-10-26-NCD,1465.2,1465.2,1465.2,1465.2,1465.2,1450.2,,1471.3,,,190,278388,2,F1,1,,,,,
10-07-2026,10-07-2026,CM,BSE,STK,937805,INE532F07CT6,93EFSL31A,F,,,,,EFSL-9.30%-28-12-31-NCD,979.3,979.3,975.01,979,979,979.3,,979,,,86,83959,5,F1,1,,,,,
10-07-2026,10-07-2026,CM,BSE,STK,937807,INE532F07CU4,97EFSL31A,F,,,,,EFSL-9.7%-28-12-31-NCD,1017,1017,1017,1017,1017,1015,,1017,,,20,20340,1,F1,1,,,,,
10-07-2026,10-07-2026,CM,BSE,STK,937885,INE549K07BB0,850MFL27,F,,,,,MFL-8.50%-2-2-27-NCD,992,992,992,992,992,991,,992,,,1,992,1,F1,1,,,,,
10-07-2026,10-07-2026,CM,BSE,STK,937971,INE148I07LV2,889SCL27,F,,,,,SCL-8.89%-28-4-27-NCD,1000,1000,1000,1000,1000,1000.8,,1000,,,30,30000,1,F1,1,,,,,
10-07-2026,10-07-2026,CM,BSE,STK,937999,INE530L07475,915NIDO27,F,,,,,NIDO-9.15%-29-4-27-NCD,995,995,991.11,991.11,991.11,995,,991.11,,,210,208172,3,F1,1,,,,,
10-07-2026,10-07-2026,CM,BSE,STK,938005,INE530L07509,930NIDO32,F,,,,,NIDO-9.30%-29-4-32-NCD,990,990,990,990,990,995,,990,,,55,54450,2,F1,1,,,,,
10-07-2026,10-07-2026,CM,BSE,STK,938067,INE414G07GM1,MFLII27,F,,,,,MFL-23-6-27-NCD,918,918,918,918,918,997,,918,,,5,4590,1,F1,1,,,,,
10-07-2026,10-07-2026,CM,BSE,STK,938073,INE414G07GP4,MFLV29,F,,,,,MFL-23-6-29-NCD,980,980,980,980,980,1001.17,,980,,,100,98000,1,F1,1,,,,,
10-07-2026,10-07-2026,CM,BSE,STK,938111,INE523L07744,953NWIL32,F,,,,,NWIL-9.53%-15-7-32-NCD,1005,1014,1000,1014,1014,1010.5,,1014,,,2000,2012098,7,F1,1,,,,,
10-07-2026,10-07-2026,CM,BSE,STK,938180,INE148I07ML1,905SC24B,F,,,,,SCL-9.15%-28-9-27-NCD,920.5,920.5,920.5,920.5,920.5,999,,920.5,,,1,920,1,F1,1,,,,,
10-07-2026,10-07-2026,CM,BSE,STK,938196,INE01I507653,1050KLM27,F,,,,,KLMAFL-10.50%-16-10-27-NCD,1005,1005,1005,1005,1005,1009,,1005,,,2,2010,2,F1,1,,,,,
10-07-2026,10-07-2026,CM,BSE,STK,938218,INE532F07DD8,965EFSL32,F,,,,,EFSL-9.65%-20-10-32-NCD,980,980,977,977.62,977,973.83,,977.62,,,743,726712,12,F1,1,,,,,
10-07-2026,10-07-2026,CM,BSE,STK,938222,INE0H7R07017,79NHIT35,F,,,,,NHIT-25-10-35-INVIT,309.4,309.4,309.4,309.4,309.4,305.55,,308.2,,,23,7116,1,F1,1,,,,,
10-07-2026,10-07-2026,CM,BSE,STK,938224,INE0H7R07025,79NHIT40,F,,,,,NHIT-25-10-40-INVIT,312,315,312,312.61,312.61,310.67,,313.85,,,891,278925,7,F1,1,,,,,
10-07-2026,10-07-2026,CM,BSE,STK,938258,INE148I07MZ1,93SCL24A,F,,,,,SCL-9.15%-03-11-27-NCD,999.9,999.9,999.9,999.9,999.9,999.9,,999.9,,,10,9999,1,F1,1,,,,,
10-07-2026,10-07-2026,CM,BSE,STK,938264,INE414G07GY6,MFLV27,F,,,,,MFL-3-11-27-NCD,1044,1044,1044,1044,1044,1044.4,,1044,,,1,1044,1,F1,1,,,,,
10-07-2026,10-07-2026,CM,BSE,STK,938284,INE414G07HH9,750MFL27,F,,,,,MFL-7.50%-23-12-27-NCD,975,975,975,975,975,996,,975,,,40,39000,1,F1,1,,,,,
10-07-2026,10-07-2026,CM,BSE,STK,938294,INE414G07HG1,MFLZC27,F,,,,,MFL-ZC-23-12-27-NCD,1285.2,1305,1285.2,1305,1305,1267,,1305,,,300,389500,5,F1,1,,,,,
10-07-2026,10-07-2026,CM,BSE,STK,938330,INE051307AB8,115CCIL28,F,,,,,CCIL-11.50%-11-1-28-NCD,1007,1007,1007,1007,1007,1006,,1007,,,410,412870,1,F1,1,,,,,
10-07-2026,10-07-2026,CM,BSE,STK,938364,INE532F07DK3,967EFSL28D,F,,,,,EFSL-9.67%-20-1-28-NCD,977,1000,977,1000,1000,999.99,,1000,,,44,43715,5,F1,1,,,,,
10-07-2026,10-07-2026,CM,BSE,STK,938368,INE532F07DG1,EFSLZC28,F,,,,,EFSL-Zero Coupon-20-1-28-NCD,1384.8,1384.8,1384.8,1384.8,1384.8,1380,,1384.8,,,20,27696,1,F1,1,,,,,
10-07-2026,10-07-2026,CM,BSE,STK,938370,INE532F07DH9,10EFSL33B,F,,,,,EFSL-10%-20-1-33-NCD,1002,1002,1000,1000,1000,994,,1000,,,396,396006,2,F1,1,,,,,
10-07-2026,10-07-2026,CM,BSE,STK,938372,INE532F07DI7,1045EFS33A,F,,,,,EFSL-10.45%-20-1-33-NCD,1030,1030,1021.5,1021.5,1021.5,1029.8,,1021.5,,,130,133560,4,F1,1,,,,,
10-07-2026,10-07-2026,CM,BSE,STK,938382,INE530B07310,865IIFL28,F,,,,,IIFL-8.65%-25-1-28-NCD,991,991,988,988,988,991,,990,,,537,531990,5,F1,1,,,,,
10-07-2026,10-07-2026,CM,BSE,STK,938424,INE549K07BU0,850MFL28,F,,,,,MFL-8.50%-2-2-28-NCD,985,985,985,985,985,985,,985,,,1,985,1,F1,1,,,,,
10-07-2026,10-07-2026,CM,BSE,STK,938462,INE01I507737,1050KLMA28,F,,,,,KLMAFL-10.50%-9-3-28-NCD,1024,1024,1024,1024,1024,990,,1024,,,5,5120,2,F1,1,,,,,
10-07-2026,10-07-2026,CM,BSE,STK,938466,INE01I507752,KAFLZC30,F,,,,,KLMAFL-Zero Coupon-9-1-30-NCD,1190,1190,1190,1190,1190,1239,,1190,,,347,412930,1,F1,1,,,,,
10-07-2026,10-07-2026,CM,BSE,STK,938524,INE532F07DT4,967EFSL28,F,,,,,EFSL-9.67%-27-4-28-NCD,1005,1005,1005,1005,1005,1000,,1005,,,69,69345,1,F1,1,,,,,
10-07-2026,10-07-2026,CM,BSE,STK,938542,INE403Q07DM0,KFL26A,F,,,,,KFL-28-7-26-NCD,1305.8,1305.8,1305.8,1305.8,1305.8,1300,,1305.8,,,70,91406,2,F1,1,,,,,
10-07-2026,10-07-2026,CM,BSE,STK,938608,INE302E07532,SFL30,F,,,,,SFL-08-06-30-NCD,1287,1287,1287,1287,1287,1287,,1287,,,50,64350,1,F1,1,,,,,
10-07-2026,10-07-2026,CM,BSE,STK,938658,INE532F07EG9,967EFS28,F,,,,,EFSL-9.67%-21-7-28-NCD,995.13,1003.9,995.13,996.21,996.21,999.99,,996.21,,,430,428383,10,F1,1,,,,,
10-07-2026,10-07-2026,CM,BSE,STK,938666,INE532F07DZ1,1045EFS33,F,,,,,EFSL-10.45%-21-7-33-NCD,1004,1004.4,1004,1004.4,1004.4,1000,,1004.4,,,85,85366,2,F1,1,,,,,
10-07-2026,10-07-2026,CM,BSE,STK,938698,INE134E07CF3,750PFCL26,F,,,,,PFC-750%-1-8-26-NCD,1069.69,1069.69,1069.69,1069.69,1069.69,1069.6,,1069.69,,,47,50275,2,F1,1,,,,,
10-07-2026,10-07-2026,CM,BSE,STK,938800,INE549K07CJ1,MFL26F,F,,,,,MFL-20-9-26-NCD,1275.8,1275.8,1274,1275,1275,1260,,1275,,,81,103241,4,F1,1,,,,,
10-07-2026,10-07-2026,CM,BSE,STK,938850,INE148I07PV3,888SCL25E,F,,,,,SCL-10.25%-26-9-33-NCD,880,880,880,880,880,840,,886,,,12,10560,1,F1,1,,,,,
10-07-2026,10-07-2026,CM,BSE,STK,938862,INE403Q07DV1,10KFL27,F,,,,,KFL-10%-27-9-27-NCD,997,997,997,997,997,995,,997,,,14,13958,3,F1,1,,,,,
10-07-2026,10-07-2026,CM,BSE,STK,938878,INE414G07IP0,MFL26A,F,,,,,MFL-4-10-26-NCD,1261.8,1261.8,1261.8,1261.8,1261.8,1251.2,,1261.8,,,132,166557,1,F1,1,,,,,
10-07-2026,10-07-2026,CM,BSE,STK,938882,INE860H07IQ0,8ABCL26,F,,,,,ABCL-8%-9-10-26-NCD,1060.4,1060.5,1060.4,1060.45,1060.5,1059,,1060.03,,,200,212090,3,F1,1,,,,,
10-07-2026,10-07-2026,CM,BSE,STK,938898,INE532F07EQ8,920EFSL26A,F,,,,,EFSL-9.20%-26-10-26-NCD,995,995,995,995,995,995,,995,,,101,100495,1,F1,1,,,,,
10-07-2026,10-07-2026,CM,BSE,STK,938942,INE051307AM5,1150CCIL28,F,,,,,CCIL-11.50%-2-11-28-NCD,1049.9,1049.9,1049.9,1049.9,1049.9,1000,,1049.9,,,15,15748,1,F1,1,,,,,
10-07-2026,10-07-2026,CM,BSE,STK,938952,INE140A07740,905PFL26,F,,,,,PFL-9.05%-3-11-26-NCD,1060.5,1060.5,1060.5,1060.5,1060.5,1060.5,,1060.5,,,22,23331,1,F1,1,,,,,
10-07-2026,10-07-2026,CM,BSE,STK,938978,INE148I07QK4,948SCL26A,F,,,,,SCL-9.48%-9-11-26-NCD,389.85,389.85,389.85,389.85,389.85,389.88,,389.85,,,847,330202,1,F1,1,,,,,
10-07-2026,10-07-2026,CM,BSE,STK,939164,INE403Q07ED7,10KFL28,F,,,,,KFL-10%-17-1-28-NCD,855,855,855,855,855,997,,855,,,1,855,1,F1,1,,,,,
10-07-2026,10-07-2026,CM,BSE,STK,939194,INE532F07EX4,EFSL27A,F,,,,,EFSL-29-1-27-NCD,1231.2,1245.5,1231.01,1245.5,1245.5,1236,,1245.5,,,380,470426,3,F1,1,,,,,
10-07-2026,10-07-2026,CM,BSE,STK,939196,INE532F07EY2,967EFSL29,F,,,,,EFSL-9.67%-29-1-29-NCD,1001,1001,1001,1001,1001,1068,,1001,,,1,1001,1,F1,1,,,,,
10-07-2026,10-07-2026,CM,BSE,STK,939206,INE414G07IW6,825MFL27,F,,,,,MFL-8.25%-25-1-27-NCD,998,1000,998,1000,1000,1000,,1000,,,45,44950,5,F1,1,,,,,
10-07-2026,10-07-2026,CM,BSE,STK,939218,INE414G07IX4,MFL29,F,,,,,MFL-25-1-29-NCD,1230.06,1230.06,1230.06,1230.06,1230.06,1230,,1230.06,,,1,1230,1,F1,1,,,,,
10-07-2026,10-07-2026,CM,BSE,STK,939276,INE302E07649,1025SFL29,F,,,,,SFL-10.25%-27-2-29-NCD,990,990,990,990,990,1000,,990,,,91,90090,2,F1,1,,,,,
10-07-2026,10-07-2026,CM,BSE,STK,939409,INE532F07FL6,96EFSL27,F,,,,,EFSL9.6%-29-4-27-NCD,1000.2,1000.2,993,993,993,993.2,,993,,,200,199968,2,F1,1,,,,,
10-07-2026,10-07-2026,CM,BSE,STK,939473,INE338I07149,91MOFSL27,F,,,,,MOFSL-9.1%-9-5-27-NCD,1018,1018,1016.25,1016.25,1016.25,1016,,1016.25,,,118,120089,3,F1,1,,,,,
10-07-2026,10-07-2026,CM,BSE,STK,939481,INE338I07115,93MOFSL34,F,,,,,MOFSL-9.3%-9-5-34-NCD,1069,1069.5,1069,1069.5,1069.5,1130,,1069.5,,,101,107994,4,F1,1,,,,,
10-07-2026,10-07-2026,CM,BSE,STK,939557,INE248U07FG8,955ONE27,F,,,,,360ONEPL-9.55%-12-6-27-NCD,1000.3,1000.3,1000.3,1000.3,1000.3,1000.53,,1000.3,,,60,60018,1,F1,1,,,,,
10-07-2026,10-07-2026,CM,BSE,STK,939623,INE532F07FU7,1004EFSL29,F,,,,,EFSL-10.04%-26-7-29-NCD,1005,1005,1005,1005,1005,1007,,1005,,,100,100500,1,F1,1,,,,,
10-07-2026,10-07-2026,CM,BSE,STK,939631,INE532F07FZ6,1049EFSL34,F,,,,,EFSL-10.49%-26-7-34-NCD,1017,1017,1001,1001,1001,1005,,1001,,,87,88463,2,F1,1,,,,,
10-07-2026,10-07-2026,CM,BSE,STK,939639,INE103C07025,10SMCGSL26,F,,,,,SMCGSL-10%-07-8-26-NCD,1090,1090,1089,1089,1089,1089,,1089,,,50,54458,2,F1,1,,,,,
10-07-2026,10-07-2026,CM,BSE,STK,939659,INE403Q07EU1,1025KFL29,F,,,,,KFL-10.25%-6-8-29-NCD,1000,1000,1000,1000,1000,1000,,1000,,,75,75000,2,F1,1,,,,,
10-07-2026,10-07-2026,CM,BSE,STK,939721,INE423A07351,925AEL26,F,,,,,AEL-9.25%-12-9-26-NCD,1071.99,1071.99,1071.99,1071.99,1071.99,1071.99,,1071.99,,,1,1071,1,F1,1,,,,,
10-07-2026,10-07-2026,CM,BSE,STK,939733,INE423A07344,99AEL29,F,,,,,AEL-9.90%-12-9-29-NCD,1181,1181,1181,1181,1181,1110,,1090,,,50,59050,1,F1,1,,,,,
10-07-2026,10-07-2026,CM,BSE,STK,939743,INE549K07EI9,965MFCL30,F,,,,,MFCL-9.65%-16-9-30-NCD,1030,1030,1030,1030,1030,1030,,1030,,,3,3090,1,F1,1,,,,,
10-07-2026,10-07-2026,CM,BSE,STK,939745,INE549K07EH1,940MFCL26,F,,,,,MFCL-9.40%-16-9-26-NCD,1080,1080,1080,1080,1080,1055.51,,1080,,,70,75600,1,F1,1,,,,,
10-07-2026,10-07-2026,CM,BSE,STK,939753,INE549K07EL3,MFCL160924,F,,,,,MFCL-16-9-26-NCD,1171.8,1171.8,1171.8,1171.8,1171.8,1162.21,,1171.8,,,260,304668,3,F1,1,,,,,
10-07-2026,10-07-2026,CM,BSE,STK,939797,INE148I07UW1,1075SCL34C,F,,,,,SCL-10.75%-25-9-34-NCD,1025,1025,1025,1025,1025,1035,,1025,,,200,205000,4,F1,1,,,,,
10-07-2026,10-07-2026,CM,BSE,STK,939829,INE530L07921,1049NHFL34,F,,,,,NHFL-10.49%-8-10-34-NCD,1013.99,1013.99,1013.99,1013.99,1013.99,1014.99,,1013.99,,,25,25349,2,F1,1,,,,,
10-07-2026,10-07-2026,CM,BSE,STK,939863,INE549K07EU4,9MFCL2026,F,,,,,MFCL-9%-30-10-26-NCD,997,997,997,997,997,991,,997,,,35,34895,1,F1,1,,,,,
10-07-2026,10-07-2026,CM,BSE,STK,939923,INE01CY078R1,1250ICLF29,F,,,,,ICLFL-12.20%-02-12-29-NCD,1020.99,1020.99,1020.99,1020.99,1020.99,1020.99,,1020.99,,,3,3062,1,F1,1,,,,,
10-07-2026,10-07-2026,CM,BSE,STK,939963,INE403Q07EY3,10KFL27C,F,,,,,KFL-10%-11-12-27-NCD,968.5,968.5,968.5,968.5,968.5,997,,968.5,,,501,485218,4,F1,1,,,,,
10-07-2026,10-07-2026,CM,BSE,STK,939969,INE403Q07FB8,KFL121224E,F,,,,,KFL-11-12-28-NCD,1123,1123,1123,1123,1123,1123,,1123,,,10,11230,1,F1,1,,,,,
10-07-2026,10-07-2026,CM,BSE,STK,940043,INE530L07996,1003NHFL30,F,,,,,NHFL-10.03%-6-1-30-NCD,996,996,996,996,996,998,,996,,,1,996,1,F1,1,,,,,
10-07-2026,10-07-2026,CM,BSE,STK,940053,INE549K07EZ3,9MFLIII27,F,,,,,MFLIII-9%-10-1-27-NCD,995,995,995,995,995,996,,995,,,350,348250,1,F1,1,,,,,
10-07-2026,10-07-2026,CM,BSE,STK,940055,INE549K07FJ4,925MFL28,F,,,,,MFLIII-9.25%-10-1-28-NCD,995,1003,995,1003,1003,990,,1003,,,70,69810,2,F1,1,,,,,
10-07-2026,10-07-2026,CM,BSE,STK,940075,INE549K07FL0,MFL10125B,F,,,,,MFLIII-10-1-31-NCD,1134,1134,1134,1134,1134,1121.97,,1134,,,300,340200,1,F1,1,,,,,
10-07-2026,10-07-2026,CM,BSE,STK,940099,INE532F07GP5,EFSL240125,F,,,,,EFSL-24-1-27-NCD,1118.2,1118.2,1118.2,1118.2,1118.2,1118.2,,1118.2,,,10,11182,1,F1,1,,,,,
10-07-2026,10-07-2026,CM,BSE,STK,940103,INE532F07GZ4,10EFSL28,F,,,,,EFSL-10%-24-1-28-NCD,1025.61,1025.61,1025.5,1025.5,1025.5,1024.01,,1025.5,,,100,102558,2,F1,1,,,,,
10-07-2026,10-07-2026,CM,BSE,STK,940133,INE01CY079D9,ICLF27125A,F,,,,,ICLFL-27-1-28-NCD,990,990,990,990,990,990,,990,,,1,990,1,F1,1,,,,,
10-07-2026,10-07-2026,CM,BSE,STK,940159,INE549K07FM8,9MFLIV27,F,,,,,MFLIV-9%-24-2-27-NCD,992,993,992,992.83,992.11,992,,992.83,,,63,62522,5,F1,1,,,,,
10-07-2026,10-07-2026,CM,BSE,STK,940161,INE549K07FU1,925MFLIV28,F,,,,,MFLIV-9.25%-24-2-28-NCD,1013,1013,1013,1013,1013,1003,,1013,,,100,101300,2,F1,1,,,,,
10-07-2026,10-07-2026,CM,BSE,STK,940179,INE549K07FO4,MFL24225A,F,,,,,MFLIV-24-2-27-NCD,1120,1120,1120,1120,1120,1097.01,,1120,,,2,2240,1,F1,1,,,,,
10-07-2026,10-07-2026,CM,BSE,STK,940227,INE0IID07553,13PCL30,F,,,,,PCL-13%-20-3-30-NCD,1014,1014,1014,1014,1014,1003,,1014,,,1,1014,1,F1,1,,,,,
10-07-2026,10-07-2026,CM,BSE,STK,940243,INE530L07AJ3,NHF030425,F,,,,,NHFL-3-4-28-NCD,1096.2,1112.8,1096.2,1112.8,1112.8,1078.8,,1112.8,,,260,287170,2,F1,1,,,,,
10-07-2026,10-07-2026,CM,BSE,STK,940263,INE403Q07FM5,KFL150425,F,,,,,KFL-14-10-26-NCD,1099.8,1099.8,1099.8,1099.8,1099.8,1078.2,,1099.8,,,3,3299,2,F1,1,,,,,
10-07-2026,10-07-2026,CM,BSE,STK,940269,INE403Q07FH5,10KFL28B,F,,,,,KFL-10%-14-4-28-NCD,995,995,995,995,995,995,,995,,,35,34825,3,F1,1,,,,,
10-07-2026,10-07-2026,CM,BSE,STK,940341,INE532F07HF4,1050EFS30E,F,,,,,EFSL-10.50%-30-04-30-NCD,1003.2,1003.2,1003,1003,1003,1003.2,,1003,,,100,100302,3,F1,1,,,,,
10-07-2026,10-07-2026,CM,BSE,STK,940353,INE101Q07BC5,MML130525,F,,,,,MML-12-11-26-NCD,1090.5,1090.5,1090.5,1090.5,1090.5,1097.8,,1090.5,,,10,10905,1,F1,1,,,,,
10-07-2026,10-07-2026,CM,BSE,STK,940385,INE549K07GA1,9MFL27B,F,,,,,MFL-9%-19-5-27-NCD,994,995,994,994.66,994.01,995,,994.66,,,600,596600,4,F1,1,,,,,
10-07-2026,10-07-2026,CM,BSE,STK,940399,INE549K07GH6,10MFL31,F,,,,,MFL-10%-19-5-31-NCD,1001.05,1001.05,1001.05,1001.05,1001.05,1001.05,,1001.05,,,10,10010,1,F1,1,,,,,
10-07-2026,10-07-2026,CM,BSE,STK,940425,INE530L07AU0,NHFL2725,F,,,,,NHFL-02-07-27-NCD,1079,1079,1079,1079,1079,1078.8,,1079,,,15,16185,1,F1,1,,,,,
10-07-2026,10-07-2026,CM,BSE,STK,940435,INE530L07AS4,1030NHFL30,F,,,,,NHFL-10.30%-02-07-30-NCD,995,995,995,995,995,1029.4,,995,,,3,2985,1,F1,1,,,,,
10-07-2026,10-07-2026,CM,BSE,STK,940439,INE530L07AQ8,1025NHFL35,F,,,,,NHFL-10.25%-02-07-35-NCD,1000,1020,1000,1000,1000,1000,,1000,,,2329,2329500,24,F1,1,,,,,
10-07-2026,10-07-2026,CM,BSE,STK,940457,INE549K07GQ7,980MFCL31,F,,,,,MFCL-9.80%-16-7-31-NCD,1020,1020,1017,1019.5,1017,1031,,1019.5,,,30,30585,2,F1,1,,,,,
10-07-2026,10-07-2026,CM,BSE,STK,940459,INE549K07GY1,MFCL16725,F,,,,,MFCL-16-7-27-NCD,1078.7,1078.8,1078.7,1078.8,1078.8,1079.99,,1078.8,,,206,222217,2,F1,1,,,,,
10-07-2026,10-07-2026,CM,BSE,STK,940513,INE532F07HS7,EFSL24725A,F,,,,,EFSL-24-7-30-NCD,1079.8,1079.8,1060.2,1071.96,1079.8,1060.2,,1071.96,,,43,46235,4,F1,1,,,,,
10-07-2026,10-07-2026,CM,BSE,STK,940517,INE532F07HQ1,1003EFSL35,F,,,,,EFSL-10.03%-24-7-35-NCD,1004.3,1004.3,995,1004.3,1004.3,994.99,,1004.3,,,32,32044,5,F1,1,,,,,
10-07-2026,10-07-2026,CM,BSE,STK,940523,INE01I507AN1,95KAFL26,F,,,,,KAFL-9.5%-1-9-26-NCD,986.85,986.85,986.85,986.85,986.85,996,,986.85,,,100,98685,1,F1,1,,,,,
10-07-2026,10-07-2026,CM,BSE,STK,940545,INE05F407DH9,MML310725,F,,,,,MML-4-9-26-NCD,1084.8,1084.8,1084.8,1084.8,1084.8,1084.8,,1084.8,,,1,1084,1,F1,1,,,,,
10-07-2026,10-07-2026,CM,BSE,STK,940619,INE01CY079Z2,IFL200828C,F,,,,,IFL-20-6-31-NCD,901,905.99,890.02,905.99,905.99,901,,905.99,,,40,35950,6,F1,1,,,,,
10-07-2026,10-07-2026,CM,BSE,STK,940637,INE101Q07BL6,925MML27,F,,,,,MML-9.25%-29-8-27-NCD,995,997,993.5,997,997,996,,997,,,405,403090,6,F1,1,,,,,
10-07-2026,10-07-2026,CM,BSE,STK,940643,INE101Q07BJ0,105MML30,F,,,,,MML-10.5%-29-8-30-NCD,1063,1063,1063,1063,1063,1063,,1063,,,10,10630,1,F1,1,,,,,
10-07-2026,10-07-2026,CM,BSE,STK,940649,INE530L07BD4,935NHFL28,F,,,,,NHFL-9.35%-10-09-28-NCD,987.8,987.8,987.8,987.8,987.8,980.2,,987.8,,,46,45438,3,F1,1,,,,,
10-07-2026,10-07-2026,CM,BSE,STK,940663,INE530L07AZ9,1050NHFL35,F,,,,,NHFL-10.50%-10-09-35-NCD,1055.2,1055.22,1054.2,1054.2,1054.2,1055.06,,1054.2,,,70,73854,4,F1,1,,,,,
10-07-2026,10-07-2026,CM,BSE,STK,940673,INE532F07IG0,EFSL071025,F,,,,,EFSL-7-10-28-NCD,1030.2,1049.8,1030.2,1049.8,1049.8,1026,,1049.8,,,140,145600,3,F1,1,,,,,
10-07-2026,10-07-2026,CM,BSE,STK,940675,INE532F07ID7,958EFSL30,F,,,,,EFSL-9.58%-7-10-30-NCD,997,997,997,997,997,990,,997,,,200,199400,2,F1,1,,,,,
10-07-2026,10-07-2026,CM,BSE,STK,940691,INE180C07221,89CGCL27,F,,,,,CGCL-8.9%-13-4-27-NCD,1050.01,1050.01,1050.01,1050.01,1050.01,1050,,1050.01,,,140,147001,2,F1,1,,,,,
10-07-2026,10-07-2026,CM,BSE,STK,940697,INE180C07197,945CGCL30,F,,,,,CGCL-9.45%-13-10-30-NCD,1035.99,1035.99,1035.99,1035.99,1035.99,1032,,1035.99,,,9,9323,1,F1,1,,,,,
10-07-2026,10-07-2026,CM,BSE,STK,940699,INE180C07213,97CGCL35,F,,,,,CGCL-9.7%-13-10-35-NCD,1098,1098,1098,1098,1098,1068,,1098,,,12,13176,1,F1,1,,,,,
10-07-2026,10-07-2026,CM,BSE,STK,940703,INE0BUS07CF0,IML301025,F,,,,,IML-31-10-26-NCD,1045,1045,1044,1044,1044,1044,,1044,,,57,59555,4,F1,1,,,,,
10-07-2026,10-07-2026,CM,BSE,STK,940705,INE0BUS07CE3,975IML27,F,,,,,IML-9.75%-30-10-27-NCD,995,995,995,995,995,995,,995,,,22,21890,1,F1,1,,,,,
10-07-2026,10-07-2026,CM,BSE,STK,940713,INE0BUS07CC7,1125IML30,F,,,,,IML-11.25%-30-10-30-NCD,1001,1007,1000,1006.99,1006.99,1001.05,,1006.99,,,1268,1273518,20,F1,1,,,,,
10-07-2026,10-07-2026,CM,BSE,STK,940715,INE0BUS07CA1,IML301025D,F,,,,,IML-30-10-31-NCD,995,995,991.05,991.05,991.05,999.99,,991.05,,,606,602930,2,F1,1,,,,,
10-07-2026,10-07-2026,CM,BSE,STK,940721,INE103C07140,10SGSL28,F,,,,,SGSL-10%-30-10-28-NCD,1050,1050,1050,1050,1050,1050,,1050,,,20,21000,1,F1,1,,,,,
10-07-2026,10-07-2026,CM,BSE,STK,940725,INE103C07173,98SGSL30,F,,,,,SGSL-9.8%-30-10-30-NCD,1000,1000,1000,1000,1000,1000,,1000,,,201,201000,7,F1,1,,,,,
10-07-2026,10-07-2026,CM,BSE,STK,940727,INE103C07165,1025SGSL30,F,,,,,SGSL-10.25%-30-10-30-NCD,1065,1065,1064.95,1064.96,1064.96,1098,,1064.96,,,490,521829,3,F1,1,,,,,
10-07-2026,10-07-2026,CM,BSE,STK,940757,INE051307CC2,CCL101125B,F,,,,,CCIL-10-9-31-NCD,940,940,940,940,940,940,,940,,,10,9400,1,F1,1,,,,,
10-07-2026,10-07-2026,CM,BSE,STK,940767,INE01CYA7146,ICLF021225,F,,,,,ICLFL-02-01-27-NCD,1028.2,1028.2,1028.2,1028.2,1028.2,1037.2,,1028.2,,,100,102820,1,F1,1,,,,,
10-07-2026,10-07-2026,CM,BSE,STK,940785,INE532F07IQ9,940EFSL28,F,,,,,EFSL-9.40%-12-12-28-NCD,1015.2,1020,1015.2,1015.2,1015.2,1015.2,,1015.2,,,300,305040,3,F1,1,,,,,
10-07-2026,10-07-2026,CM,BSE,STK,940795,INE532F07IJ4,967EFSL35,F,,,,,EFSL-9.67-12-12-35-NCD,995,995,994,994.5,994,999,,994.5,,,100,99450,2,F1,1,,,,,
10-07-2026,10-07-2026,CM,BSE,STK,940799,INE01I507AY8,950KAFL27,F,,,,,KAFL-9.50%-19-1-27-NCD,989,989,987,987,987,987,,987,,,46,45412,2,F1,1,,,,,
10-07-2026,10-07-2026,CM,BSE,STK,940819,INE05F407DM9,MML191225,F,,,,,MML-23-1-27-NCD,1029.25,1029.25,1029.25,1029.25,1029.25,1036,,1029.25,,,22,22643,2,F1,1,,,,,
10-07-2026,10-07-2026,CM,BSE,STK,940835,INE05F407DU2,MML191225D,F,,,,,MML-19-3-32-NCD,1002,1002,1002,1002,1002,1002.67,,1002,,,87,87174,1,F1,1,,,,,
10-07-2026,10-07-2026,CM,BSE,STK,940837,INE0IID07744,125PCL28,F,,,,,PCL-12.5%-29-12-28-NCD,998,998,993.1,993.1,993.1,992.5,,993.1,,,40,39813,8,F1,1,,,,,
10-07-2026,10-07-2026,CM,BSE,STK,940841,INE0IID07769,13PCL30A,F,,,,,PCL-13%-29-12-30-NCD,1000,1020,1000,1005,1005,1003.58,,1005,,,397,401708,10,F1,1,,,,,
10-07-2026,10-07-2026,CM,BSE,STK,940847,INE423A07492,848AEL29,F,,,,,AEL-8.48%-12-1-29-NCD,1006.75,1006.75,1006.75,1006.75,1006.75,1006.75,,1007.38,,,20,20135,1,F1,1,,,,,
10-07-2026,10-07-2026,CM,BSE,STK,940859,INE549K07HE1,837MFL28,F,,,,,MFL-8.37%-12-2-28-NCD,991,991,991,991,991,977,,991,,,4,3964,1,F1,1,,,,,
10-07-2026,10-07-2026,CM,BSE,STK,940861,INE549K07HH4,852MFL29,F,,,,,MFL-8.52%-12-2-29-NCD,1000,1000,970.5,970.5,970.5,989.5,,970.5,,,592,586351,4,F1,1,,,,,
10-07-2026,10-07-2026,CM,BSE,STK,940862,INE549K07HG6,865MFL31,F,,,,,MFL-8.65%-12-2-31-NCD,971,971,971,971,971,972,,971,,,100,97100,1,F1,1,,,,,
10-07-2026,10-07-2026,CM,BSE,STK,940872,INE549K07HI2,91MFL32,F,,,,,MFL-9.1%-12-2-32-NCD,986,995,986,995,995,986,,995,,,170,169060,5,F1,1,,,,,
10-07-2026,10-07-2026,CM,BSE,STK,940874,INE549K07HP7,MFL120226,F,,,,,MFL-12-2-28-NCD,1005.74,1006,1005.4,1005.4,1005.4,997.5,,1005.4,,,151,151840,6,F1,1,,,,,
10-07-2026,10-07-2026,CM,BSE,STK,940886,INE403Q07GU6,9KFL2029,F,,,,,KFL-9%-19-2-29-NCD,969,975,962,962.53,962,969.44,,962.53,,,134,129238,16,F1,1,,,,,
10-07-2026,10-07-2026,CM,BSE,STK,940933,INE530B07658,837IIFL28,F,,,,,IIFL-8.37%-6-3-28-NCD,988.5,990.8,982.22,982.22,982.22,982.97,,985,,,320,315805,7,F1,1,,,,,
10-07-2026,10-07-2026,CM,BSE,STK,940939,INE530B07617,870IIFL28,F,,,,,IIFL-8.70%-6-3-28-NCD,1023.79,1023.79,1023.79,1023.79,1023.79,1003,,1023.79,,,3,3071,1,F1,1,,,,,
10-07-2026,10-07-2026,CM,BSE,STK,940943,INE530B07609,9IIFL31,F,,,,,IIFL-9%-06-03-31-NCD,1000,1000,990.1,990.1,990.1,990.06,,994.55,,,30,29901,2,F1,1,,,,,
10-07-2026,10-07-2026,CM,BSE,STK,940955,INE0IID07785,13PCL31,F,,,,,PCL-13%-16-3-31-NCD,1000,1000,1000,1000,1000,1000,,1000,,,25,25000,1,F1,1,,,,,
10-07-2026,10-07-2026,CM,BSE,STK,940959,INE051307CG3,1080CCIL28,F,,,,,CCIL-10.80%-18-03-28-NCD,975,975,975,975,975,975,,975,,,2,1950,1,F1,1,,,,,
10-07-2026,10-07-2026,CM,BSE,STK,940963,INE051307CF5,12CCIL31,F,,,,,CCIL-12%-18-04-31-NCD,1020,1020,1020,1020,1020,1020,,1020,,,47,47940,1,F1,1,,,,,
10-07-2026,10-07-2026,CM,BSE,STK,940981,INE532F07IV9,921EFSL31,F,,,,,EFSL-18-3-31-NCD,990,990,990,990,990,982,,990,,,19,18810,1,F1,1,,,,,
10-07-2026,10-07-2026,CM,BSE,STK,940989,INE532F07JB9,10EFSL36,F,,,,,EFSL-10%-18-3-36-NCD,990.02,990.02,990.02,990.02,990.02,990.01,,990.02,,,43,42570,1,F1,1,,,,,
10-07-2026,10-07-2026,CM,BSE,STK,940991,INE549K07HR3,837MFL28A,F,,,,,MFL-8.37%-25-3-28-NCD,983.8,983.8,983.8,983.8,983.8,983.8,,983.8,,,4,3935,2,F1,1,,,,,
10-07-2026,10-07-2026,CM,BSE,STK,941015,INE01CYA7369,10ICLFL027,F,,,,,ICLFL-10%-28-05-27-NCD,970,978.98,960,978.32,978.98,962,,978.32,,,310,299394,14,F1,1,,,,,
10-07-2026,10-07-2026,CM,BSE,STK,941033,INE01CYA7336,ICLF28426,F,,,,,ICLFL-ZC-28-04-32-NCD,898,898,898,898,898,897,,898,,,38,34124,5,F1,1,,,,,
10-07-2026,10-07-2026,CM,BSE,STK,941035,INE180C07288,9CGCL028,F,,,,,CGCL-9%-30-4-28-NCD,988.4,1018,988.4,991.07,991.07,1000,,991.07,,,80,80710,15,F1,1,,,,,
10-07-2026,10-07-2026,CM,BSE,STK,941043,INE180C07338,930CGCL31,F,,,,,CGCL-9.30%-30-4-31-NCD,1000,1000,980,980,980,1001,,980,,,15,14800,2,F1,1,,,,,
10-07-2026,10-07-2026,CM,BSE,STK,941047,INE549K07IE9,851MFL28,F,,,,,MFL-8.51%-12-5-28-NCD,985,988.8,985,988.8,988.8,984.99,,988.8,,,52,51246,3,F1,1,,,,,
10-07-2026,10-07-2026,CM,BSE,STK,941049,INE549K07IF6,865MFL29,F,,,,,MFL-8.65%-12-5-29-NCD,995.99,995.99,995.99,995.99,995.99,975.5,,995.99,,,1,995,1,F1,1,,,,,
10-07-2026,10-07-2026,CM,BSE,STK,941051,INE549K07IG4,879MFL31,F,,,,,MFL-8.79%-12-5-31-NCD,981,991,981,991,991,980,,991,,,6,5896,2,F1,1,,,,,
10-07-2026,10-07-2026,CM,BSE,STK,941063,INE549K07IM2,MFL120526,F,,,,,MFL-12-5-28-NCD,985,985,985,985,985,988,,985,,,115,113275,1,F1,1,,,,,
10-07-2026,10-07-2026,CM,BSE,STK,941069,INE549K07ID1,MFL12526B,F,,,,,MFL-12-5-32-NCD,989,991,989,991,991,990,,991,,,250,247516,4,F1,1,,,,,
10-07-2026,10-07-2026,CM,BSE,STK,941087,INE05F407DV0,1050MML27,F,,,,,MML-10.50%-17-7-27-NCD,981,981,981,981,981,981,,981,,,10,9810,1,F1,1,,,,,
10-07-2026,10-07-2026,CM,BSE,STK,941103,INE532F07JE3,EFSL160626,F,,,,,EFSL-16-6-28-NCD,965,965,965,965,965,962,,965,,,100,96500,1,F1,1,,,,,
10-07-2026,10-07-2026,CM,BSE,STK,941119,INE532F07JF0,10EFSL036,F,,,,,EFSL-10%-16-6-36-NCD,992,992,992,992,992,992.11,,992,,,10,9920,1,F1,1,,,,,
10-07-2026,10-07-2026,CM,BSE,STK,941125,INE0IID07827,1275PCL31,F,,,,,PCL-12.75%-22-6-31-NCD,1006.99,1008.27,985,1006.9,1006.9,1010,,1006.9,,,8901,8961744,6,F1,1,,,,,
10-07-2026,10-07-2026,CM,BSE,STK,941127,INE549K07IP5,851MFL2028,F,,,,,MFL-8.51%-7-7-28-NCD,965.68,974.99,964,969.56,969.2,966.99,,969.56,,,4072,3948360,87,F1,1,,,,,
10-07-2026,10-07-2026,CM,BSE,STK,941129,INE549K07JA5,865MFL2029,F,,,,,MFL-8.65%-7-7-29-NCD,952.55,980,952.55,980,980,970,,980,,,1001,976337,24,F1,1,,,,,
10-07-2026,10-07-2026,CM,BSE,STK,941131,INE549K07IR1,879MFL2031,F,,,,,MFL-8.79%-7-7-31-NCD,980,980,967.05,967.05,967.05,980,,967.05,,,150,146102,3,F1,1,,,,,
10-07-2026,10-07-2026,CM,BSE,STK,941133,INE549K07IS9,888MFL2032,F,,,,,MFL-8.88%-7-7-32-NCD,990,999,967.06,982,982,986.81,,982,,,630,623374,15,F1,1,,,,,
10-07-2026,10-07-2026,CM,BSE,STK,941135,INE549K07IT7,885MFL2028,F,,,,,MFL-8.85%-7-7-28-NCD,981,984.5,965.5,980,980,988,,980,,,103,100106,12,F1,1,,,,,
10-07-2026,10-07-2026,CM,BSE,STK,941137,INE549K07IU5,9MFL2029,F,,,,,MFL-9%-7-7-29-NCD,988,990,988,990,990,990,,990,,,210,207670,9,F1,1,,,,,
10-07-2026,10-07-2026,CM,BSE,STK,941139,INE549K07IV3,915MFL2031,F,,,,,MFL-9.15%-7-7-31-NCD,970,990,970,990,990,970,,990,,,141,138403,8,F1,1,,,,,
10-07-2026,10-07-2026,CM,BSE,STK,941141,INE549K07IW1,925MFL2032,F,,,,,MFL-9.25%-7-7-32-NCD,990,990.01,988.9,989.26,990.01,990,,989.26,,,872,862752,21,F1,1,,,,,
10-07-2026,10-07-2026,CM,BSE,STK,941143,INE549K07IX9,MFL070726,F,,,,,MFL-7-7-28-NCD,966,970,956,970,970,980,,970,,,387,373867,36,F1,1,,,,,
10-07-2026,10-07-2026,CM,BSE,STK,941147,INE549K07IY7,MFL70726A,F,,,,,MFL-7-7-31-NCD,970,970,970,970,970,970,,970,,,50,48500,3,F1,1,,,,,
10-07-2026,10-07-2026,CM,BSE,STK,941149,INE549K07IQ3,MFL70726B,F,,,,,MFL-7-7-32-NCD,975,990,970,980.1,980.1,973.84,,980.1,,,377,367658,15,F1,1,,,,,
10-07-2026,10-07-2026,CM,BSE,STK,957810,INE540P07350,1015UPPC28,F,,,,,UPPCL-10.15%-20-1-28-PVT,1035000,1035000,1035000,1035000,1035000,1035000,,1035000,,,1,1035000,1,F1,1,,,,,
10-07-2026,10-07-2026,CM,BSE,STK,958025,INE00WJ08019,JFCZC28,F,,,,,JFC-ZC-27-6-28-PVT,10000000,10000000,10000000,10000000,10000000,10000000,,10000000,,,1,10000000,1,F1,1,,,,,
10-07-2026,10-07-2026,CM,BSE,STK,958178,INE01E708032,1032APCR26,F,,,,,APCRDA-10.32%-16-8-26-PVT,50200,50200,50200,50200,50200,50550,,50200,,,5,251000,1,F1,5,,,,,
10-07-2026,10-07-2026,CM,BSE,STK,961734,INE031A07840,82HUDCO27,F,,,,,HUDCO050327,1046.9,1046.9,1046.9,1046.9,1046.9,1047.98,,1043.5,,,1,1046,1,F1,1,,,,,
10-07-2026,10-07-2026,CM,BSE,STK,961779,INE020B07HS2,871REC28,F,,,,,871REC28,1114.05,1114.05,1114.05,1114.05,1114.05,1115.5,,1114.4,,,20,22281,1,F1,1,,,,,
10-07-2026,10-07-2026,CM,BSE,STK,961785,INE031A07949,876HUDCO28,F,,,,,876HUDCO28,1130.03,1130.03,1130.03,1130.03,1130.03,1130,,1136.46,,,9,10170,1,F1,1,,,,,
10-07-2026,10-07-2026,CM,BSE,STK,961798,INE787H07313,875IIFCL33,F,,,,,875IIFCL33,1245,1248.99,1245,1245.8,1248.99,1241.51,,1245.8,,,25,31144,2,F1,1,,,,,
10-07-2026,10-07-2026,CM,BSE,STK,961803,INE134E07448,879PFCL28,F,,,,,879PFC28,1127,1127,1124.99,1124.99,1124.99,1122.5,,1124.99,,,327,368172,4,F1,1,,,,,
10-07-2026,10-07-2026,CM,BSE,STK,961804,INE134E07463,892PFCL33,F,,,,,892PFC33,1271.1,1271.1,1271,1271.05,1271,1278,,1274.27,,,20,25420,2,F1,1,,,,,
10-07-2026,10-07-2026,CM,BSE,STK,961825,INE906B07DE1,850NHAI29,F,,,,,NHAI-8.5%-5-2-29-NCD,1099.1,1099.1,1099,1099.09,1099.09,1102.82,,1099.09,,,586,644015,8,F1,1,,,,,
10-07-2026,10-07-2026,CM,BSE,STK,961839,INE202E07138,880IREDA29,F,,,,,IREDA-8.80%-13-03-29-BOND,1123.67,1123.67,1101.35,1101.35,1101.35,1123.67,,1105.68,,,115,126877,9,F1,1,,,,,
10-07-2026,10-07-2026,CM,BSE,STK,961895,INE787H07420,880IIFCL29,F,,,,,IIFCL-8.8%-27-3-29-TFBOND,1100.05,1100.05,1100.05,1100.05,1100.05,1109.89,,1100.05,,,10,11000,2,F1,1,,,,,
10-07-2026,10-07-2026,CM,BSE,STK,972655,INE039A09NM1,1075IFCI26,F,,,,,IFCI-SR-I-10.75%-1-8-26-PVT,44726,45000,44500,45000,45000,44700,,45000,,,420,18832949,22,F1,10,,,,,
10-07-2026,10-07-2026,CM,BSE,STK,972657,INE039A09NL3,1075IFC26A,F,,,,,IFCI-D-10.75%-01-08-26-PVT,10943.5,10943.5,10943.5,10943.5,10943.5,10934.5,,10943.5,,,20,218870,1,F1,10,,,,,
10-07-2026,10-07-2026,CM,BSE,STK,972687,INE411L07031,1085WBSE26,F,,,,,WBSEDCL-10.85%-III-04-08-26-PV,1000100,1000100,1000100,1000100,1000100,1002100,,1000100,,,2,2000200,1,F1,1,,,,,
10-07-2026,10-07-2026,CM,BSE,STK,972722,INE039A09OX6,872IFCI27D,F,,,,,IFCI-8.72%V-31-3-27-D-PVT,5043,5043,5043,5043,5043,5015,,5043,,,4,20172,1,F1,1,,,,,
10-07-2026,10-07-2026,CM,BSE,STK,972893,INE560K07110,915PIFS27A,F,,,,,PTCIFS-9.15%-30-3-27-PVT,17350,17350,17350,17350,17350,17350,,17350,,,10,173500,1,F1,1,,,,,
10-07-2026,10-07-2026,CM,BSE,STK,973491,INE516Y07444,675PFL31,F,,,,,PFL-6.75%-26-9-31-PVT,740.64,741.95,740.64,740.71,740.71,740.51,,740.71,,,232,171904,4,F1,1,,,,,
10-07-2026,10-07-2026,CM,BSE,STK,973881,INE540P07426,97UPPCL31,F,,,,,UPCL-9.7%-31-3-31-PVT,1056001.01,1064770,1056001.01,1064770,1064770,1050000,,1064770,,,5,5290872,4,F1,1,,,,,
10-07-2026,10-07-2026,CM,BSE,STK,973883,INE540P07434,97UPPCL32,F,,,,,UPCL-9.7%-22-3-32-PVT,1056600,1056600,1056600,1056600,1056600,1064915.45,,1056600,,,7,7396200,1,F1,1,,,,,
10-07-2026,10-07-2026,CM,BSE,STK,974634,INE468N07615,EELZC27,F,,,,,EEL-ZC-26-2-27-PVT,139305,139305,139300,139300,139300,137846.97,,139300,,,10,1393005,4,F1,1,,,,,
10-07-2026,10-07-2026,CM,BSE,STK,974749,INE760I07086,1055MECL33,F,,,,,MECL-10.55%-3-4-33-PVT,111250,111250,111250,111250,111250,110000,,111250,,,1,111250,1,F1,1,,,,,
10-07-2026,10-07-2026,CM,BSE,STK,974998,INE515Q08226,1240AFPL29,F,,,,,AFPL-12.40%-24-4-29-PVT,103000,103000,103000,103000,103000,103000,,103000,,,2,206000,2,F1,1,,,,,
10-07-2026,10-07-2026,CM,BSE,STK,974999,INE836K07056,EFCL280723,F,,,,,EFCL-8-4-27-PVT,134296,134296,134296,134296,134296,134260,,134296,,,1,134296,1,F1,1,,,,,
10-07-2026,10-07-2026,CM,BSE,STK,975057,INE818W08099,1125ESFB29,F,,,,,ESAFSFBL-11.25%-4-5-29-PVT,103238.2,103238.2,103238.2,103238.2,103238.2,103000,,103238.2,,,10,1032382,2,F1,1,,,,,
10-07-2026,10-07-2026,CM,BSE,STK,975229,INE982X08091,1420SML29,F,,,,,SML-14.20%-30-4-29-PVT,96500,96701,96500,96701,96701,96500,,96701,,,3,289902,3,F1,1,,,,,
10-07-2026,10-07-2026,CM,BSE,STK,975280,INE612U08041,13EFL29,F,,,,,EFL-13%-28-6-29-PVT,107500,107500,107500,107500,107500,107000,,107500,,,10,1075000,3,F1,1,,,,,
10-07-2026,10-07-2026,CM,BSE,STK,975306,INE01ZK07KC5,1050HFL27B,F,,,,,HFLTD-10.50%-5-10-27-PVT,100258.9,100258.9,100258.9,100258.9,100258.9,100230.14,,100258.9,,,5,501294,1,F1,1,,,,,
10-07-2026,10-07-2026,CM,BSE,STK,975375,INE982X08109,1385SML29,F,,,,,SML-13.85%-12-7-29-PVT,93500,93500,93500,93500,93500,95051,,93500,,,1,93500,1,F1,1,,,,,
10-07-2026,10-07-2026,CM,BSE,STK,975437,INE420C07098,995PDL34A,F,,,,,PDL-9.95%-24-2-34-PVT,100654,101172,100654,101172,101172,100900,,101172,,,6,605996,2,F1,1,,,,,
10-07-2026,10-07-2026,CM,BSE,STK,975453,INE549K08475,1005MFL29B,F,,,,,MFL-10.05%-31-12-29-PVT,100200,100200,100200,100200,100200,100100,,100200,,,1,100200,1,F1,1,,,,,
10-07-2026,10-07-2026,CM,BSE,STK,975571,INE468N07BC5,EEL280324,F,,,,,EEL-27-01-27-PVT,139125,139126,112247,124500,124500,140118,,124500,,,7,888498,4,F1,1,,,,,
10-07-2026,10-07-2026,CM,BSE,STK,975572,INE468N07BD3,EEL280324A,F,,,,,EEL-26-11-27-PVT,116822,145124,116475,140549,140549,145452,,140549,,,7,918755,7,F1,1,,,,,
10-07-2026,10-07-2026,CM,BSE,STK,975694,INE138I08083,0MSFL26A,F,,,,,MSFL-ZC-29-8-26-PVT,124698,124698,124698,124698,124698,124663,,124698,,,102,12719196,1,F1,1,,,,,
10-07-2026,10-07-2026,CM,BSE,STK,975713,INE08XP07217,119ACAP26,F,,,,,ACAPL-11.90%-3-12-26-PVT,38400,38400,38400,38400,38400,32000,,38400,,,1,38400,1,F1,1,,,,,
10-07-2026,10-07-2026,CM,BSE,STK,975790,INE735W08053,11USFBL31,F,,,,,USFBL-11%-28-6-31-PVT,101599,101599,101599,101599,101599,100001.5,,101599,,,4,406396,2,F1,1,,,,,
10-07-2026,10-07-2026,CM,BSE,STK,975903,INE468N07BJ0,EEL130826,F,,,,,EEL-13-8-26-PVT,119411,119411,119411,119411,119411,119350,,119411,,,20,2388220,3,F1,1,,,,,
10-07-2026,10-07-2026,CM,BSE,STK,975941,INE836B07881,1025SCNL26,F,,,,,SCNL-10.25%-21-8-26-PVT,98900,98900,98900,98900,98900,98900,,98900,,,2,197800,1,F1,1,,,,,
10-07-2026,10-07-2026,CM,BSE,STK,976036,INE549K08509,1045MFL32,F,,,,,MFL-10.45%-24-12-32-PVT,10148.37,10148.37,10148.37,10148.37,10148.37,10001,,10148.37,,,4,40593,1,F1,1,,,,,
10-07-2026,10-07-2026,CM,BSE,STK,976089,INE658F08250,949KIIFB33,F,,,,,KIIFB-9.49%-8-10-33-PVT,102500,102500,102500,102500,102500,104999,,102500,,,1,102500,1,F1,1,,,,,
10-07-2026,10-07-2026,CM,BSE,STK,976293,INE658F08318,942KIIFB34,F,,,,,KIIFB-9.4%-30-12-34-PVT,102000,102736.35,102000,102736.35,102736.35,102000,,102736.35,,,10,1021472,2,F1,1,,,,,
10-07-2026,10-07-2026,CM,BSE,STK,976304,INE501X07646,1010AFL27,F,,,,,AFL-10.10%-31-3-27-PVT,32750.55,32766,32750.55,32766,32766,32750.55,,32766,,,2,65516,2,F1,1,,,,,
10-07-2026,10-07-2026,CM,BSE,STK,976307,INE528L07115,108EAAAL27,F,,,,,EAAAL-10.80%-2-7-27-PVT,106376,106376,106376,106376,106376,106180.33,,106376,,,10,1063760,2,F1,1,,,,,
10-07-2026,10-07-2026,CM,BSE,STK,976325,INE342T07544,1075NFL27,F,,,,,NFL-10.75%-31-12-27-PVT,9988,10025,9980,10024,10024,9988.01,,10024,,,243,2434351,29,F1,1,,,,,
10-07-2026,10-07-2026,CM,BSE,STK,976377,INE468N07BM4,EEL310125,F,,,,,EEL-DISC-31-1-28-PVT,114693,114693,114693,114693,114693,114633,,114693,,,1,114693,1,F1,1,,,,,
10-07-2026,10-07-2026,CM,BSE,STK,976392,INE583D07547,1002UCL26,F,,,,,UCL-10.02%-7-8-26-PVT,10009,10009,10009,10009,10009,9969,,10009,,,5,50045,1,F1,1,,,,,
10-07-2026,10-07-2026,CM,BSE,STK,976419,INE321N07525,960IFSL27,F,,,,,IFSL-9.60%-16-8-27-PVT,101899.78,101899.78,101899.78,101899.78,101899.78,100428.51,,101899.78,,,1,101899,1,F1,1,,,,,
10-07-2026,10-07-2026,CM,BSE,STK,976421,INE04VS07362,975OFS27,F,,,,,OFSL-9.75%-18-2-27-PVT,9889,9889,9889,9889,9889,9464.3,,9889,,,22,217558,4,F1,1,,,,,
10-07-2026,10-07-2026,CM,BSE,STK,976423,INE0BUS07BN6,11IML026,F,,,,,IML-11%-18-8-26-PVT,9954,9954,9954,9954,9954,9930,,9954,,,7,69678,1,F1,1,,,,,
10-07-2026,10-07-2026,CM,BSE,STK,976427,INE882Z08023,1115MHF30,F,,,,,MHFCL-11.15%-20-8-30-PVT,100000,100000,100000,100000,100000,102000,,100000,,,2,200000,2,F1,1,,,,,
10-07-2026,10-07-2026,CM,BSE,STK,976437,INE342T07569,1060NFL27,F,,,,,NFL-10.60%-21-5-27-PVT,9980,9980,9980,9980,9980,9947,,9980,,,1,9980,1,F1,1,,,,,
10-07-2026,10-07-2026,CM,BSE,STK,976448,INE01YL07334,1090ESP26A,F,,,,,ESPL-10.90%-4-2-26-PVT,100000,100000,98870.55,99500,99500,100000,,99500,,,12,1193870,4,F1,1,,,,,
10-07-2026,10-07-2026,CM,BSE,STK,976489,INE342T07577,1060NFL26,F,,,,,NFL-10.60%-10-9-26-PVT,10015,10015,10015,10015,10015,9990,,10015,,,10,100150,1,F1,1,,,,,
10-07-2026,10-07-2026,CM,BSE,STK,976492,INE296Q07118,1175MBFL27,F,,,,,MFL-11.75%-13-3-27-PVT,8640,8640,6000,8112,6000,7200,,8112,,,6,49200,3,F1,1,,,,,
10-07-2026,10-07-2026,CM,BSE,STK,976497,INE076I07020,11RDCCL28,F,,,,,RDCCL-11%-12-3-28-PVT,96000,96000,96000,96000,96000,95000,,96000,,,1,96000,1,F1,1,,,,,
10-07-2026,10-07-2026,CM,BSE,STK,976530,INE549K08533,1026MFCL30,F,,,,,MFCL-10.26%-24-12-30-PVT,10199,10199,10199,10199,10199,9600,,10199,,,10,101990,1,F1,1,,,,,
10-07-2026,10-07-2026,CM,BSE,STK,976600,INE076I07038,11RDCCIL28,F,,,,,RDCCIL-11%-02-04-28-PVT,98897.19,98897.19,98897.19,98897.19,98897.19,98827.55,,98897.19,,,3,296691,1,F1,1,,,,,
10-07-2026,10-07-2026,CM,BSE,STK,976618,INE0BUS07BQ9,11IML26B,F,,,,,IML-11%-11-11-26-PVT,99779.69,99779.69,99779.69,99779.69,99779.69,99779.69,,99779.69,,,3,299339,1,F1,1,,,,,
10-07-2026,10-07-2026,CM,BSE,STK,976675,INE07HK07809,1065KSL26,F,,,,,KSL-10-.65%-06-11-26-PVT,100100,100100,100100,100100,100100,99951,,100100,,,2,200200,2,F1,1,,,,,
10-07-2026,10-07-2026,CM,BSE,STK,976712,INE549K08541,1040MFL33,F,,,,,MFL-10.40%-22-8-33-PVT,10151.99,10151.99,10151.99,10151.99,10151.99,10144,,10151.99,,,2,20303,2,F1,1,,,,,
10-07-2026,10-07-2026,CM,BSE,STK,976751,INE0BUS07BU1,1125IML27,F,,,,,IML-11.25%-03-02-27-PVT,99000,99500,99000,99500,99500,98130.35,,99500,,,8,795250,4,F1,1,,,,,
10-07-2026,10-07-2026,CM,BSE,STK,976757,INE939X07200,1130MBFL27,F,,,,,MBFL-11.30%-5-6-27-PVT,9921,9921,9921,9921,9921,9894,,9921,,,3,29763,1,F1,1,,,,,
10-07-2026,10-07-2026,CM,BSE,STK,976776,INE0NES07188,112KFL26,F,,,,,KFL-11.20%-11-12-26-PVT,99199,99292.72,99199,99292.72,99292.72,99292.72,,99292.72,,,4,396889,3,F1,1,,,,,
10-07-2026,10-07-2026,CM,BSE,STK,976788,INE101Q07BH4,975MML27A,F,,,,,MML-9.75%-12-6-27-PVT,99500.55,99500.55,99500.55,99500.55,99500.55,99100.55,,99500.55,,,1,99500,1,F1,1,,,,,
10-07-2026,10-07-2026,CM,BSE,STK,976808,INE342T07601,1075NFL28,F,,,,,NFL-10.75%-19-8-28-PVT,10015,10015,9999,10000,10000,10001.56,,10000,,,149,1490323,31,F1,1,,,,,
10-07-2026,10-07-2026,CM,BSE,STK,976825,INE932X07015,1075SISL27,F,,,,,SISL-10.75%-10-06-27-PVT,100506.58,100506.58,100506.58,100506.58,100506.58,100101,,100506.58,,,1,100506,1,F1,1,,,,,
10-07-2026,10-07-2026,CM,BSE,STK,976832,INE01HV07569,965VCL27,F,,,,,VCL-9.65%-5-2-27,9900,9900,9900,9900,9900,9999,,9900,,,2,19800,2,F1,1,,,,,
10-07-2026,10-07-2026,CM,BSE,STK,976872,INE501X07703,1025AFL27,F,,,,,AFL-10.25%-30-06-27-PVT,98070.56,98070.56,98070.56,98070.56,98070.56,99425,,98070.56,,,1,98070,1,F1,1,,,,,
10-07-2026,10-07-2026,CM,BSE,STK,976929,INE0BUS07BX5,12IML28,F,,,,,IML-12%-23-7-28-PVT,100000,100000,100000,100000,100000,101235.99,,100000,,,1,100000,1,F1,1,,,,,
10-07-2026,10-07-2026,CM,BSE,STK,976968,INE836K07312,EFCL300725,F,,,,,EFCL-30-10-28-PVT,108957,108957,108957,108957,108957,108930,,108957,,,1,108957,1,F1,1,,,,,
10-07-2026,10-07-2026,CM,BSE,STK,976970,INE681R08125,1025NBSP27,F,,,,,NBSPL-10.25%-30-01-27-PVT,101800,101800,101700,101700,101700,101930.81,,101700,,,6,610500,2,F1,1,,,,,
10-07-2026,10-07-2026,CM,BSE,STK,977016,INE443L07174,920BML28,F,,,,,BML-9.20%-12-8-28-PVT,102154,102154,102154,102154,102154,101204,,102154,,,1,102154,1,F1,1,,,,,
10-07-2026,10-07-2026,CM,BSE,STK,977017,INE342T07635,1030NFL27,F,,,,,NFL-10.30%-30-09-27-PVT,9980,9980,9938.3,9970,9970,9936.04,,9970,,,12,119626,8,F1,1,,,,,
10-07-2026,10-07-2026,CM,BSE,STK,977029,INE0NES07253,1140KFL27A,F,,,,,KFL-11.40%-12-05-27-PVT,98500,98500,98500,98500,98500,98500,,98500,,,20,1970000,2,F1,1,,,,,
10-07-2026,10-07-2026,CM,BSE,STK,977044,INE0NES07261,111KFL27,F,,,,,KFL-11.10%-19-8-27-PVT,9890,9890,9890,9890,9890,9775.05,,9890,,,1,9890,1,F1,1,,,,,
10-07-2026,10-07-2026,CM,BSE,STK,977073,INE01YL07391,1070ESP27,F,,,,,ESPL-10.70%-6-8-27-PVT,99710.01,99713.01,99710.01,99713.01,99713.01,99700,,99713.01,,,2,199423,2,F1,1,,,,,
10-07-2026,10-07-2026,CM,BSE,STK,977089,INE01HV07627,915VCL27,F,,,,,VCL-9.15%-04-11-27,9899,9899,9899,9899,9899,9750,,9899,,,10,98990,1,F1,1,,,,,
10-07-2026,10-07-2026,CM,BSE,STK,977093,INE138I08109,0MSFL27,F,,,,,MSFL-0%-9-9-27-PVT,108671,108671,108671,108671,108671,108642,,108671,,,67,7280957,1,F1,1,,,,,
10-07-2026,10-07-2026,CM,BSE,STK,977102,INE08KJ07134,11MGFL26,F,,,,,MGFL-11%-11-12-26-PVT,100009.32,100009.32,100009.32,100009.32,100009.32,99890.67,,100009.32,,,1,100009,1,F1,1,,,,,
10-07-2026,10-07-2026,CM,BSE,STK,977117,INE583D08081,1165UCL31,F,,,,,UCL-11.65%-15-3-31-PVT,98201,98350,98200,98250.33,98350,98200,,98250.33,,,3,294751,3,F1,1,,,,,
10-07-2026,10-07-2026,CM,BSE,STK,977159,INE08E807084,99SRFCPL27,F,,,,,SRFCPL-9.9%-26-10-27-PVT,98195,98195,98195,98195,98195,98711,,98195,,,1,98195,1,F1,1,,,,,
10-07-2026,10-07-2026,CM,BSE,STK,977200,INE146O08399,925HLFL31,F,,,,,HLFL-9.25%-9-7-31-PVT,106455.55,106455.55,106455.55,106455.55,106455.55,106475,,106455.55,,,1,106455,1,F1,1,,,,,
10-07-2026,10-07-2026,CM,BSE,STK,977226,INE0JZO07032,1350LLD29,F,,,,,LLDL-13.50%-30-01-29-PVT,101500,101500,101500,101500,101500,102297,,101500,,,5,507500,4,F1,1,,,,,
10-07-2026,10-07-2026,CM,BSE,STK,977241,INE0NES07287,1140KRFL27,F,,,,,KRFL-11.40%-24-10-27-PVT,9803.96,9803.96,9752.21,9753.01,9753.01,9750.1,,9753.01,,,24,234173,6,F1,1,,,,,
10-07-2026,10-07-2026,CM,BSE,STK,977249,INE101Q07BS1,930MML28,F,,,,,MML-9.30%-27-1-28-PVT,9825.1,9825.1,9825.1,9825.1,9825.1,9875,,9825.1,,,7,68775,1,F1,1,,,,,
10-07-2026,10-07-2026,CM,BSE,STK,977250,INE101Q07BR3,975MMLD28,F,,,,,MML-9.75%-27-10-28-PVT,9895,9900,9895,9900,9900,9895,,9900,,,23,227635,3,F1,1,,,,,
10-07-2026,10-07-2026,CM,BSE,STK,977261,INE01YL07409,1070ESPL28,F,,,,,ESPL-10.70%-08-01-28-PVT,100414.5,100414.5,100414.5,100414.5,100414.5,100070,,100414.5,,,5,502072,1,F1,1,,,,,
10-07-2026,10-07-2026,CM,BSE,STK,977280,INE046W07305,98MML27A,F,,,,,MML-9.8%-4-11-27-PVT,74500,74500,74500,74500,74500,74782,,74500,,,2,149000,2,F1,1,,,,,
10-07-2026,10-07-2026,CM,BSE,STK,977288,INE046W07313,99MML27,F,,,,,MML-9.9%-4-11-27-PVT,100200,100200,100200,100200,100200,99438,,100200,,,1,100200,1,F1,1,,,,,
10-07-2026,10-07-2026,CM,BSE,STK,977298,INE08XP07415,12ACAPL28A,F,,,,,ACAPL-12%-17-11-28-PVT,9588,9588,9500,9500,9500,9758,,9500,,,10,95612,3,F1,1,,,,,
10-07-2026,10-07-2026,CM,BSE,STK,977309,INE08XP07423,12ACAPL27B,F,,,,,ACAPL-12%-21-05-27-PVT,9775,9840,9775,9827,9820,9849.99,,9827,,,29,285030,13,F1,1,,,,,
10-07-2026,10-07-2026,CM,BSE,STK,977326,INE583D07620,950UCL27,F,,,,,UCL-9.50%-27-02-27-PVT,9851,9851,9851,9851,9851,9921,,9851,,,1,9851,1,F1,1,,,,,
10-07-2026,10-07-2026,CM,BSE,STK,977329,INE348L07340,89MFSL27,F,,,,,MFSL-8.9%-28-11-27-PVT,9800,9800,9800,9800,9800,9890,,9800,,,10,98000,1,F1,1,,,,,
10-07-2026,10-07-2026,CM,BSE,STK,977331,INE07HK07866,1050KSL27,F,,,,,KSL-10.50%-2-12-27-PVT,99400,99400,99001,99001,99001,100000,,99001,,,3,297402,2,F1,1,,,,,
10-07-2026,10-07-2026,CM,BSE,STK,977367,INE08XP07431,12ACAP27,F,,,,,ACAPL-12%-11-6-27-PVT,9892,9892,9801.02,9801.02,9801.02,9890,,9801.02,,,9,88665,3,F1,1,,,,,
10-07-2026,10-07-2026,CM,BSE,STK,977379,INE046W07354,995MML28,F,,,,,MML-9.95%-16-12-28-PVT,100100,100100,100100,100100,100100,99900,,100100,,,5,500500,1,F1,1,,,,,
10-07-2026,10-07-2026,CM,BSE,STK,977382,INE583D07638,999UCL29,F,,,,,UCL-9.99%-16-06-29-PVT,9999,9999,9999,9999,9999,9999,,9999,,,18,179982,2,F1,1,,,,,
10-07-2026,10-07-2026,CM,BSE,STK,977383,INE08XP07449,1250ACAP27,F,,,,,ACAPL-12.50%-17-01-27-PVT,4579,4589.99,4575,4585.49,4589.99,4578.97,,4585.49,,,36,164988,13,F1,1,,,,,
10-07-2026,10-07-2026,CM,BSE,STK,977396,INE08E807142,1050SRFC28,F,,,,,SRFCPL-10.50%-22-01-28-PVT,98000,98000,98000,98000,98000,98000,,98000,,,1,98000,1,F1,1,,,,,
10-07-2026,10-07-2026,CM,BSE,STK,977411,INE08KJ07175,11MGFLD27,F,,,,,MGFLD-11%-29-8-27-PVT,9935,9935,9935,9935,9935,9930,,9935,,,3,29805,2,F1,1,,,,,
10-07-2026,10-07-2026,CM,BSE,STK,977413,INE04SE07145,11CFPL27A,F,,,,,CFPL-11%-26-12-27-PVT,8640,8640,6000,6000,6000,7200,,6000,,,6,49200,4,F1,1,,,,,
10-07-2026,10-07-2026,CM,BSE,STK,977431,INE01YL07417,1050ESPL28,F,,,,,ESPL-10.50%-9-3-28-PVT,100000,100000,100000,100000,100000,98718.01,,100000,,,1,100000,1,F1,1,,,,,
10-07-2026,10-07-2026,CM,BSE,STK,977438,INE2PA715013,1140IRWL27,F,,,,,IRONWELL-11.40%-19-11-27-PTC,6000,6000,6000,6000,6000,6500,,6000,,,1,6000,1,F1,1,,,,,
10-07-2026,10-07-2026,CM,BSE,STK,977440,INE0JZO07040,13LLDL29,F,,,,,LLDL-13%-30-1-29-PVT,100799,100799,100510,100510,100510,100600,,100510,,,6,604229,5,F1,1,,,,,
10-07-2026,10-07-2026,CM,BSE,STK,977456,INE836B07907,1015SCNL28,F,,,,,SCNL-10.15%-13-7-28-PVT,9952,9952,9912,9912,9912,9952,,9912,,,15,149080,4,F1,1,,,,,
10-07-2026,10-07-2026,CM,BSE,STK,977468,INE658F08508,930KIIFB30,F,,,,,KIIFB-9.30%-21-01-30-PVT,100025,100612.35,100025,100612.35,100612.35,102000,,100612.35,,,3,300687,3,F1,1,,,,,
10-07-2026,10-07-2026,CM,BSE,STK,977470,INE658F08565,930KIIFB32,F,,,,,KIIFB-9.30%-21-01-32-PVT,101034.4,101034.4,101034.4,101034.4,101034.4,100960.58,,101034.4,,,10,1010344,4,F1,1,,,,,
10-07-2026,10-07-2026,CM,BSE,STK,977471,INE658F08516,930KIIFB33,F,,,,,KIIFB-9.30%-21-01-33-PVT,101209.68,101209.68,101209.68,101209.68,101209.68,101135.75,,101209.68,,,1,101209,1,F1,1,,,,,
10-07-2026,10-07-2026,CM,BSE,STK,977477,INE342T07668,1075NFL28A,F,,,,,NFL-10.75%-31-12-28-PVT,10004.99,10004.99,10000,10000,10000,10000,,10000,,,66,660015,13,F1,1,,,,,
10-07-2026,10-07-2026,CM,BSE,STK,977488,INE836B08319,12SCNL31,F,,,,,SCNL-12%-23-07-31-PVT,98400,98400,98400,98400,98400,98400,,98400,,,1,98400,1,F1,1,,,,,
10-07-2026,10-07-2026,CM,BSE,STK,977495,INE836K07320,0EFCL29,F,,,,,EFCL-ZC-30-4-29-PVT,105990,105990,104162,104162,104162,102000,,104162,,,2,210152,2,F1,1,,,,,
10-07-2026,10-07-2026,CM,BSE,STK,977532,INE138I08117,0MSAFL28,F,,,,,MSAFL-ZC-6-2-28-PVT,104250,104303,104250,104303,104303,104274,,104303,,,169,17627154,7,F1,1,,,,,
10-07-2026,10-07-2026,CM,BSE,STK,977534,INE08XP07464,1250ACAPL29,F,,,,,ACAPL-12.50%-06-02-29-PVT,9765,9765,9761,9761,9761,9755,,9761,,,10,97630,2,F1,1,,,,,
10-07-2026,10-07-2026,CM,BSE,STK,977541,INE0NES07303,12KFL28,F,,,,,KFL-12%-10-5-28-KFL,9822,9845,9820,9839.03,9838.04,9822.51,,9839.03,,,137,1347073,18,F1,1,,,,,
10-07-2026,10-07-2026,CM,BSE,STK,977546,INE08KJ07183,10MGFL27,F,,,,,MGFL-10%-11-05-27-PVT,7584,7584,7584,7584,7584,6320,,7584,,,19,144096,2,F1,1,,,,,
10-07-2026,10-07-2026,CM,BSE,STK,977558,INE14H407116,11FCPL28,F,,,,,FCPL-11%-26-8-28-PVT,9900,9900,9900,9900,9900,9850,,9900,,,15,148500,3,F1,1,,,,,
10-07-2026,10-07-2026,CM,BSE,STK,977564,INE549K08590,104MFL33,F,,,,,MFL-10.4%-30-12-33-PVT,10150,10150,10150,10150,10150,10148,,10150,,,50,507500,1,F1,1,,,,,
10-07-2026,10-07-2026,CM,BSE,STK,977576,INE926R07019,13UCIL27,F,,,,,UCIL-13%-24-5-27-PVT,9944.99,9975,9930,9940,9930,9870,,9940,,,8,79604,5,F1,1,,,,,
10-07-2026,10-07-2026,CM,BSE,STK,977596,INE01YL07433,105ESPL28,F,,,,,ESPL-10.50%-09-06-28-PVT,100721,100721,100721,100721,100721,100675,,100721,,,15,1510815,2,F1,1,,,,,
10-07-2026,10-07-2026,CM,BSE,STK,977633,INE00DJ07052,1250TCL30,F,,,,,TCL-12.50%-12-3-30-PVT,101200,101200,101200,101200,101200,101499,,101200,,,5,506000,3,F1,1,,,,,
10-07-2026,10-07-2026,CM,BSE,STK,977640,INE0BUS07CK0,10IML28,F,,,,,IML-10%-17-04-28-PVT,9651,9651,9651,9651,9651,9649,,9651,,,7,67557,4,F1,1,,,,,
10-07-2026,10-07-2026,CM,BSE,STK,977649,INE101Q07BW3,965MMCL28,F,,,,,MML-9.65%-18-09-28-PVT,9000.01,9750.02,9000.01,9750.02,9750.02,9825,,9750.02,,,8,72800,4,F1,1,,,,,
10-07-2026,10-07-2026,CM,BSE,STK,977651,INE04SE07160,11CFPL2028,F,,,,,CFPL-11%-18-03-28-PVT,7600,7600,7600,7600,7600,9500,,7600,,,1,7600,1,F1,1,,,,,
10-07-2026,10-07-2026,CM,BSE,STK,977657,INE04UP07162,125BCSL29,F,,,,,BCSL-12.5%-18-3-29-PVT,7920,7920,7920,7920,7920,6600,,7920,,,18,142560,3,F1,1,,,,,
10-07-2026,10-07-2026,CM,BSE,STK,977662,INE03K307132,1025SFL28A,F,,,,,SFL-10.25%-20-3-28-PVT,9820.5,9820.5,9820.5,9820.5,9820.5,9902.2,,9820.5,,,1,9820,1,F1,1,,,,,
10-07-2026,10-07-2026,CM,BSE,STK,977671,INE836K07338,EFCL24326,F,,,,,EFCL-ZC-25-06-29-PVT,101050,101050,101020,101020,101020,101050,,101020,,,2,202070,2,F1,1,,,,,
10-07-2026,10-07-2026,CM,BSE,STK,977676,INE964R07069,14RFL2027,F,,,,,RFL-14%-23-6-27-PVT,8040,8041.2,8040,8041.2,8041.2,6701,,8041.2,,,48,385944,5,F1,1,,,,,
10-07-2026,10-07-2026,CM,BSE,STK,977681,INE104W07260,11KFL27,F,,,,,KFL-11%-25-06-27-PVT,8000,8000,8000,8000,8000,0,,8000,,,1,8000,1,F1,1,,,,,
10-07-2026,10-07-2026,CM,BSE,STK,977700,INE04UP07170,1250BCSL29,F,,,,,BCSL-12.50%-30-3-29-PVT,8694,8694,7245,8401,8401,7245,,8401,,,101,745947,22,F1,1,,,,,
10-07-2026,10-07-2026,CM,BSE,STK,977725,INE0BUS07CL8,1050IML29,F,,,,,IML-10.50%-17-4-29-PVT,9829.61,9829.61,9829.61,9829.61,9829.61,9849.6,,9829.61,,,175,1720181,1,F1,1,,,,,
10-07-2026,10-07-2026,CM,BSE,STK,977732,INE0NES07329,12KFL27,F,,,,,KFL-12%-22-09-27-PVT,9761.01,9860,9761.01,9848.57,9850,9845,,9848.57,,,220,2159855,26,F1,1,,,,,
10-07-2026,10-07-2026,CM,BSE,STK,977740,INE926R07027,13UCIL28,F,,,,,UCIL-13%-23-4-28-PVT,9730,9785,9730,9785,9785,9775,,9785,,,23,224931,6,F1,1,,,,,
10-07-2026,10-07-2026,CM,BSE,STK,977753,INE572J07810,1125SSFL28,F,,,,,SSFL-11.25%-26-24-28-PVT,9930,9983.88,9900,9937.31,9983.88,9970.2,,9937.31,,,126,1249211,14,F1,1,,,,,
10-07-2026,10-07-2026,CM,BSE,STK,977757,INE03K307157,1175SFL27,F,,,,,SFL-11.75%-28-10-27-PVT,9401,9401,9401,9401,9401,10000,,9401,,,1,9401,1,F1,1,,,,,
10-07-2026,10-07-2026,CM,BSE,STK,977773,INE08XP07480,1280ACAP28,F,,,,,ACAP-12.80%-7-5-28-PVT,9950,9950,9925,9925,9925,9809,,9925,,,8,79475,4,F1,1,,,,,
10-07-2026,10-07-2026,CM,BSE,STK,977774,INE08XP07498,12ACAP27A,F,,,,,ACAP-12%-7-11-27-PVT,9900,9900,9550,9550,9550,10000,,9550,,,104,1003105,15,F1,1,,,,,
10-07-2026,10-07-2026,CM,BSE,STK,977787,INE146O08415,930HLFL32,F,,,,,HLFL-9.30%-14-12-32-PVT,101378.77,101378.77,101378.77,101378.77,101378.77,0,,101378.77,,,10,1013787,1,F1,1,,,,,
10-07-2026,10-07-2026,CM,BSE,STK,977801,INE101Q07CA7,930MML2028,F,,,,,MML-9.30%-20-11-28-PVT,9656,9899.69,9656,9750,9750,9750,,9750,,,52,510648,7,F1,1,,,,,
10-07-2026,10-07-2026,CM,BSE,STK,977806,INE926R07035,13UCIL2028,F,,,,,UCIL-13%-20-5-28-PVT,9714,9725,9714,9725,9725,9715,,9725,,,4,38878,2,F1,1,,,,,
10-07-2026,10-07-2026,CM,BSE,STK,977842,INE516Q07481,910AML2028,F,,,,,AML-9.10%-02-06-28-PVT,99838,99838,99838,99838,99838,99761,,99838,,,1,99838,1,F1,1,,,,,
10-07-2026,10-07-2026,CM,BSE,STK,977846,INE0NES07345,12KFL2028,F,,,,,KFL-12%-4-9-28-PVT,10030,10030,10023,10023,10023,10030,,10023,,,287,2876776,10,F1,1,,,,,
10-07-2026,10-07-2026,CM,BSE,STK,977855,INE0BUS08047,1225IML32,F,,,,,IML-12.25%-9-6-32-PVT,98150,98150,98150,98150,98150,98100,,98150,,,40,3926000,27,F1,1,,,,,
10-07-2026,10-07-2026,CM,BSE,STK,977868,INE342T07718,1030NFL028,F,,,,,NFL-10.30%-31-3-28-PVT,9900,9900,9900,9900,9900,9900,,9900,,,7,69300,3,F1,1,,,,,
10-07-2026,10-07-2026,CM,BSE,STK,977869,INE342T07726,1075NFL29,F,,,,,NFL-10.75%-31-8-29-PVT,10000,10000,10000,10000,10000,10000,,10000,,,9,90000,4,F1,1,,,,,
10-07-2026,10-07-2026,CM,BSE,STK,977875,INE0K0Y07013,MCIB15626,F,,,,,MCIB-NIFTY 150-14-6-29-PVT,213000,214500,213000,214500,214500,211000,,214500,,,2,427500,2,F1,1,,,,,
10-07-2026,10-07-2026,CM,BSE,STK,977880,INE0KH208027,0ANSPL28,F,,,,,ANSPL-ZC-17-06-28-PVT,100580,100580,100580,100580,100580,100580,,100580,,,50,5029000,1,F1,1,,,,,
10-07-2026,10-07-2026,CM,BSE,STK,977913,INE0K0Y08052,0MCIBPL280M,F,,,,,MCIBPL-ZC-28-06-28-PVT,100551,100630,100551,100617.5,100610,100527,,100617.5,,,11,1106505,8,F1,1,,,,,
10-07-2026,10-07-2026,CM,BSE,STK,977922,INE01ZK08687,1050HFL30A,F,,,,,HFL-10.50%-25-3-30-PVT,100431.5,100431.5,100431.5,100431.5,100431.5,100339.83,,100431.5,,,10,1004315,1,F1,1,,,,,
10-07-2026,10-07-2026,CM,BSE,STK,977923,INE01ZK08679,11HFL31B,F,,,,,HFL-11%-25-12-31-PVT,100452.05,100452.05,100452.05,100452.05,100452.05,100407.31,,100452.05,,,2,200904,1,F1,1,,,,,
10-07-2026,10-07-2026,CM,BSE,STK,977935,INE0I5X07042,1440MFSP27,F,,,,,MFSP-14.40%-1-10-27-PVT,10020,10020,10020,10020,10020,10000,,10020,,,2,20040,1,F1,1,,,,,
